,m/z A,m/z B,Covariance,Partial Cov.,Score,Ranking
0,666.376489,979.569313,2594217.4,1584406.1,741.86866,1
1,979.569313,666.376489,2594217.4,1584406.1,741.86866,1
2,979.234803,666.878039,2196874.2,1214157.9,591.87797,2
3,666.878039,979.234803,2196874.2,1214157.9,591.87797,2
4,666.376489,1017.264096,1084745.0,637666.79,495.0962,3
5,1017.264096,666.376489,1084745.0,637666.79,495.0962,3
6,666.376489,979.903227,781116.76,521644.99,453.9652,4
7,979.903227,666.376489,781116.76,521644.99,453.9652,4
8,915.492127,838.991864,212254.74,178111.2,449.79381,5
9,838.991864,915.492127,212254.74,178111.2,449.79381,5
10,751.390804,880.016825,140575.79,121830.31,428.20591,6
11,880.016825,751.390804,140575.79,121830.31,428.20591,6
12,979.569313,666.878039,1501163.4,765383.47,422.77796,7
13,666.878039,979.569313,1501163.4,765383.47,422.77796,7
14,1016.929882,666.376489,1113091.7,607707.05,417.87478,8
15,666.376489,1016.929882,1113091.7,607707.05,417.87478,8
16,1016.929882,666.878039,866604.55,498365.55,414.09131,9
17,666.878039,1016.929882,866604.55,498365.55,414.09131,9
18,666.376489,979.234803,2297368.6,948652.8,402.83867,10
19,979.234803,666.376489,2297368.6,948652.8,402.83867,10
20,879.766255,751.390804,118186.19,95386.693,396.24598,11
21,751.390804,879.766255,118186.19,95386.693,396.24598,11
22,839.242605,915.492127,106333.91,92880.102,388.35187,12
23,915.492127,839.242605,106333.91,92880.102,388.35187,12
24,589.295677,919.788407,164267.24,130623.24,379.20962,13
25,919.788407,589.295677,164267.24,130623.24,379.20962,13
26,978.90048,666.878039,834410.57,476442.97,376.27997,14
27,666.878039,978.90048,834410.57,476442.97,376.27997,14
28,667.379302,978.90048,303669.28,224905.8,370.64339,15
29,978.90048,667.379302,303669.28,224905.8,370.64339,15
30,654.888798,939.539827,266667.18,206693.69,365.79221,16
31,939.539827,654.888798,266667.18,206693.69,365.79221,16
32,860.500213,844.981826,159650.01,134503.18,358.78572,17
33,844.981826,860.500213,159650.01,134503.18,358.78572,17
34,941.22661,723.890445,52395.964,49659.09,351.99915,18
35,723.890445,941.22661,52395.964,49659.09,351.99915,18
36,939.038617,654.888798,221578.64,183911.78,346.65171,19
37,654.888798,939.038617,221578.64,183911.78,346.65171,19
38,825.984697,596.84668,452157.11,299569.92,339.0188,20
39,596.84668,825.984697,452157.11,299569.92,339.0188,20
40,842.887016,227.175957,2341084.2,715115.89,335.6221,21
41,227.175957,842.887016,2341084.2,715115.89,335.6221,21
42,623.295357,911.790335,82915.163,68670.761,329.93801,22
43,911.790335,623.295357,82915.163,68670.761,329.93801,22
44,915.492127,867.263076,104343.2,85717.933,329.84413,23
45,867.263076,915.492127,104343.2,85717.933,329.84413,23
46,652.864326,793.473007,149627.22,126388.86,327.27571,24
47,793.473007,652.864326,149627.22,126388.86,327.27571,24
48,723.890445,940.891614,43509.655,41685.712,326.921,25
49,940.891614,723.890445,43509.655,41685.712,326.921,25
50,597.348212,825.733908,167611.95,138692.12,325.87976,26
51,825.733908,597.348212,167611.95,138692.12,325.87976,26
52,920.039152,589.295677,99661.75,85983.334,325.44723,27
53,589.295677,920.039152,99661.75,85983.334,325.44723,27
54,1017.597973,666.376489,378977.63,249718.05,319.1647,28
55,666.376489,1017.597973,378977.63,249718.05,319.1647,28
56,654.888798,930.534678,150089.4,128640.33,317.73412,29
57,930.534678,654.888798,150089.4,128640.33,317.73412,29
58,1009.589842,612.331443,150550.33,125098.25,316.98482,30
59,612.331443,1009.589842,150550.33,125098.25,316.98482,30
60,752.393932,879.766255,65809.104,55045.96,316.23465,31
61,879.766255,752.393932,65809.104,55045.96,316.23465,31
62,597.348212,826.235368,301619.27,221754.83,313.87812,32
63,826.235368,597.348212,301619.27,221754.83,313.87812,32
64,612.331443,1015.264905,116826.57,94537.758,313.41019,33
65,1015.264905,612.331443,116826.57,94537.758,313.41019,33
66,912.041241,623.295357,73299.257,59971.676,312.98736,34
67,623.295357,912.041241,73299.257,59971.676,312.98736,34
68,733.679412,781.958207,215867.9,162319.61,309.374,35
69,781.958207,733.679412,215867.9,162319.61,309.374,35
70,761.699887,240.134815,202368.54,131612.24,308.26354,36
71,240.134815,761.699887,202368.54,131612.24,308.26354,36
72,980.237222,666.376489,172512.92,143748.1,306.7385,37
73,666.376489,980.237222,172512.92,143748.1,306.7385,37
74,826.235368,966.518345,229925.21,155775.25,304.5052,38
75,966.518345,826.235368,229925.21,155775.25,304.5052,38
76,654.888798,930.03303,145714.68,122515.56,304.16851,39
77,930.03303,654.888798,145714.68,122515.56,304.16851,39
78,733.679412,772.952856,145357.41,115524.42,302.76678,40
79,772.952856,733.679412,145357.41,115524.42,302.76678,40
80,284.197505,842.887016,328946.02,201763.98,302.15843,41
81,842.887016,284.197505,328946.02,201763.98,302.15843,41
82,1016.595062,666.878039,347829.5,218756.73,301.30722,42
83,666.878039,1016.595062,347829.5,218756.73,301.30722,42
84,858.259089,532.798998,86635.228,71581.706,299.87227,43
85,532.798998,858.259089,86635.228,71581.706,299.87227,43
86,597.348212,825.984697,284905.01,200678.27,293.59774,44
87,825.984697,597.348212,284905.01,200678.27,293.59774,44
88,596.84668,826.486044,211017.24,153866.53,287.36948,45
89,826.486044,596.84668,211017.24,153866.53,287.36948,45
90,912.29208,623.295357,39402.238,34409.133,286.94749,46
91,623.295357,912.29208,39402.238,34409.133,286.94749,46
92,659.868399,977.570155,138558.47,107374.66,286.17959,47
93,977.570155,659.868399,138558.47,107374.66,286.17959,47
94,1016.595062,667.379302,140359.64,111959.81,285.39021,48
95,667.379302,1016.595062,140359.64,111959.81,285.39021,48
96,596.84668,826.235368,361507.75,216823.42,283.92799,49
97,826.235368,596.84668,361507.75,216823.42,283.92799,49
98,939.539827,654.63795,137778.6,111578.66,283.76529,50
99,654.63795,939.539827,137778.6,111578.66,283.76529,50
100,725.415877,761.699887,571057.17,349984.15,281.97991,51
101,761.699887,725.415877,571057.17,349984.15,281.97991,51
102,399.224905,819.881984,572916.77,262388.43,280.45872,52
103,819.881984,399.224905,572916.77,262388.43,280.45872,52
104,940.041288,654.888798,122568.64,97938.172,280.13457,53
105,654.888798,940.041288,122568.64,97938.172,280.13457,53
106,939.038617,655.139451,122391.65,99527.039,276.19988,54
107,655.139451,939.038617,122391.65,99527.039,276.19988,54
108,612.331443,1009.924226,108149.04,89231.803,274.62021,55
109,1009.924226,612.331443,108149.04,89231.803,274.62021,55
110,761.950532,725.415877,469823.75,297284.44,274.32356,56
111,725.415877,761.950532,469823.75,297284.44,274.32356,56
112,1192.688184,657.586985,36558.214,34509.881,272.88709,57
113,657.586985,1192.688184,36558.214,34509.881,272.88709,57
114,898.193825,844.981826,61159.23,54163.651,271.31732,58
115,844.981826,898.193825,61159.23,54163.651,271.31732,58
116,793.723885,652.864326,253845.43,180267.28,270.17257,59
117,652.864326,793.723885,253845.43,180267.28,270.17257,59
118,844.981826,860.164727,71198.325,63467.124,269.69951,60
119,860.164727,844.981826,71198.325,63467.124,269.69951,60
120,939.038617,655.389999,75493.701,68813.979,267.41164,61
121,655.389999,939.038617,75493.701,68813.979,267.41164,61
122,915.492127,838.741492,136380.47,95890.87,266.19432,62
123,838.741492,915.492127,136380.47,95890.87,266.19432,62
124,666.376489,791.470501,491945.85,293589.44,265.03787,63
125,791.470501,666.376489,491945.85,293589.44,265.03787,63
126,825.984697,540.304585,235617.34,163808.83,264.90113,64
127,540.304585,825.984697,235617.34,163808.83,264.90113,64
128,793.974537,1095.561522,237000.84,142161.09,264.51142,65
129,1095.561522,793.974537,237000.84,142161.09,264.51142,65
130,825.984697,967.521518,154986.59,111643.85,262.47982,66
131,967.521518,825.984697,154986.59,111643.85,262.47982,66
132,838.741492,916.495374,73975.678,60098.797,262.36543,67
133,916.495374,838.741492,73975.678,60098.797,262.36543,67
134,240.134815,1193.690886,15514.231,12381.75,262.31565,68
135,1193.690886,240.134815,15514.231,12381.75,262.31565,68
136,724.391715,940.891614,31815.499,30563.172,261.93001,69
137,940.891614,724.391715,31815.499,30563.172,261.93001,69
138,1321.730892,635.380298,27413.224,25732.26,260.67215,70
139,635.380298,1321.730892,27413.224,25732.26,260.67215,70
140,751.390804,880.267737,50329.637,42198.302,260.67016,71
141,880.267737,751.390804,50329.637,42198.302,260.67016,71
142,838.422605,858.008507,56015.658,46283.112,260.59253,72
143,858.008507,838.422605,56015.658,46283.112,260.59253,72
144,595.820637,793.974537,126240.79,100795.03,258.79254,73
145,793.974537,595.820637,126240.79,100795.03,258.79254,73
146,666.878039,1011.255804,175048.55,135085.8,256.74919,74
147,1011.255804,666.878039,175048.55,135085.8,256.74919,74
148,974.229434,666.376489,208724.37,145601.66,256.59024,75
149,666.376489,974.229434,208724.37,145601.66,256.59024,75
150,781.958207,733.428756,234370.86,165848.48,254.31672,76
151,733.428756,781.958207,234370.86,165848.48,254.31672,76
152,1064.592246,687.008741,26943.81,26727.01,252.30846,77
153,687.008741,1064.592246,26943.81,26727.01,252.30846,77
154,915.492127,867.012796,84276.553,68952.194,252.09154,78
155,867.012796,915.492127,84276.553,68952.194,252.09154,78
156,860.832684,844.48102,97752.304,74344.262,251.13001,79
157,844.48102,860.832684,97752.304,74344.262,251.13001,79
158,725.917768,972.22912,221863.45,150139.64,251.1102,80
159,972.22912,725.917768,221863.45,150139.64,251.1102,80
160,1009.589842,612.832898,100630.09,82631.336,249.55274,81
161,612.832898,1009.589842,100630.09,82631.336,249.55274,81
162,200.177897,853.890615,120022.31,78852.372,249.22245,82
163,853.890615,200.177897,120022.31,78852.372,249.22245,82
164,793.723885,1096.563886,142518.56,101519.78,247.85554,83
165,1096.563886,793.723885,142518.56,101519.78,247.85554,83
166,668.873655,972.563203,104220.59,82217.545,246.67969,84
167,972.563203,668.873655,104220.59,82217.545,246.67969,84
168,652.362884,793.974537,242293.71,172229.72,246.57921,85
169,793.974537,652.362884,242293.71,172229.72,246.57921,85
170,843.879908,833.282674,203728.77,162303.06,245.30119,86
171,833.282674,843.879908,203728.77,162303.06,245.30119,86
172,867.263076,916.495374,53580.689,47197.306,244.29864,87
173,916.495374,867.263076,53580.689,47197.306,244.29864,87
174,652.362884,794.225098,122198.04,94396.926,243.52915,88
175,794.225098,652.362884,122198.04,94396.926,243.52915,88
176,532.798998,858.508539,55911.612,49419.203,243.1094,89
177,858.508539,532.798998,55911.612,49419.203,243.1094,89
178,199.18097,666.878039,7335726.3,620864.83,242.66813,90
179,666.878039,199.18097,7335726.3,620864.83,242.66813,90
180,977.570155,669.375009,223345.88,150165.36,241.47076,91
181,669.375009,977.570155,223345.88,150165.36,241.47076,91
182,801.448824,793.473007,110451.51,73899.804,241.3258,92
183,793.473007,801.448824,110451.51,73899.804,241.3258,92
184,930.03303,655.139451,77389.475,63307.1,238.74347,93
185,655.139451,930.03303,77389.475,63307.1,238.74347,93
186,761.432281,916.198213,43599.456,41535.021,236.41587,94
187,916.198213,761.432281,43599.456,41535.021,236.41587,94
188,773.45457,733.178036,79126.214,63776.124,235.35512,95
189,733.178036,773.45457,79126.214,63776.124,235.35512,95
190,858.008507,532.798998,64634.574,54415.498,234.9488,96
191,532.798998,858.008507,64634.574,54415.498,234.9488,96
192,801.448824,867.251622,43156.774,38900.92,234.73863,97
193,867.251622,801.448824,43156.774,38900.92,234.73863,97
194,868.705192,749.939297,790143.27,540548.86,233.35241,98
195,749.939297,868.705192,790143.27,540548.86,233.35241,98
196,833.482767,822.077811,148764.15,128796.42,232.711,99
197,822.077811,833.482767,148764.15,128796.42,232.711,99
198,533.300365,857.757291,37317.492,35145.443,232.31713,100
199,857.757291,533.300365,37317.492,35145.443,232.31713,100
200,668.873655,972.22912,203878.31,132091.62,231.96608,101
201,972.22912,668.873655,203878.31,132091.62,231.96608,101
202,704.014457,978.564444,67158.123,61757.544,231.9005,102
203,978.564444,704.014457,67158.123,61757.544,231.9005,102
204,916.533813,589.295677,54142.696,44147.106,231.05354,103
205,589.295677,916.533813,54142.696,44147.106,231.05354,103
206,697.384427,953.221515,26330.645,24930.749,230.93824,104
207,953.221515,697.384427,26330.645,24930.749,230.93824,104
208,612.331443,1015.599005,96327.88,73572.668,230.77969,105
209,1015.599005,612.331443,96327.88,73572.668,230.77969,105
210,540.304585,844.48102,78692.367,59571.689,230.39399,106
211,844.48102,540.304585,78692.367,59571.689,230.39399,106
212,836.485229,825.733908,218170.4,183028.13,229.85239,107
213,825.733908,836.485229,218170.4,183028.13,229.85239,107
214,1010.92244,666.878039,156758.01,102682.66,229.2816,108
215,666.878039,1010.92244,156758.01,102682.66,229.2816,108
216,749.605018,833.693168,347150.3,319468.85,228.82469,109
217,833.693168,749.605018,347150.3,319468.85,228.82469,109
218,798.872094,843.087334,235409.45,194836.8,227.17329,110
219,843.087334,798.872094,235409.45,194836.8,227.17329,110
220,825.984697,727.755643,375934.8,285116.68,227.05119,111
221,727.755643,825.984697,375934.8,285116.68,227.05119,111
222,761.933074,915.864489,43528.627,41062.729,226.86781,112
223,915.864489,761.933074,43528.627,41062.729,226.86781,112
224,977.235681,660.369928,60248.342,49066.078,226.35002,113
225,660.369928,977.235681,60248.342,49066.078,226.35002,113
226,749.605018,708.907703,513801.33,393718.51,226.04015,114
227,708.907703,749.605018,513801.33,393718.51,226.04015,114
228,1208.646201,793.473007,53632.789,44761.937,225.16693,115
229,793.473007,1208.646201,53632.789,44761.937,225.16693,115
230,801.448824,747.43763,54435.431,45286.743,224.80124,116
231,747.43763,801.448824,54435.431,45286.743,224.80124,116
232,590.299073,919.537683,37459.96,31184.999,224.76314,117
233,919.537683,590.299073,37459.96,31184.999,224.76314,117
234,1095.63655,847.283102,115811.6,100299.05,224.06058,118
235,847.283102,1095.63655,115811.6,100299.05,224.06058,118
236,873.182981,825.953637,35925.721,34675.493,223.92462,119
237,825.953637,873.182981,35925.721,34675.493,223.92462,119
238,873.704417,582.84918,172174.68,123776.54,223.7368,120
239,582.84918,873.704417,172174.68,123776.54,223.7368,120
240,858.259089,533.300365,61297.593,51680.567,223.73485,121
241,533.300365,858.259089,61297.593,51680.567,223.73485,121
242,971.895169,669.375009,173466.6,117079.73,223.15363,122
243,669.375009,971.895169,173466.6,117079.73,223.15363,122
244,851.087763,199.18097,15989507.0,1285722.9,222.85227,123
245,199.18097,851.087763,15989507.0,1285722.9,222.85227,123
246,782.963176,844.883635,54810.528,50930.664,222.49159,124
247,844.883635,782.963176,54810.528,50930.664,222.49159,124
248,907.785515,749.605018,330953.65,284435.34,222.18112,125
249,749.605018,907.785515,330953.65,284435.34,222.18112,125
250,867.501271,666.376489,369386.0,220556.62,222.07488,126
251,666.376489,867.501271,369386.0,220556.62,222.07488,126
252,733.929994,772.952856,76172.686,66655.783,221.71184,127
253,772.952856,733.929994,76172.686,66655.783,221.71184,127
254,973.227869,657.37129,34335.355,32141.907,221.45053,128
255,657.37129,973.227869,34335.355,32141.907,221.45053,128
256,839.491484,749.772164,1056248.9,645537.58,220.9284,129
257,749.772164,839.491484,1056248.9,645537.58,220.9284,129
258,973.324192,1009.589842,67249.12,59550.386,220.76736,130
259,1009.589842,973.324192,67249.12,59550.386,220.76736,130
260,612.832898,1009.257017,50036.555,42300.473,219.0011,131
261,1009.257017,612.832898,50036.555,42300.473,219.0011,131
262,960.561363,666.376489,153208.43,101730.26,218.87872,132
263,666.376489,960.561363,153208.43,101730.26,218.87872,132
264,844.48102,860.164727,65592.026,56499.963,218.69708,133
265,860.164727,844.48102,65592.026,56499.963,218.69708,133
266,539.278598,1052.622261,21964.762,19843.037,218.62739,134
267,1052.622261,539.278598,21964.762,19843.037,218.62739,134
268,1015.599005,612.832898,73393.933,57302.306,218.57628,135
269,612.832898,1015.599005,73393.933,57302.306,218.57628,135
270,848.488103,216.134732,49016.609,40471.102,218.36422,136
271,216.134732,848.488103,49016.609,40471.102,218.36422,136
272,623.295357,790.668464,68657.676,53834.692,218.31699,137
273,790.668464,623.295357,68657.676,53834.692,218.31699,137
274,635.380298,595.820637,35808.179,33769.605,218.30271,138
275,595.820637,635.380298,35808.179,33769.605,218.30271,138
276,877.109129,793.473007,2724938.7,968708.16,216.94838,139
277,793.473007,877.109129,2724938.7,968708.16,216.94838,139
278,854.00457,666.878039,267065.96,144887.14,216.90017,140
279,666.878039,854.00457,267065.96,144887.14,216.90017,140
280,971.895169,659.868399,95365.205,71337.536,216.83099,141
281,659.868399,971.895169,95365.205,71337.536,216.83099,141
282,985.09162,666.878039,111508.53,67486.3,216.42196,142
283,666.878039,985.09162,111508.53,67486.3,216.42196,142
284,746.603156,749.605018,1381829.0,803651.71,216.39404,143
285,749.605018,746.603156,1381829.0,803651.71,216.39404,143
286,655.139451,939.539827,120276.89,83871.663,216.36722,144
287,939.539827,655.139451,120276.89,83871.663,216.36722,144
288,847.682695,898.193825,92991.551,83004.219,216.26931,145
289,898.193825,847.682695,92991.551,83004.219,216.26931,145
290,916.495374,790.267516,102930.28,76225.369,216.16208,146
291,790.267516,916.495374,102930.28,76225.369,216.16208,146
292,652.362884,825.733908,112757.78,88496.305,215.71737,147
293,825.733908,652.362884,112757.78,88496.305,215.71737,147
294,240.134815,1192.688184,13585.684,10399.943,215.68914,148
295,1192.688184,240.134815,13585.684,10399.943,215.68914,148
296,858.508539,845.085488,135714.76,118727.01,215.66365,149
297,845.085488,858.508539,135714.76,118727.01,215.66365,149
298,716.628541,915.864489,61292.447,54756.237,215.53538,150
299,915.864489,716.628541,61292.447,54756.237,215.53538,150
300,760.853815,971.895169,172768.3,139747.67,215.47635,151
301,971.895169,760.853815,172768.3,139747.67,215.47635,151
302,946.810383,730.924815,269065.9,232257.99,214.75156,152
303,730.924815,946.810383,269065.9,232257.99,214.75156,152
304,782.066138,200.177897,17425.396,15851.905,214.64223,153
305,200.177897,782.066138,17425.396,15851.905,214.64223,153
306,526.307017,1009.589842,44550.403,39565.696,214.26213,154
307,1009.589842,526.307017,44550.403,39565.696,214.26213,154
308,231.098035,1001.592887,12644.877,12402.72,214.16513,155
309,1001.592887,231.098035,12644.877,12402.72,214.16513,155
310,977.559477,704.014457,63956.252,58502.81,214.15658,156
311,704.014457,977.559477,63956.252,58502.81,214.15658,156
312,725.917768,761.699887,522346.44,256621.82,214.09757,157
313,761.699887,725.917768,522346.44,256621.82,214.09757,157
314,733.428756,782.459959,214559.94,139111.85,213.97669,158
315,782.459959,733.428756,214559.94,139111.85,213.97669,158
316,873.182981,852.495199,48046.095,45531.091,213.93585,159
317,852.495199,873.182981,48046.095,45531.091,213.93585,159
318,787.938001,898.193825,39449.48,37307.461,213.56698,160
319,898.193825,787.938001,39449.48,37307.461,213.56698,160
320,848.688999,750.106419,338818.78,290041.84,212.52694,161
321,750.106419,848.688999,338818.78,290041.84,212.52694,161
322,749.605018,730.75768,4813314.5,1819443.5,212.42753,162
323,730.75768,749.605018,4813314.5,1819443.5,212.42753,162
324,589.295677,916.284453,58600.944,44263.891,211.06426,163
325,916.284453,589.295677,58600.944,44263.891,211.06426,163
326,749.437345,820.082578,665603.03,461990.68,210.92473,164
327,820.082578,749.437345,665603.03,461990.68,210.92473,164
328,842.485641,540.805937,107764.2,81243.977,210.79342,165
329,540.805937,842.485641,107764.2,81243.977,210.79342,165
330,867.300479,667.379302,67098.788,57472.772,210.70509,166
331,667.379302,867.300479,67098.788,57472.772,210.70509,166
332,761.432281,915.864489,43535.733,38226.832,210.51545,167
333,915.864489,761.432281,43535.733,38226.832,210.51545,167
334,930.03303,819.480521,78698.56,68297.865,210.23418,168
335,819.480521,930.03303,78698.56,68297.865,210.23418,168
336,801.448824,746.935954,163685.26,108199.97,210.13008,169
337,746.935954,801.448824,163685.26,108199.97,210.13008,169
338,667.880996,978.90048,56024.995,47316.498,209.94236,170
339,978.90048,667.880996,56024.995,47316.498,209.94236,170
340,915.492127,811.276373,81218.128,67846.843,209.67225,171
341,811.276373,915.492127,81218.128,67846.843,209.67225,171
342,891.266704,733.178036,114568.28,97288.937,209.63338,172
343,733.178036,891.266704,114568.28,97288.937,209.63338,172
344,919.537683,589.295677,106123.27,64855.688,209.54894,173
345,589.295677,919.537683,106123.27,64855.688,209.54894,173
346,921.884963,667.880996,36899.622,33591.441,209.38278,174
347,667.880996,921.884963,36899.622,33591.441,209.38278,174
348,200.18434,853.890615,1308812.9,348544.98,209.25099,175
349,853.890615,200.18434,1308812.9,348544.98,209.25099,175
350,650.383007,819.881984,251801.87,184412.06,209.11955,176
351,819.881984,650.383007,251801.87,184412.06,209.11955,176
352,854.291754,749.772164,88332518.0,7676200.9,209.04838,177
353,749.772164,854.291754,88332518.0,7676200.9,209.04838,177
354,686.808364,1064.592246,25063.566,22816.406,208.50689,178
355,1064.592246,686.808364,25063.566,22816.406,208.50689,178
356,666.878039,972.896612,134307.58,88504.448,208.38704,179
357,972.896612,666.878039,134307.58,88504.448,208.38704,179
358,824.479754,761.699887,211881.13,162075.32,207.89786,180
359,761.699887,824.479754,211881.13,162075.32,207.89786,180
360,1015.599005,973.893448,78322.783,66804.846,207.89493,181
361,973.893448,1015.599005,78322.783,66804.846,207.89493,181
362,845.096244,836.0785,89513.497,83685.015,207.80536,182
363,836.0785,845.096244,89513.497,83685.015,207.80536,182
364,856.521828,793.723885,155769.21,114113.76,207.69851,183
365,793.723885,856.521828,155769.21,114113.76,207.69851,183
366,650.383007,939.539827,32476.484,30031.753,207.58355,184
367,939.539827,650.383007,32476.484,30031.753,207.58355,184
368,873.304103,829.878468,643651.74,402558.43,207.0139,185
369,829.878468,873.304103,643651.74,402558.43,207.0139,185
370,844.279933,978.90048,92190.217,76822.358,206.771,186
371,978.90048,844.279933,92190.217,76822.358,206.771,186
372,910.189258,921.884963,83843.582,73286.216,206.64472,187
373,921.884963,910.189258,83843.582,73286.216,206.64472,187
374,811.276373,697.885881,31008.948,28782.692,206.61176,188
375,697.885881,811.276373,31008.948,28782.692,206.61176,188
376,666.878039,920.5702,113672.74,68301.158,206.46266,189
377,920.5702,666.878039,113672.74,68301.158,206.46266,189
378,891.516695,589.295677,73980.094,54197.297,206.40905,190
379,589.295677,891.516695,73980.094,54197.297,206.40905,190
380,877.309663,613.85534,140390.39,114005.9,206.26997,191
381,613.85534,877.309663,140390.39,114005.9,206.26997,191
382,910.189258,761.933074,34787.365,32757.67,206.14289,192
383,761.933074,910.189258,34787.365,32757.67,206.14289,192
384,850.301435,819.681451,303651.14,228142.78,206.11568,193
385,819.681451,850.301435,303651.14,228142.78,206.11568,193
386,1004.834354,582.84918,28189.948,27181.566,206.00729,194
387,582.84918,1004.834354,28189.948,27181.566,206.00729,194
388,791.721461,666.376489,242328.9,139834.5,205.76099,195
389,666.376489,791.721461,242328.9,139834.5,205.76099,195
390,668.873655,978.238681,91260.817,69452.503,205.69221,196
391,978.238681,668.873655,91260.817,69452.503,205.69221,196
392,762.201123,963.562617,79378.499,74245.933,205.36529,197
393,963.562617,762.201123,79378.499,74245.933,205.36529,197
394,844.981826,860.832684,63155.521,43251.098,205.24689,198
395,860.832684,844.981826,63155.521,43251.098,205.24689,198
396,1096.563886,199.18097,313275.14,82555.199,205.1548,199
397,199.18097,1096.563886,313275.14,82555.199,205.1548,199
398,757.445152,735.099486,145958.67,129581.1,205.04073,200
399,735.099486,757.445152,145958.67,129581.1,205.04073,200
400,843.248896,898.465603,14626.164,14346.215,204.79709,201
401,898.465603,843.248896,14626.164,14346.215,204.79709,201
402,652.362884,793.723885,240897.59,149956.22,204.3545,202
403,793.723885,652.362884,240897.59,149956.22,204.3545,202
404,859.903272,836.684626,177321.25,155298.61,204.34961,203
405,836.684626,859.903272,177321.25,155298.61,204.34961,203
406,877.309663,757.94623,216860.86,174626.99,204.348,204
407,757.94623,877.309663,216860.86,174626.99,204.348,204
408,667.379302,979.234803,417739.91,201513.2,204.27708,205
409,979.234803,667.379302,417739.91,201513.2,204.27708,205
410,952.887938,697.885881,25897.672,23878.912,204.0608,206
411,697.885881,952.887938,25897.672,23878.912,204.0608,206
412,199.18097,483.762329,682006.83,121218.77,204.01773,207
413,483.762329,199.18097,682006.83,121218.77,204.01773,207
414,704.014457,912.540549,69542.532,66596.784,203.63231,208
415,912.540549,704.014457,69542.532,66596.784,203.63231,208
416,826.736137,826.235368,135601.45,114015.42,203.61043,209
417,826.235368,826.736137,135601.45,114015.42,203.61043,209
418,749.772164,839.242605,648430.43,413856.32,203.57354,210
419,839.242605,749.772164,648430.43,413856.32,203.57354,210
420,652.864326,761.699887,179891.92,115759.72,203.44372,211
421,761.699887,652.864326,179891.92,115759.72,203.44372,211
422,919.788407,850.488259,336481.87,239309.79,203.10402,212
423,850.488259,919.788407,336481.87,239309.79,203.10402,212
424,843.679938,749.605018,394521.32,296859.24,202.61663,213
425,749.605018,843.679938,394521.32,296859.24,202.61663,213
426,618.121854,876.908572,632600.13,299473.22,202.51271,214
427,876.908572,618.121854,632600.13,299473.22,202.51271,214
428,782.459959,819.681451,519182.88,254888.68,202.48477,215
429,819.681451,782.459959,519182.88,254888.68,202.48477,215
430,761.950532,661.86965,129104.31,95817.921,202.46481,216
431,661.86965,761.950532,129104.31,95817.921,202.46481,216
432,669.375009,972.22912,136649.92,93317.662,202.37095,217
433,972.22912,669.375009,136649.92,93317.662,202.37095,217
434,666.878039,985.593,137761.5,81930.64,202.29247,218
435,985.593,666.878039,137761.5,81930.64,202.29247,218
436,1010.257813,973.073988,28580.99,28300.531,201.85313,219
437,973.073988,1010.257813,28580.99,28300.531,201.85313,219
438,709.07427,865.501197,151925.7,135450.44,201.83817,220
439,865.501197,709.07427,151925.7,135450.44,201.83817,220
440,858.008507,533.300365,39104.362,32575.848,201.55565,221
441,533.300365,858.008507,39104.362,32575.848,201.55565,221
442,716.91164,1224.660546,9957.3702,8847.5265,201.34393,222
443,1224.660546,716.91164,9957.3702,8847.5265,201.34393,222
444,866.495799,826.235368,141526.23,118989.75,201.25955,223
445,826.235368,866.495799,141526.23,118989.75,201.25955,223
446,286.140271,1014.930468,25663.11,22220.389,201.11068,224
447,1014.930468,286.140271,25663.11,22220.389,201.11068,224
448,1009.257017,790.067299,65414.623,59830.143,201.01076,225
449,790.067299,1009.257017,65414.623,59830.143,201.01076,225
450,749.939297,762.201123,1181967.4,603545.41,200.73977,226
451,762.201123,749.939297,1181967.4,603545.41,200.73977,226
452,613.33479,1009.257017,25746.821,23933.328,200.72589,227
453,1009.257017,613.33479,25746.821,23933.328,200.72589,227
454,688.364407,895.774093,28787.508,25557.495,200.3905,228
455,895.774093,688.364407,28787.508,25557.495,200.3905,228
456,590.299073,819.480521,70688.307,55359.292,200.33985,229
457,819.480521,590.299073,70688.307,55359.292,200.33985,229
458,749.605018,864.710888,342370.54,283821.84,200.27257,230
459,864.710888,749.605018,342370.54,283821.84,200.27257,230
460,589.295677,801.448824,82247.437,37944.437,200.25868,231
461,801.448824,589.295677,82247.437,37944.437,200.25868,231
462,733.679412,837.086062,493227.09,307971.92,199.92923,232
463,837.086062,733.679412,493227.09,307971.92,199.92923,232
464,868.102639,841.88274,149108.73,138159.68,199.88386,233
465,841.88274,868.102639,149108.73,138159.68,199.88386,233
466,854.09127,843.287777,2962091.3,1023237.4,198.97806,234
467,843.287777,854.09127,2962091.3,1023237.4,198.97806,234
468,751.390804,867.711808,27640.369,23376.916,198.91587,235
469,867.711808,751.390804,27640.369,23376.916,198.91587,235
470,789.969556,859.501967,116487.55,109458.5,198.68561,236
471,859.501967,789.969556,116487.55,109458.5,198.68561,236
472,910.189258,868.904922,42287.347,41044.829,198.61688,237
473,868.904922,910.189258,42287.347,41044.829,198.61688,237
474,650.88379,839.242605,38840.159,36798.826,198.60773,238
475,839.242605,650.88379,38840.159,36798.826,198.60773,238
476,859.903272,749.772164,530302.41,366962.45,198.44989,239
477,749.772164,859.903272,530302.41,366962.45,198.44989,239
478,867.251622,802.451639,26490.603,25126.44,198.44665,240
479,802.451639,867.251622,26490.603,25126.44,198.44665,240
480,483.762329,1095.303146,24787.318,21789.477,198.37571,241
481,1095.303146,483.762329,24787.318,21789.477,198.37571,241
482,399.224905,873.905157,104401.73,67957.279,198.3672,242
483,873.905157,399.224905,104401.73,67957.279,198.3672,242
484,666.878039,800.48148,150241.9,85425.898,198.14772,243
485,800.48148,666.878039,150241.9,85425.898,198.14772,243
486,973.559957,820.082578,508759.53,292281.02,198.10753,244
487,820.082578,973.559957,508759.53,292281.02,198.10753,244
488,801.448824,747.10269,119901.84,86108.532,198.00926,245
489,747.10269,801.448824,119901.84,86108.532,198.00926,245
490,532.798998,1051.955474,18862.732,17468.859,197.99735,246
491,1051.955474,532.798998,18862.732,17468.859,197.99735,246
492,819.681451,830.679252,292769.25,206550.11,197.9755,247
493,830.679252,819.681451,292769.25,206550.11,197.9755,247
494,814.076754,728.255078,117204.16,114328.4,197.95048,248
495,728.255078,814.076754,117204.16,114328.4,197.95048,248
496,399.224905,808.275581,29690.925,24471.582,197.66351,249
497,808.275581,399.224905,29690.925,24471.582,197.66351,249
498,839.882789,747.269841,213838.63,179373.9,197.50116,250
499,747.269841,839.882789,213838.63,179373.9,197.50116,250
500,851.288636,827.28016,163124.08,135691.31,197.43513,251
501,827.28016,851.288636,163124.08,135691.31,197.43513,251
502,833.482767,604.825967,96164.84,70072.335,197.32642,252
503,604.825967,833.482767,96164.84,70072.335,197.32642,252
504,854.49221,856.507108,638930.69,361602.7,197.1909,253
505,856.507108,854.49221,638930.69,361602.7,197.1909,253
506,844.894182,845.887051,129583.04,118943.85,196.57213,254
507,845.887051,844.894182,129583.04,118943.85,196.57213,254
508,965.890398,716.410931,24438.53,23729.801,196.32243,255
509,716.410931,965.890398,24438.53,23729.801,196.32243,255
510,847.08404,712.244535,355734.5,258069.89,196.31425,256
511,712.244535,847.08404,355734.5,258069.89,196.31425,256
512,854.49221,973.572012,739875.33,375870.26,196.2812,257
513,973.572012,854.49221,739875.33,375870.26,196.2812,257
514,733.929994,716.91164,43015.037,36312.931,196.22488,258
515,716.91164,733.929994,43015.037,36312.931,196.22488,258
516,217.082357,749.939297,240069.79,130567.82,196.01829,259
517,749.939297,217.082357,240069.79,130567.82,196.01829,259
518,697.885881,958.56268,19058.513,17214.716,195.93941,260
519,958.56268,697.885881,19058.513,17214.716,195.93941,260
520,596.84668,821.979751,88105.288,60499.721,195.73113,261
521,821.979751,596.84668,88105.288,60499.721,195.73113,261
522,829.092767,231.098035,18132.517,16662.788,195.64748,262
523,231.098035,829.092767,18132.517,16662.788,195.64748,262
524,846.49299,711.91022,130731.81,116161.08,195.57356,263
525,711.91022,846.49299,130731.81,116161.08,195.57356,263
526,1009.257017,791.721461,53921.762,49162.595,195.51544,264
527,791.721461,1009.257017,53921.762,49162.595,195.51544,264
528,835.280475,199.18097,307056.89,119555.52,195.4451,265
529,199.18097,835.280475,307056.89,119555.52,195.4451,265
530,862.095345,958.56268,40654.657,37926.684,195.37437,266
531,958.56268,862.095345,40654.657,37926.684,195.37437,266
532,793.723885,1095.561522,235279.51,112179.81,195.35086,267
533,1095.561522,793.723885,235279.51,112179.81,195.35086,267
534,916.198213,817.974593,24011.39,22649.104,195.05883,268
535,817.974593,916.198213,24011.39,22649.104,195.05883,268
536,668.873655,941.22661,53850.026,40849.409,195.03972,269
537,941.22661,668.873655,53850.026,40849.409,195.03972,269
538,921.550734,666.878039,161831.19,97338.426,195.01714,270
539,666.878039,921.550734,161831.19,97338.426,195.01714,270
540,843.89103,548.283693,31008.337,28970.007,194.83057,271
541,548.283693,843.89103,31008.337,28970.007,194.83057,271
542,286.140271,790.668464,73786.55,52270.981,194.77713,272
543,790.668464,286.140271,73786.55,52270.981,194.77713,272
544,845.286388,921.550734,96603.971,81226.612,194.67807,273
545,921.550734,845.286388,96603.971,81226.612,194.67807,273
546,794.225098,661.368052,111271.96,76328.974,194.63125,274
547,661.368052,794.225098,111271.96,76328.974,194.63125,274
548,958.56268,697.384427,25939.913,23467.868,194.44599,275
549,697.384427,958.56268,25939.913,23467.868,194.44599,275
550,819.681451,399.224905,402092.85,154893.54,193.69522,276
551,399.224905,819.681451,402092.85,154893.54,193.69522,276
552,655.139451,882.495511,59530.487,47523.989,193.61939,277
553,882.495511,655.139451,59530.487,47523.989,193.61939,277
554,834.092721,819.881984,256036.48,172597.94,193.5678,278
555,819.881984,834.092721,256036.48,172597.94,193.5678,278
556,1322.734712,631.775384,16860.858,15883.477,193.56131,279
557,631.775384,1322.734712,16860.858,15883.477,193.56131,279
558,966.518345,833.082615,100507.11,76083.139,193.43502,280
559,833.082615,966.518345,100507.11,76083.139,193.43502,280
560,217.082357,849.302831,17458.779,16241.156,193.3835,281
561,849.302831,217.082357,17458.779,16241.156,193.3835,281
562,833.881554,746.935954,188252.0,154319.8,193.26682,282
563,746.935954,833.881554,188252.0,154319.8,193.26682,282
564,848.288617,874.106477,188175.74,159393.63,193.2637,283
565,874.106477,848.288617,188175.74,159393.63,193.2637,283
566,963.227209,227.175957,48949.002,42578.003,193.19798,284
567,227.175957,963.227209,48949.002,42578.003,193.19798,284
568,582.84918,793.473007,75171.614,61557.932,193.06929,285
569,793.473007,582.84918,75171.614,61557.932,193.06929,285
570,855.698804,958.56268,58557.368,52204.657,193.02548,286
571,958.56268,855.698804,58557.368,52204.657,193.02548,286
572,793.974537,652.864326,164654.26,107967.42,192.97767,287
573,652.864326,793.974537,164654.26,107967.42,192.97767,287
574,733.679412,782.459959,160245.99,101285.47,192.97721,288
575,782.459959,733.679412,160245.99,101285.47,192.97721,288
576,622.860409,851.087763,228799.68,159634.09,192.94836,289
577,851.087763,622.860409,228799.68,159634.09,192.94836,289
578,802.451639,888.774608,17806.861,16605.73,192.88709,290
579,888.774608,802.451639,17806.861,16605.73,192.88709,290
580,940.041288,654.63795,62969.244,52209.206,192.72232,291
581,654.63795,940.041288,62969.244,52209.206,192.72232,291
582,782.963176,733.178036,66853.411,55371.423,192.60268,292
583,733.178036,782.963176,66853.411,55371.423,192.60268,292
584,966.518345,826.486044,93919.172,64629.734,192.56741,293
585,826.486044,966.518345,93919.172,64629.734,192.56741,293
586,888.523724,623.295357,17799.803,16186.835,192.55993,294
587,623.295357,888.523724,17799.803,16186.835,192.55993,294
588,842.284222,825.984697,586979.84,356230.89,192.47093,295
589,825.984697,842.284222,586979.84,356230.89,192.47093,295
590,923.511812,854.270335,20057.541,19203.472,192.41047,296
591,854.270335,923.511812,20057.541,19203.472,192.41047,296
592,841.88274,746.935954,219505.11,182113.48,192.25885,297
593,746.935954,841.88274,219505.11,182113.48,192.25885,297
594,732.422288,833.282674,194053.4,161183.38,192.20357,298
595,833.282674,732.422288,194053.4,161183.38,192.20357,298
596,749.772164,740.930392,453108.95,352264.88,192.16766,299
597,740.930392,749.772164,453108.95,352264.88,192.16766,299
598,757.445152,847.08404,175195.16,139078.52,192.1141,300
599,847.08404,757.445152,175195.16,139078.52,192.1141,300
600,666.376489,922.21971,339915.95,169752.38,192.05182,301
601,922.21971,666.376489,339915.95,169752.38,192.05182,301
602,791.470501,728.759275,60334.542,57388.923,192.04358,302
603,728.759275,791.470501,60334.542,57388.923,192.04358,302
604,860.500213,733.178036,149109.87,113345.83,191.87402,303
605,733.178036,860.500213,149109.87,113345.83,191.87402,303
606,793.723885,1058.297515,159692.75,110595.98,191.84745,304
607,1058.297515,793.723885,159692.75,110595.98,191.84745,304
608,854.09127,746.769597,10308989.0,2160756.3,191.78438,305
609,746.769597,854.09127,10308989.0,2160756.3,191.78438,305
610,930.03303,862.701173,34132.518,33124.18,191.69278,306
611,862.701173,930.03303,34132.518,33124.18,191.69278,306
612,802.451639,940.891614,19898.767,18845.433,191.68107,307
613,940.891614,802.451639,19898.767,18845.433,191.68107,307
614,744.099754,882.495511,55318.014,49170.243,191.65245,308
615,882.495511,744.099754,55318.014,49170.243,191.65245,308
616,876.708042,952.887938,656763.5,334501.88,191.53353,309
617,952.887938,876.708042,656763.5,334501.88,191.53353,309
618,870.299888,880.517479,48159.575,47373.889,191.48704,310
619,880.517479,870.299888,48159.575,47373.889,191.48704,310
620,842.284222,963.562617,88823.047,81735.832,191.46921,311
621,963.562617,842.284222,88823.047,81735.832,191.46921,311
622,286.140271,794.472787,25649.937,22215.737,191.3012,312
623,794.472787,286.140271,25649.937,22215.737,191.3012,312
624,977.570155,704.014457,171622.63,132455.11,191.22118,313
625,704.014457,977.570155,171622.63,132455.11,191.22118,313
626,910.189258,817.974593,30608.109,27724.562,191.16818,314
627,817.974593,910.189258,30608.109,27724.562,191.16818,314
628,977.904338,659.868399,85907.715,67576.492,191.08556,315
629,659.868399,977.904338,85907.715,67576.492,191.08556,315
630,851.087763,833.892365,321791.97,235748.95,191.01565,316
631,833.892365,851.087763,321791.97,235748.95,191.01565,316
632,761.699887,1020.344866,113702.5,95173.183,190.95237,317
633,1020.344866,761.699887,113702.5,95173.183,190.95237,317
634,793.723885,791.470501,352331.76,231246.18,190.94132,318
635,791.470501,793.723885,352331.76,231246.18,190.94132,318
636,790.668464,589.295677,212281.27,108035.87,190.86586,319
637,589.295677,790.668464,212281.27,108035.87,190.86586,319
638,807.474835,661.368052,39692.861,35523.768,190.69407,320
639,661.368052,807.474835,39692.861,35523.768,190.69407,320
640,972.22912,659.868399,69675.233,51210.421,190.63384,321
641,659.868399,972.22912,69675.233,51210.421,190.63384,321
642,816.078096,838.991864,150708.18,121850.75,190.55689,322
643,838.991864,816.078096,150708.18,121850.75,190.55689,322
644,688.364407,715.376664,16030.457,14145.074,190.46099,323
645,715.376664,688.364407,16030.457,14145.074,190.46099,323
646,1321.730892,687.400192,16681.062,16129.182,190.42642,324
647,687.400192,1321.730892,16681.062,16129.182,190.42642,324
648,870.905035,985.09162,38518.984,35521.774,190.41143,325
649,985.09162,870.905035,38518.984,35521.774,190.41143,325
650,876.708042,839.293912,495630.08,299641.25,190.29346,326
651,839.293912,876.708042,495630.08,299641.25,190.29346,326
652,843.087334,856.099177,331523.75,224713.14,190.23285,327
653,856.099177,843.087334,331523.75,224713.14,190.23285,327
654,743.765918,820.283002,289040.66,250633.16,190.14436,328
655,820.283002,743.765918,289040.66,250633.16,190.14436,328
656,874.307035,816.477329,127875.02,123670.7,190.05396,329
657,816.477329,874.307035,127875.02,123670.7,190.05396,329
658,850.887207,742.434101,827067.29,509038.61,189.95851,330
659,742.434101,850.887207,827067.29,509038.61,189.95851,330
660,723.890445,983.327065,25182.499,23431.646,189.79648,331
661,983.327065,723.890445,25182.499,23431.646,189.79648,331
662,816.477329,838.286359,224583.83,179434.03,189.72585,332
663,838.286359,816.477329,224583.83,179434.03,189.72585,332
664,697.406032,666.878039,121337.68,83103.245,189.70423,333
665,666.878039,697.406032,121337.68,83103.245,189.70423,333
666,825.984697,966.518345,183871.1,105670.96,189.6872,334
667,966.518345,825.984697,183871.1,105670.96,189.6872,334
668,1010.257813,526.307017,19489.459,18328.768,189.6039,335
669,526.307017,1010.257813,19489.459,18328.768,189.6039,335
670,731.091993,654.63795,680289.73,413714.38,189.55719,336
671,654.63795,731.091993,680289.73,413714.38,189.55719,336
672,1016.929882,843.879908,113955.47,87896.392,189.32816,337
673,843.879908,1016.929882,113955.47,87896.392,189.32816,337
674,847.682695,687.14935,74379.428,67289.462,189.23698,338
675,687.14935,847.682695,74379.428,67289.462,189.23698,338
676,761.699887,1192.688184,97525.958,63331.062,189.06271,339
677,1192.688184,761.699887,97525.958,63331.062,189.06271,339
678,952.55514,697.885881,13730.678,12750.828,188.94259,340
679,697.885881,952.55514,13730.678,12750.828,188.94259,340
680,761.933074,909.855622,23678.247,22150.549,188.90233,341
681,909.855622,761.933074,23678.247,22150.549,188.90233,341
682,861.307812,1015.264905,64369.679,59522.857,188.76082,342
683,1015.264905,861.307812,64369.679,59522.857,188.76082,342
684,863.246245,853.890615,209495.38,153571.69,188.65273,343
685,853.890615,863.246245,209495.38,153571.69,188.65273,343
686,217.082357,773.45457,14777.015,12278.222,188.58511,344
687,773.45457,217.082357,14777.015,12278.222,188.58511,344
688,652.864326,850.887207,595761.95,279229.83,188.46283,345
689,850.887207,652.864326,595761.95,279229.83,188.46283,345
690,597.348212,880.016825,97407.243,72660.268,188.25489,346
691,880.016825,597.348212,97407.243,72660.268,188.25489,346
692,683.736856,613.85534,24543.468,23595.889,188.19269,347
693,613.85534,683.736856,24543.468,23595.889,188.19269,347
694,746.935954,786.862885,238120.53,187528.05,188.08502,348
695,786.862885,746.935954,238120.53,187528.05,188.08502,348
696,915.492127,948.560301,44572.453,34684.481,188.07931,349
697,948.560301,915.492127,44572.453,34684.481,188.07931,349
698,669.375009,1009.257017,73130.617,59120.651,187.99476,350
699,1009.257017,669.375009,73130.617,59120.651,187.99476,350
700,733.428756,711.91022,677169.51,406120.98,187.99319,351
701,711.91022,733.428756,677169.51,406120.98,187.99319,351
702,683.402531,1063.608658,76442.196,69092.658,187.99082,352
703,1063.608658,683.402531,76442.196,69092.658,187.99082,352
704,1052.622261,604.825967,26315.753,23569.66,187.94483,353
705,604.825967,1052.622261,26315.753,23569.66,187.94483,353
706,572.269187,842.293689,28738.882,26452.873,187.74507,354
707,842.293689,572.269187,28738.882,26452.873,187.74507,354
708,973.227869,798.470811,51722.682,49493.174,187.56635,355
709,798.470811,973.227869,51722.682,49493.174,187.56635,355
710,798.872094,171.113171,18842.411,16975.935,187.54599,356
711,171.113171,798.872094,18842.411,16975.935,187.54599,356
712,1095.561522,838.422605,17319.468,12068.438,187.41585,357
713,838.422605,1095.561522,17319.468,12068.438,187.41585,357
714,978.564444,704.214724,39155.155,33392.073,187.40574,358
715,704.214724,978.564444,39155.155,33392.073,187.40574,358
716,704.014457,868.313114,83321.843,78659.143,187.37893,359
717,868.313114,704.014457,83321.843,78659.143,187.37893,359
718,733.428756,773.45457,124176.96,84938.169,187.37092,360
719,773.45457,733.428756,124176.96,84938.169,187.37092,360
720,978.90048,231.098035,32125.968,25186.637,187.31016,361
721,231.098035,978.90048,32125.968,25186.637,187.31016,361
722,876.708042,579.341701,309104.83,113656.73,187.22241,362
723,579.341701,876.708042,309104.83,113656.73,187.22241,362
724,790.668464,1063.356709,91676.657,81904.512,187.22228,363
725,1063.356709,790.668464,91676.657,81904.512,187.22228,363
726,844.981826,821.67837,67131.632,59537.435,187.21566,364
727,821.67837,844.981826,67131.632,59537.435,187.21566,364
728,867.912685,848.488103,110191.97,96448.495,187.20078,365
729,848.488103,867.912685,110191.97,96448.495,187.20078,365
730,867.501271,801.448824,47344.456,36826.666,187.19811,366
731,801.448824,867.501271,47344.456,36826.666,187.19811,366
732,583.35035,1016.929882,40799.554,33002.177,187.16812,367
733,1016.929882,583.35035,40799.554,33002.177,187.16812,367
734,752.393932,879.515267,20173.295,16659.988,186.99812,368
735,879.515267,752.393932,20173.295,16659.988,186.99812,368
736,916.284453,743.765918,66798.055,61054.159,186.93267,369
737,743.765918,916.284453,66798.055,61054.159,186.93267,369
738,859.301201,723.920385,113374.28,108529.92,186.89478,370
739,723.920385,859.301201,113374.28,108529.92,186.89478,370
740,867.263076,747.43763,82755.955,76115.648,186.83129,371
741,747.43763,867.263076,82755.955,76115.648,186.83129,371
742,858.707012,800.48148,32652.288,29627.93,186.72134,372
743,800.48148,858.707012,32652.288,29627.93,186.72134,372
744,792.462847,845.887051,111775.52,98756.809,186.53415,373
745,845.887051,792.462847,111775.52,98756.809,186.53415,373
746,668.873655,847.283102,345699.79,184971.4,186.33296,374
747,847.283102,668.873655,345699.79,184971.4,186.33296,374
748,972.563203,791.470501,76599.103,67867.579,186.26379,375
749,791.470501,972.563203,76599.103,67867.579,186.26379,375
750,840.084541,761.699887,343269.36,216334.28,186.25377,376
751,761.699887,840.084541,343269.36,216334.28,186.25377,376
752,761.432281,880.016825,63732.124,52967.1,186.19035,377
753,880.016825,761.432281,63732.124,52967.1,186.19035,377
754,725.917768,761.950532,412838.05,205449.81,186.02009,378
755,761.950532,725.917768,412838.05,205449.81,186.02009,378
756,825.984697,540.805937,125222.52,78065.846,185.89241,379
757,540.805937,825.984697,125222.52,78065.846,185.89241,379
758,916.495374,540.304585,28784.34,21761.115,185.78335,380
759,540.304585,916.495374,28784.34,21761.115,185.78335,380
760,1321.730892,635.180245,21870.5,20156.022,185.59642,381
761,635.180245,1321.730892,21870.5,20156.022,185.59642,381
762,825.984697,787.938001,131507.55,89667.422,185.57157,382
763,787.938001,825.984697,131507.55,89667.422,185.57157,382
764,787.063736,875.111813,65956.952,63481.445,185.53634,383
765,875.111813,787.063736,65956.952,63481.445,185.53634,383
766,743.765918,874.106477,154512.56,134982.19,185.46608,384
767,874.106477,743.765918,154512.56,134982.19,185.46608,384
768,915.530474,589.295677,58816.291,41132.517,185.37149,385
769,589.295677,915.530474,58816.291,41132.517,185.37149,385
770,660.369928,842.284222,89147.782,67869.605,185.32529,386
771,842.284222,660.369928,89147.782,67869.605,185.32529,386
772,816.477329,596.84668,315017.16,196030.74,185.28815,387
773,596.84668,816.477329,315017.16,196030.74,185.28815,387
774,749.605018,856.488768,335139.49,220599.85,185.28718,388
775,856.488768,749.605018,335139.49,220599.85,185.28718,388
776,907.286651,876.908572,650331.71,315336.96,185.27216,389
777,876.908572,907.286651,650331.71,315336.96,185.27216,389
778,589.295677,526.307017,34751.784,23969.372,185.19929,390
779,526.307017,589.295677,34751.784,23969.372,185.19929,390
780,824.479754,1079.602588,16785.515,14993.545,185.03786,391
781,1079.602588,824.479754,16785.515,14993.545,185.03786,391
782,910.189258,848.095349,46759.868,42529.512,185.02322,392
783,848.095349,910.189258,46759.868,42529.512,185.02322,392
784,842.284222,958.56268,95797.788,80960.405,185.00187,393
785,958.56268,842.284222,95797.788,80960.405,185.00187,393
786,836.089919,921.884963,111014.27,90147.451,185.00149,394
787,921.884963,836.089919,111014.27,90147.451,185.00149,394
788,911.790335,216.134732,37050.334,27478.236,184.90826,395
789,216.134732,911.790335,37050.334,27478.236,184.90826,395
790,868.112657,286.140271,35770.411,31328.89,184.82458,396
791,286.140271,868.112657,35770.411,31328.89,184.82458,396
792,1096.563886,747.43763,35560.252,32319.253,184.82193,397
793,747.43763,1096.563886,35560.252,32319.253,184.82193,397
794,842.082915,854.291754,5269607.0,1344870.2,184.78498,398
795,854.291754,842.082915,5269607.0,1344870.2,184.78498,398
796,977.904338,660.369928,66988.906,50259.851,184.71485,399
797,660.369928,977.904338,66988.906,50259.851,184.71485,399
798,744.602229,836.684626,176470.5,148895.05,184.67929,400
799,836.684626,744.602229,176470.5,148895.05,184.67929,400
800,743.598906,793.473007,74528.587,70202.767,184.54776,401
801,793.473007,743.598906,74528.587,70202.767,184.54776,401
802,864.508745,790.067299,61144.748,56818.28,184.47366,402
803,790.067299,864.508745,61144.748,56818.28,184.47366,402
804,847.08404,865.702174,139312.7,120392.05,184.46405,403
805,865.702174,847.08404,139312.7,120392.05,184.46405,403
806,851.288636,871.305366,175350.89,144406.93,184.45768,404
807,871.305366,851.288636,175350.89,144406.93,184.45768,404
808,724.391715,941.22661,22769.3,20890.152,184.43027,405
809,941.22661,724.391715,22769.3,20890.152,184.43027,405
810,864.700543,939.539827,50985.782,43601.855,184.39676,406
811,939.539827,864.700543,50985.782,43601.855,184.39676,406
812,836.290097,801.448824,50892.377,39864.941,184.38713,407
813,801.448824,836.290097,50892.377,39864.941,184.38713,407
814,650.88379,712.077367,131243.36,111384.93,184.3687,408
815,712.077367,650.88379,131243.36,111384.93,184.3687,408
816,715.376664,946.563629,18752.033,17806.809,184.28041,409
817,946.563629,715.376664,18752.033,17806.809,184.28041,409
818,826.235368,978.564444,131589.19,91240.254,184.27699,410
819,978.564444,826.235368,131589.19,91240.254,184.27699,410
820,873.504097,879.766255,913657.09,432718.07,184.26389,411
821,879.766255,873.504097,913657.09,432718.07,184.26389,411
822,898.465603,730.75768,84034.824,67552.687,184.23676,412
823,730.75768,898.465603,84034.824,67552.687,184.23676,412
824,228.179326,709.240503,56931.854,44864.51,184.16722,413
825,709.240503,228.179326,56931.854,44864.51,184.16722,413
826,724.391715,716.91164,16878.489,15023.974,184.12087,414
827,716.91164,724.391715,16878.489,15023.974,184.12087,414
828,820.283002,782.459959,130998.13,101446.32,183.88722,415
829,782.459959,820.283002,130998.13,101446.32,183.88722,415
830,735.266812,858.008507,191014.59,151745.38,183.85238,416
831,858.008507,735.266812,191014.59,151745.38,183.85238,416
832,787.465422,845.686768,201450.23,151536.52,183.5389,417
833,845.686768,787.465422,201450.23,151536.52,183.5389,417
834,844.683314,820.283002,142935.77,120032.1,183.47266,418
835,820.283002,844.683314,142935.77,120032.1,183.47266,418
836,750.106419,840.084541,329961.92,268700.65,183.44164,419
837,840.084541,750.106419,329961.92,268700.65,183.44164,419
838,854.893383,802.675371,92432.352,85305.292,183.2659,420
839,802.675371,854.893383,92432.352,85305.292,183.2659,420
840,977.559477,826.486044,71936.222,55842.274,183.24653,421
841,826.486044,977.559477,71936.222,55842.274,183.24653,421
842,850.488259,709.240503,439056.13,300594.59,183.19313,422
843,709.240503,850.488259,439056.13,300594.59,183.19313,422
844,231.098035,973.073988,11884.998,11727.519,183.18143,423
845,973.073988,231.098035,11884.998,11727.519,183.18143,423
846,787.063736,842.293689,105348.66,99675.51,183.1539,424
847,842.293689,787.063736,105348.66,99675.51,183.1539,424
848,548.283693,1017.264096,59921.936,42649.763,183.04105,425
849,1017.264096,548.283693,59921.936,42649.763,183.04105,425
850,864.508745,655.139451,122438.13,101425.58,183.02474,426
851,655.139451,864.508745,122438.13,101425.58,183.02474,426
852,655.389999,930.03303,31461.25,27347.192,182.9191,427
853,930.03303,655.389999,31461.25,27347.192,182.9191,427
854,1095.561522,948.560301,29039.062,23547.693,182.90618,428
855,948.560301,1095.561522,29039.062,23547.693,182.90618,428
856,661.86965,793.723885,150753.05,101821.71,182.8924,429
857,793.723885,661.86965,150753.05,101821.71,182.8924,429
858,854.00457,483.762329,45122.232,34918.534,182.85378,430
859,483.762329,854.00457,45122.232,34918.534,182.85378,430
860,921.07103,873.704417,146593.99,99794.746,182.72368,431
861,873.704417,921.07103,146593.99,99794.746,182.72368,431
862,688.364407,888.774608,20324.997,17397.48,182.71158,432
863,888.774608,688.364407,20324.997,17397.48,182.71158,432
864,862.508567,873.905157,118374.86,100419.79,182.6819,433
865,873.905157,862.508567,118374.86,100419.79,182.6819,433
866,833.482767,746.935954,556265.62,362693.72,182.68068,434
867,746.935954,833.482767,556265.62,362693.72,182.68068,434
868,735.266812,716.251977,90089.882,84783.417,182.65234,435
869,716.251977,735.266812,90089.882,84783.417,182.65234,435
870,820.283002,595.820637,67854.176,59580.321,182.43807,436
871,595.820637,820.283002,67854.176,59580.321,182.43807,436
872,865.501197,655.139451,236559.84,162258.53,182.40204,437
873,655.139451,865.501197,236559.84,162258.53,182.40204,437
874,838.486792,709.240503,154158.64,132107.54,182.29051,438
875,709.240503,838.486792,154158.64,132107.54,182.29051,438
876,977.904338,596.84668,118807.86,72939.477,182.23174,439
877,596.84668,977.904338,118807.86,72939.477,182.23174,439
878,852.295487,873.105061,152074.61,131255.41,182.19729,440
879,873.105061,852.295487,152074.61,131255.41,182.19729,440
880,869.900339,833.082615,246900.71,190185.99,182.1892,441
881,833.082615,869.900339,246900.71,190185.99,182.1892,441
882,867.174541,483.762329,32513.416,28140.846,182.18536,442
883,483.762329,867.174541,32513.416,28140.846,182.18536,442
884,837.086062,483.762329,118698.68,81750.714,181.95509,443
885,483.762329,837.086062,118698.68,81750.714,181.95509,443
886,843.287777,612.832898,81775.456,68425.757,181.92154,444
887,612.832898,843.287777,81775.456,68425.757,181.92154,444
888,958.226591,850.288662,44314.563,41279.192,181.75307,445
889,850.288662,958.226591,44314.563,41279.192,181.75307,445
890,848.087446,850.488259,698247.98,428710.79,181.64469,446
891,850.488259,848.087446,698247.98,428710.79,181.64469,446
892,683.23536,729.172725,128862.81,107759.06,181.62987,447
893,729.172725,683.23536,128862.81,107759.06,181.62987,447
894,683.569698,873.105061,279057.14,198049.82,181.62206,448
895,873.105061,683.569698,279057.14,198049.82,181.62206,448
896,856.099177,978.90048,165874.36,120115.99,181.55866,449
897,978.90048,856.099177,165874.36,120115.99,181.55866,449
898,857.757291,836.684626,191612.73,152046.17,181.4316,450
899,836.684626,857.757291,191612.73,152046.17,181.4316,450
900,572.269187,920.541146,23089.499,20080.235,181.42921,451
901,920.541146,572.269187,23089.499,20080.235,181.42921,451
902,841.68949,973.893448,61636.102,57978.032,181.42095,452
903,973.893448,841.68949,61636.102,57978.032,181.42095,452
904,845.486079,862.299982,197298.83,146585.69,181.37874,453
905,862.299982,845.486079,197298.83,146585.69,181.37874,453
906,1051.955474,939.038617,22764.197,20768.61,181.37735,454
907,939.038617,1051.955474,22764.197,20768.61,181.37735,454
908,877.109129,669.375009,1533902.2,509392.78,181.33005,455
909,669.375009,877.109129,1533902.2,509392.78,181.33005,455
910,842.686463,284.197505,215216.71,108571.15,181.13583,456
911,284.197505,842.686463,215216.71,108571.15,181.13583,456
912,216.134732,704.415134,20784.084,18016.964,181.11126,457
913,704.415134,216.134732,20784.084,18016.964,181.11126,457
914,855.698804,719.173144,86613.338,76909.352,181.05661,458
915,719.173144,855.698804,86613.338,76909.352,181.05661,458
916,858.508539,728.088113,185661.95,140905.44,181.03863,459
917,728.088113,858.508539,185661.95,140905.44,181.03863,459
918,1052.288716,730.75768,258916.17,173911.79,181.03558,460
919,730.75768,1052.288716,258916.17,173911.79,181.03558,460
920,787.938001,666.878039,133943.91,69668.546,181.00966,461
921,666.878039,787.938001,133943.91,69668.546,181.00966,461
922,715.376664,749.939297,212021.13,155957.99,180.99925,462
923,749.939297,715.376664,212021.13,155957.99,180.99925,462
924,668.873655,867.711808,80632.13,64789.329,180.86244,463
925,867.711808,668.873655,80632.13,64789.329,180.86244,463
926,877.309663,854.692818,3269014.0,1359120.8,180.85983,464
927,854.692818,877.309663,3269014.0,1359120.8,180.85983,464
928,746.434944,973.073988,31843.789,31753.221,180.82529,465
929,973.073988,746.434944,31843.789,31753.221,180.82529,465
930,910.189258,734.604068,52568.629,47522.955,180.76607,466
931,734.604068,910.189258,52568.629,47522.955,180.76607,466
932,979.569313,739.437003,156405.92,126656.34,180.73397,467
933,739.437003,979.569313,156405.92,126656.34,180.73397,467
934,973.324192,825.984697,148142.47,114341.95,180.73129,468
935,825.984697,973.324192,148142.47,114341.95,180.73129,468
936,891.76702,967.521518,14526.151,13279.922,180.70588,469
937,967.521518,891.76702,14526.151,13279.922,180.70588,469
938,790.267516,171.18578,40628.674,32032.062,180.68898,470
939,171.18578,790.267516,40628.674,32032.062,180.68898,470
940,835.486405,910.523229,52901.689,51257.04,180.67672,471
941,910.523229,835.486405,52901.689,51257.04,180.67672,471
942,960.227505,819.480521,86934.333,72960.422,180.65982,472
943,819.480521,960.227505,86934.333,72960.422,180.65982,472
944,916.533813,873.704417,167851.94,138533.82,180.63563,473
945,873.704417,916.533813,167851.94,138533.82,180.63563,473
946,1192.688184,661.189109,16983.474,15553.039,180.63451,474
947,661.189109,1192.688184,16983.474,15553.039,180.63451,474
948,867.753617,801.448824,23664.386,19055.853,180.50169,475
949,801.448824,867.753617,23664.386,19055.853,180.50169,475
950,958.896512,877.309663,197961.14,152359.91,180.38952,476
951,877.309663,958.896512,197961.14,152359.91,180.38952,476
952,829.878468,734.426793,83719.832,80114.252,180.22382,477
953,734.426793,829.878468,83719.832,80114.252,180.22382,477
954,843.087334,985.09162,103949.11,78122.043,180.20838,478
955,985.09162,843.087334,103949.11,78122.043,180.20838,478
956,749.605018,841.68949,494682.51,364212.5,180.18727,479
957,841.68949,749.605018,494682.51,364212.5,180.18727,479
958,320.124843,834.283234,21551.394,19197.519,180.18419,480
959,834.283234,320.124843,21551.394,19197.519,180.18419,480
960,399.224905,818.482567,17263.735,15095.279,180.10429,481
961,818.482567,399.224905,17263.735,15095.279,180.10429,481
962,851.288636,810.875847,172427.96,150721.5,180.08517,482
963,810.875847,851.288636,172427.96,150721.5,180.08517,482
964,836.089919,1009.924226,117988.79,93904.727,180.08324,483
965,1009.924226,836.089919,117988.79,93904.727,180.08324,483
966,957.891489,836.684626,96736.472,92761.072,180.07419,484
967,836.684626,957.891489,96736.472,92761.072,180.07419,484
968,979.903227,666.878039,357740.76,168681.55,179.99124,485
969,666.878039,979.903227,357740.76,168681.55,179.99124,485
970,729.424332,845.286388,125523.32,104426.85,179.94555,486
971,845.286388,729.424332,125523.32,104426.85,179.94555,486
972,847.682695,875.301332,113114.52,99721.061,179.92939,487
973,875.301332,847.682695,113114.52,99721.061,179.92939,487
974,839.682605,825.953637,63198.52,54788.919,179.86973,488
975,825.953637,839.682605,63198.52,54788.919,179.86973,488
976,1037.095475,898.193825,40504.84,39116.44,179.84403,489
977,898.193825,1037.095475,40504.84,39116.44,179.84403,489
978,622.860409,1017.264096,44744.11,37519.659,179.83479,490
979,1017.264096,622.860409,44744.11,37519.659,179.83479,490
980,845.286388,808.474004,114721.98,99491.24,179.73904,491
981,808.474004,845.286388,114721.98,99491.24,179.73904,491
982,808.474004,1096.563886,27626.169,25431.353,179.71037,492
983,1096.563886,808.474004,27626.169,25431.353,179.71037,492
984,921.550734,802.475236,50742.081,47319.983,179.64871,493
985,802.475236,921.550734,50742.081,47319.983,179.64871,493
986,200.177897,791.219504,20961.714,16823.842,179.61919,494
987,791.219504,200.177897,20961.714,16823.842,179.61919,494
988,808.275581,846.088175,98746.422,88114.485,179.53852,495
989,846.088175,808.275581,98746.422,88114.485,179.53852,495
990,977.904338,1004.834354,66899.237,61436.974,179.51848,496
991,1004.834354,977.904338,66899.237,61436.974,179.51848,496
992,589.295677,891.76702,37202.332,28652.942,179.42856,497
993,891.76702,589.295677,37202.332,28652.942,179.42856,497
994,829.67784,667.379302,104890.31,81438.607,179.41717,498
995,667.379302,829.67784,104890.31,81438.607,179.41717,498
996,757.445152,853.68869,132163.5,110321.23,179.38585,499
997,853.68869,757.445152,132163.5,110321.23,179.38585,499
998,844.981826,760.853815,94426.527,75451.531,179.3795,500
999,760.853815,844.981826,94426.527,75451.531,179.3795,500
