914.28,915.33,5154.86,3136.68
653.01,654.81,1762.66,2082.52
573.78,575.14,1174.32,1791.21
642.84,952.11,7704.54,1771.50
695.78,696.90,1586.21,1645.46
699.93,838.15,1992.03,1598.44
653.05,792.10,1147.46,1273.86
709.66,711.22,564.43,1248.03
987.49,988.92,536.63,1176.20
390.97,923.46,1795.92,1145.98
538.12,850.02,663.59,1032.03
664.01,909.99,1785.78,930.33
634.08,953.17,1102.23,873.45
610.10,814.04,245.92,844.33
719.60,781.11,989.89,814.92
653.04,783.63,505.07,767.51
728.24,781.26,1129.90,736.80
536.84,1164.48,419.05,729.60
661.86,663.79,253.77,721.56
523.01,857.12,326.79,695.07
391.01,914.57,664.65,692.39
655.81,909.12,815.43,653.87
574.02,1072.32,575.21,652.64
691.45,838.12,421.99,638.10
243.91,997.02,1065.11,591.04
649.93,909.00,393.71,564.25
721.72,722.95,204.75,537.04
653.15,774.76,198.36,530.56
538.01,841.03,263.77,523.96
582.40,1072.11,397.69,516.52
643.18,935.31,572.84,462.95
607.47,910.15,162.82,455.94
538.17,832.31,122.28,455.66
243.97,980.03,138.60,450.58
391.13,905.48,198.00,444.34
714.38,781.18,191.31,442.26
291.80,781.35,111.03,435.74
504.13,935.16,77.39,421.73
641.83,909.12,236.24,415.46
1072.09,1310.35,64.26,413.40
663.96,702.35,337.49,408.00
419.37,936.23,71.03,405.71
536.78,1147.23,108.22,400.81
653.01,710.40,165.95,399.85
605.59,914.51,99.48,399.24
1045.62,1267.57,66.13,397.22
574.14,1310.33,88.68,397.18
909.25,1148.36,130.02,395.88
691.38,700.25,250.14,395.47
503.98,781.05,146.58,389.06
996.72,1247.27,103.22,384.14
671.32,781.38,130.32,380.85
516.47,1188.20,64.10,380.19
598.57,1045.49,82.39,378.87
642.83,1001.72,84.61,377.86
551.28,838.23,60.79,377.72
467.87,1188.36,73.85,374.20
430.07,910.00,94.72,373.81
614.90,653.24,64.90,373.17
933.88,1073.23,96.10,373.15
781.07,1164.17,224.81,372.85
719.66,764.23,124.73,372.16
710.99,781.42,184.96,371.26
523.07,1073.10,156.95,370.67
652.98,888.22,61.15,370.32
582.85,674.14,156.04,367.29
936.14,1187.51,52.97,364.31
679.48,792.34,73.23,364.12
655.42,940.03,115.05,360.83
997.32,1009.40,106.17,360.09
781.14,1147.05,146.44,359.73
498.80,997.14,101.43,359.52
476.50,1267.15,64.63,355.51
706.04,909.13,126.36,355.19
390.93,900.77,116.27,354.92
667.79,935.10,57.93,352.64
243.91,987.87,259.34,352.58
419.47,792.61,83.36,350.68
468.04,1072.31,134.45,349.85
637.38,892.24,65.11,349.49
622.27,988.49,83.12,348.53
655.49,1045.57,141.75,348.07
476.53,980.14,123.28,347.41
243.95,549.84,67.16,347.14
390.93,516.36,100.98,346.85
858.37,905.59,74.85,343.87
900.88,914.72,101.59,342.44
441.96,723.06,40.43,341.18
664.31,774.97,116.34,340.02
454.98,822.86,38.82,340.00
503.73,952.11,129.12,339.66
525.01,1187.48,86.47,339.58
910.15,1164.07,111.78,339.53
459.09,536.71,94.93,339.17
516.65,1072.14,103.06,339.06
446.04,1327.28,49.35,338.78
586.10,653.59,78.86,338.03
390.88,866.04,65.44,337.99
487.05,838.13,40.87,337.51
597.42,979.51,57.50,337.35
781.00,1187.39,149.09,336.89
502.58,914.53,70.64,335.38
396.59,633.85,49.30,335.15
454.92,1327.46,48.42,334.70
549.65,909.22,80.09,334.68
996.90,1171.21,94.70,334.66
988.48,1045.10,184.59,334.46
831.86,909.76,96.64,333.64
663.05,719.46,136.91,333.16
574.04,713.88,104.77,332.18
556.33,909.17,84.30,331.55
717.87,909.26,80.82,331.29
382.09,996.98,143.25,329.88
524.89,730.54,85.37,329.71
243.91,598.11,66.17,329.12
492.02,633.64,58.33,328.77
540.08,663.93,66.49,328.65
888.31,988.64,65.90,328.28
607.72,633.89,132.35,328.02
728.23,775.38,108.40,327.85
513.26,780.96,39.37,326.59
891.98,1073.45,72.73,325.33
646.86,699.47,153.38,325.32
670.96,841.64,74.67,325.32
226.13,988.40,95.66,325.26
655.52,987.47,171.55,325.07
467.33,909.24,106.32,324.38
549.65,923.45,94.18,324.22
468.00,516.03,59.43,324.11
476.40,1285.46,128.95,323.88
510.98,653.00,75.64,323.83
713.17,988.29,115.95,323.81
517.39,663.91,92.54,321.27
841.01,1285.23,76.64,320.60
445.88,582.49,137.29,320.44
891.13,914.60,93.04,320.15
663.84,710.73,137.65,319.69
589.96,923.29,94.15,319.57
626.77,988.50,176.64,319.11
225.74,1072.04,52.83,318.52
781.00,1130.38,38.59,318.00
609.74,734.20,101.90,317.85
643.02,820.74,132.43,317.75
727.85,965.72,69.15,317.60
711.09,792.25,110.75,317.47
663.92,1028.03,50.36,317.14
390.96,678.72,47.36,316.87
952.01,1073.28,212.33,316.52
781.22,1284.29,157.61,316.41
538.23,1328.33,47.96,315.97
476.50,969.51,70.29,315.86
522.87,763.83,59.58,315.86
610.27,893.16,30.70,315.15
564.77,653.50,58.99,314.03
692.40,952.50,158.82,313.90
265.76,997.15,52.73,313.65
722.89,1164.41,83.61,312.91
664.29,723.13,154.60,312.64
244.16,910.00,124.60,312.57
620.72,1072.35,48.56,311.91
476.50,1041.35,48.95,311.70
626.37,952.52,136.19,311.10
783.64,823.61,52.82,310.62
621.84,997.12,99.48,309.89
423.74,699.97,47.64,309.72
559.82,908.99,82.21,309.65
476.32,691.90,127.06,309.63
650.18,762.91,50.01,308.97
699.87,1170.29,62.05,308.93
734.15,940.34,99.99,308.89
507.15,988.63,63.18,308.73
342.96,655.26,35.26,308.55
997.27,1055.36,106.08,307.98
727.84,897.63,74.52,307.51
717.52,723.24,59.04,307.12
663.88,852.32,54.24,306.89
598.57,909.18,128.31,306.82
838.09,1072.24,168.52,306.73
243.73,805.92,40.14,306.65
489.90,909.02,71.82,306.28
931.99,997.37,113.24,306.25
596.93,653.01,73.42,306.20
952.14,1171.28,68.29,306.20
582.34,1188.01,108.22,305.06
714.25,915.01,81.16,304.98
391.17,692.14,80.95,304.71
390.89,1327.73,57.98,304.32
638.16,781.26,77.55,304.25
429.80,523.08,45.03,304.21
586.47,700.01,80.74,304.20
413.90,923.70,43.60,304.06
653.19,676.99,39.97,303.92
374.99,719.60,35.25,303.86
962.19,988.28,96.86,303.68
522.87,658.89,32.74,303.67
781.14,971.07,67.23,303.67
243.92,905.97,116.58,302.72
655.48,805.12,61.87,302.42
493.06,699.53,44.29,302.01
566.49,733.97,120.26,301.72
690.95,705.29,86.91,301.66
536.23,934.85,62.75,301.36
391.01,782.81,114.36,301.26
719.25,727.47,115.69,301.08
291.93,646.64,40.43,301.03
621.03,642.68,97.89,301.00
634.00,800.67,52.68,300.79
522.63,703.04,55.11,300.74
702.33,716.39,69.31,300.46
420.74,952.13,66.60,300.34
329.84,734.50,46.29,300.27
508.13,1072.15,41.73,300.09
718.99,979.95,96.51,300.09
559.94,1073.04,79.18,299.96
585.24,633.72,101.54,299.90
507.63,634.12,63.65,299.78
646.34,792.38,92.50,299.76
838.13,923.50,279.83,299.45
454.92,839.70,44.43,299.31
679.44,691.73,51.46,299.14
909.22,918.11,50.74,299.08
915.12,1055.36,54.02,298.87
857.34,1285.50,60.34,298.79
446.55,1164.34,75.15,298.79
658.08,699.63,102.27,298.53
643.12,1399.50,82.28,298.29
914.83,1036.55,87.49,298.01
1056.22,1072.08,38.59,297.96
636.37,690.78,42.43,297.70
551.10,734.11,76.92,297.35
953.01,1053.45,74.76,296.73
829.14,951.97,56.58,296.17
649.98,979.01,104.49,296.02
536.22,914.61,90.05,295.45
467.68,892.32,64.37,295.43
642.34,940.06,154.60,295.34
699.24,808.86,56.27,295.18
415.02,642.76,87.52,295.02
909.62,1072.45,138.65,294.92
467.45,649.88,76.68,294.53
633.65,784.21,130.66,294.47
939.50,974.25,38.53,294.39
780.99,1169.73,49.24,294.37
639.24,952.23,53.67,293.93
243.74,291.89,46.82,293.92
905.35,987.96,106.70,293.61
711.15,914.49,93.77,293.60
997.15,1266.22,99.00,293.36
952.01,1100.42,38.89,291.83
401.29,910.28,23.68,291.47
366.87,997.12,43.12,290.83
910.24,935.38,123.28,290.64
728.52,931.33,100.94,290.43
391.04,504.02,65.84,290.23
877.09,923.43,44.93,290.11
606.75,692.01,46.98,290.06
914.76,1284.09,95.83,289.27
493.66,642.36,88.10,289.26
463.09,574.02,69.34,289.21
663.91,796.50,57.04,288.88
782.92,973.89,52.76,288.78
445.77,476.53,80.25,288.62
243.74,778.36,41.03,288.61
592.09,997.27,103.55,288.59
391.01,605.29,52.41,288.58
362.41,996.65,59.99,288.32
585.44,1164.33,45.95,287.88
633.69,1214.22,50.79,287.64
923.74,1040.94,51.49,287.45
841.77,1072.82,66.01,287.43
534.01,643.02,68.58,287.42
705.33,734.81,72.69,287.23
634.26,781.09,149.70,287.10
536.95,592.09,56.68,286.97
822.13,914.73,61.89,286.54
923.13,1036.03,89.38,286.51
678.69,923.13,65.65,286.47
699.80,832.42,85.73,286.42
468.16,780.98,86.59,286.27
391.14,1284.86,80.35,286.17
1035.85,1045.62,37.10,286.11
642.54,1188.50,220.14,285.74
550.78,655.46,52.54,285.64
637.75,699.62,76.15,285.63
642.62,1564.13,48.92,285.55
686.21,909.38,100.28,285.39
900.65,1285.34,45.56,285.35
243.74,671.74,54.93,285.33
705.32,849.87,83.92,285.22
956.47,1073.12,19.64,285.20
410.73,723.88,39.06,284.68
914.66,1023.00,36.63,284.35
634.02,775.51,60.71,284.02
499.16,781.23,33.26,283.71
577.91,923.35,40.47,283.62
375.89,952.36,80.81,283.37
701.11,1327.50,43.22,282.99
390.94,970.37,59.30,282.67
909.39,1037.12,71.24,282.54
711.03,763.89,55.14,282.27
682.28,714.00,37.57,282.26
516.39,781.41,67.14,282.02
536.81,823.12,67.63,281.74
485.73,734.34,50.46,281.66
291.88,997.17,85.35,281.50
692.46,909.38,81.81,281.42
970.60,979.78,65.13,281.12
892.29,1147.26,47.59,281.12
559.94,642.35,138.04,280.99
671.53,1045.74,65.95,280.91
574.10,626.77,78.36,280.89
705.26,708.62,59.09,280.89
420.02,910.15,44.35,280.67
722.35,792.39,66.40,280.62
650.30,935.29,80.11,280.54
633.56,680.31,69.30,280.43
589.22,914.50,42.77,280.40
607.69,1072.26,71.30,279.72
692.49,857.74,82.16,279.41
701.54,965.40,40.59,279.36
781.23,896.88,75.27,279.25
642.73,833.18,84.19,279.07
243.73,722.50,74.32,278.82
390.97,883.26,44.20,278.74
586.28,664.38,74.93,278.59
690.60,895.92,55.22,278.35
699.40,1053.44,50.83,278.27
910.05,1309.98,35.70,278.25
230.01,923.74,49.60,278.18
564.88,1147.07,45.49,277.77
525.15,774.92,47.99,277.67
453.70,988.36,109.07,277.62
468.52,692.03,58.42,277.48
582.35,792.78,120.18,277.44
763.57,952.39,66.43,277.26
468.49,654.89,45.51,277.25
626.54,728.45,168.86,277.01
838.14,1284.03,94.84,276.95
764.12,1164.21,45.17,276.84
243.85,1008.36,31.53,276.70
832.14,988.05,89.37,276.62
719.41,874.11,42.19,276.46
536.49,970.33,60.46,276.33
467.62,792.01,72.58,276.26
523.05,1147.71,33.36,276.01
910.40,1327.48,51.63,275.75
550.53,988.66,78.59,275.72
714.01,1187.23,54.06,275.14
243.87,376.15,36.66,275.02
419.36,700.38,47.04,275.01
792.30,970.49,53.21,274.90
240.98,642.60,38.81,274.81
664.17,891.90,118.69,274.78
650.27,840.80,93.97,274.59
565.61,922.85,57.94,274.38
615.61,952.85,49.55,274.29
700.44,709.64,75.09,274.28
566.52,1285.11,53.15,274.23
606.89,989.31,55.07,273.77
381.86,663.98,69.07,273.50
583.05,653.01,102.85,273.09
559.94,935.32,46.39,273.04
574.15,649.87,88.30,272.98
409.70,951.95,47.96,272.88
585.72,725.47,37.95,272.72
528.01,1072.28,61.28,272.63
838.12,896.60,74.14,272.51
719.54,923.13,205.40,272.50
613.71,643.27,76.84,272.05
721.54,910.49,44.57,272.03
476.64,1188.61,51.44,271.97
523.41,923.52,83.79,271.93
411.31,727.98,53.75,271.78
405.54,987.83,44.69,271.76
607.29,781.09,96.37,271.70
728.21,874.08,58.11,271.67
622.15,781.88,42.41,271.57
848.65,923.64,68.71,271.54
633.65,1265.99,39.78,271.48
486.12,782.05,36.11,271.44
723.00,764.12,52.87,271.40
663.70,876.41,57.36,271.28
409.98,913.96,61.85,271.28
516.09,643.27,105.25,271.23
528.03,934.72,30.52,271.01
646.87,988.77,84.46,270.99
723.00,781.50,106.79,270.33
467.41,686.21,55.78,270.20
718.92,734.09,154.53,270.10
244.03,930.98,40.24,270.03
718.85,935.02,73.88,269.97
792.43,1164.27,73.94,269.86
212.92,585.47,19.86,269.85
781.32,1328.38,42.85,269.79
849.57,1147.52,53.21,269.71
243.90,710.73,70.65,269.41
915.14,1327.54,54.54,269.21
897.89,997.36,89.17,269.17
225.83,924.01,63.78,269.07
549.86,700.02,50.47,268.95
381.76,979.23,39.51,268.86
634.00,886.53,26.65,268.81
781.21,841.38,119.57,268.78
626.37,923.26,167.16,268.34
653.24,1171.26,30.47,268.30
634.60,1072.15,93.83,268.29
952.39,980.29,80.76,268.23
625.40,664.11,108.38,268.20
861.02,951.90,38.52,268.19
905.64,970.51,56.51,267.97
462.10,582.35,57.80,267.91
574.05,965.49,48.45,267.78
462.37,477.09,55.97,267.75
804.29,979.31,42.81,267.62
392.15,838.00,47.84,267.41
664.34,983.07,92.39,267.10
734.32,857.24,105.62,267.08
910.39,1053.48,70.85,267.01
838.09,867.91,30.58,266.90
486.61,997.00,96.79,266.62
338.89,988.19,43.04,266.53
905.66,1188.10,60.93,266.34
691.69,819.86,41.66,266.32
782.27,915.02,65.50,265.82
620.23,914.50,40.51,265.80
454.94,997.07,213.07,265.58
722.97,841.55,58.08,265.10
244.44,634.00,63.29,264.99
619.66,625.97,37.29,264.92
642.88,778.00,95.84,264.88
832.49,1188.12,34.61,264.80
516.45,896.83,53.95,264.70
781.02,878.50,30.29,264.67
454.07,909.28,91.11,264.60
556.11,979.04,35.83,264.44
935.13,965.72,34.25,264.14
656.51,979.65,52.15,263.89
646.87,1072.01,84.30,263.87
589.65,691.77,54.76,263.81
910.27,969.52,78.40,263.74
974.02,1188.20,32.13,263.67
419.53,734.61,73.27,263.56
510.75,728.16,65.67,263.48
612.21,952.15,43.56,263.45
522.84,711.00,50.87,263.43
583.06,1147.36,76.71,263.34
699.36,1284.38,87.96,263.22
582.40,724.49,55.78,263.20
566.00,849.91,50.18,263.17
710.49,910.09,102.22,263.16
225.97,734.25,66.97,263.10
446.25,663.74,85.59,263.05
655.38,763.83,64.85,262.72
409.87,1284.51,40.67,262.46
914.24,987.64,148.59,262.45
792.95,923.50,105.43,262.36
353.69,909.97,32.98,262.02
424.85,643.14,45.18,261.99
507.12,655.70,36.66,261.75
525.62,996.71,89.51,261.72
720.13,905.33,58.56,261.68
653.32,935.04,89.28,261.63
574.04,637.38,67.85,261.50
857.04,935.20,74.30,261.44
918.80,951.99,47.30,261.38
522.71,728.08,85.92,261.28
725.22,935.13,61.39,261.24
672.83,722.89,54.57,261.16
882.23,988.30,67.81,261.06
974.88,988.13,66.90,260.92
445.85,537.86,59.82,260.83
633.46,838.25,121.63,260.74
429.87,923.48,72.38,260.68
813.49,1073.38,44.56,260.56
410.01,581.99,47.41,260.47
582.33,1399.15,25.02,260.28
727.98,905.46,96.80,260.25
390.89,1165.48,73.28,260.23
696.93,700.12,69.64,260.10
455.36,582.48,90.09,260.04
419.23,838.38,59.22,259.89
212.79,952.22,65.32,259.68
642.64,1015.02,42.90,259.57
459.52,642.37,80.16,259.49
330.26,642.71,88.61,259.48
653.16,849.76,99.81,259.28
803.91,996.75,74.16,259.10
574.00,706.25,82.88,258.98
659.48,996.62,61.16,258.82
671.49,719.76,63.79,258.81
476.63,679.52,38.26,258.76
536.28,979.62,92.65,258.50
691.82,900.37,42.94,258.28
523.08,784.00,62.06,258.24
728.68,974.36,66.15,258.23
525.13,691.72,65.22,258.22
243.77,654.03,73.59,257.95
362.10,582.54,45.08,257.83
781.49,883.08,40.33,257.63
671.48,727.84,96.36,257.61
579.13,996.52,69.50,257.31
664.17,1129.09,45.77,257.26
638.49,997.21,91.84,257.26
295.91,643.21,46.96,257.02
696.38,974.59,46.54,256.95
347.88,838.19,42.09,256.92
814.39,856.96,34.90,256.66
376.00,909.13,52.71,256.63
691.78,813.90,69.09,256.50
655.26,1329.04,57.04,256.29
582.84,656.17,102.53,256.22
723.87,891.54,48.93,256.18
642.76,1311.04,56.55,256.10
565.02,909.04,84.76,256.05
671.63,699.53,84.36,255.98
667.48,727.98,42.43,255.86
637.60,664.28,71.51,255.86
560.03,782.21,47.44,255.84
555.68,652.90,56.00,255.79
573.89,655.68,150.05,255.76
362.01,643.14,76.44,255.65
857.39,898.03,25.58,255.62
502.22,536.51,53.28,255.62
843.21,979.61,38.89,255.42
516.29,1045.35,41.23,255.35
710.48,728.15,111.38,255.35
664.34,1268.13,45.03,255.34
705.36,988.26,78.59,255.24
996.57,1059.99,45.09,255.21
672.56,997.04,142.71,255.14
691.63,970.25,45.47,255.14
673.00,849.90,54.92,255.13
679.47,1073.10,47.96,254.98
625.83,655.87,59.74,254.89
298.60,996.51,38.34,254.87
538.11,599.14,36.28,254.86
664.43,831.41,31.44,254.79
664.47,1327.40,53.36,254.72
699.90,930.76,52.73,254.69
637.90,988.77,62.06,254.66
569.89,781.19,40.57,254.63
663.83,841.52,124.25,254.59
804.06,1285.49,30.29,254.50
527.76,1285.33,46.90,254.47
692.39,720.02,79.44,254.34
699.48,979.66,116.49,254.27
462.38,849.94,53.80,254.18
704.16,722.59,36.25,254.05
838.27,1129.12,29.51,253.96
655.51,823.34,68.85,253.88
410.99,996.86,90.40,253.86
487.04,988.10,44.80,253.69
780.97,966.14,58.07,253.57
445.87,719.01,96.36,253.40
564.76,825.78,26.05,253.28
633.69,900.51,60.68,253.28
642.34,884.77,104.78,253.24
390.91,841.61,83.78,253.23
562.13,733.97,37.29,253.16
607.37,857.50,40.02,253.16
764.36,988.52,66.85,253.07
656.00,707.69,38.95,253.05
802.37,909.03,37.06,253.01
519.90,643.38,59.06,252.93
953.63,1310.23,27.57,252.91
525.01,656.04,63.83,252.75
476.61,996.47,146.56,252.65
664.15,809.22,48.80,252.63
477.00,642.32,138.26,252.60
988.06,1060.36,39.35,252.39
900.08,983.24,40.05,252.29
634.06,940.05,46.98,252.16
952.14,1198.38,39.81,252.07
375.76,997.14,83.09,252.02
592.07,652.91,48.86,252.01
861.13,914.42,32.41,251.96
468.02,1284.40,51.50,251.92
897.11,923.76,79.93,251.89
630.11,733.93,68.02,251.89
476.89,1044.66,54.27,251.87
503.97,699.54,67.65,251.85
997.30,1452.37,28.83,251.74
705.10,892.29,38.24,251.56
566.63,716.44,30.79,251.43
597.96,723.45,29.77,251.39
528.34,915.06,50.83,251.27
538.07,673.32,52.37,251.21
225.99,997.02,96.15,251.16
952.10,1147.79,67.02,251.11
664.02,672.11,106.99,251.11
653.32,727.93,158.28,251.04
633.97,1285.69,101.13,250.87
458.75,781.41,60.30,250.76
728.37,969.10,50.48,250.67
467.89,633.51,72.86,250.40
663.90,1006.55,24.67,250.29
462.38,970.12,49.56,250.23
516.33,952.52,86.61,250.07
700.66,723.08,66.43,250.06
536.89,560.58,34.37,250.01
522.99,978.91,57.61,249.98
642.36,1439.35,51.46,249.68
445.97,733.38,94.40,249.65
996.99,1031.79,55.99,249.58
691.97,914.50,98.20,249.48
522.86,527.45,37.92,249.41
683.16,997.37,78.30,249.30
783.28,1036.98,33.74,249.29
719.50,808.67,55.63,249.23
728.22,823.10,62.98,249.01
781.50,982.94,74.61,248.88
454.80,1072.25,80.10,248.82
446.02,710.46,40.66,248.69
376.00,643.23,53.51,248.63
574.40,982.45,38.70,248.57
719.55,821.80,40.24,248.56
667.77,909.51,41.49,248.48
710.49,857.80,56.08,248.46
685.84,923.38,92.70,248.31
681.51,728.70,40.84,248.27
390.96,1036.36,44.55,248.23
611.10,914.35,38.55,248.05
633.93,1187.47,79.55,247.93
663.95,1070.01,36.48,247.83
633.87,643.16,249.07,247.77
391.01,444.92,45.87,247.68
634.02,988.70,132.53,247.64
468.00,672.47,36.34,247.60
983.13,997.08,182.90,247.51
653.15,1054.98,31.96,247.39
642.34,723.52,175.39,247.36
1045.20,1164.26,48.48,247.34
603.27,643.01,102.66,247.19
379.89,728.90,32.67,246.82
765.24,781.09,39.96,246.78
952.39,1041.23,41.45,246.73
538.31,1284.41,63.74,246.61
734.25,841.35,136.65,246.46
502.69,634.03,60.35,246.33
792.41,979.06,50.58,246.28
699.99,766.04,50.12,246.24
649.73,1284.41,57.39,246.11
559.78,838.34,56.76,246.02
713.22,838.30,52.29,245.75
476.34,784.04,48.64,245.61
832.55,1285.10,41.84,245.54
705.65,1044.62,33.49,245.52
536.87,634.01,127.61,245.28
551.00,914.79,36.13,245.14
436.25,663.77,46.57,245.09
419.17,476.51,36.71,245.07
523.03,849.96,83.84,244.97
244.16,685.83,32.29,244.88
664.06,979.52,157.51,244.84
857.50,892.91,40.71,244.81
714.70,931.33,29.32,244.48
719.34,775.15,39.96,244.28
857.73,969.20,43.65,244.21
582.88,1054.21,52.30,244.18
243.85,1054.96,39.47,244.09
792.36,806.11,33.14,243.83
792.63,982.23,33.22,243.79
686.77,792.35,56.65,243.72
609.99,656.16,42.92,243.59
792.50,857.20,69.50,243.55
682.37,1285.32,31.40,243.55
522.86,699.77,111.56,243.55
212.73,243.76,29.67,243.53
589.99,952.01,61.60,243.52
459.15,909.96,45.15,243.30
857.48,862.74,43.83,243.18
702.80,905.50,38.86,243.17
716.13,791.88,50.65,243.14
543.62,664.38,40.29,243.08
650.29,997.29,139.80,242.85
416.07,655.54,29.29,242.80
1073.11,1285.23,57.99,242.70
527.92,624.49,32.41,242.68
570.17,952.26,38.19,242.53
682.40,909.20,60.56,242.52
664.22,900.90,91.34,242.47
579.84,699.22,45.82,242.44
662.33,1310.12,22.71,242.35
516.47,566.41,32.54,242.33
275.73,642.78,27.19,242.11
705.76,780.88,56.82,242.06
690.61,727.91,133.88,241.99
624.23,642.76,108.58,241.92
809.04,910.09,24.06,241.83
663.90,666.84,55.95,241.79
896.38,915.07,47.01,241.68
555.99,1072.12,42.33,241.63
655.68,1310.16,45.40,241.59
476.67,974.16,47.94,241.33
897.00,1284.97,36.48,241.32
560.53,996.62,54.71,241.22
663.90,686.26,84.59,241.14
672.41,914.62,80.49,241.13
582.59,713.97,59.53,241.13
508.38,952.41,50.43,241.10
460.06,655.72,30.29,241.09
699.97,713.69,64.08,240.99
476.47,1037.16,53.64,240.87
850.00,867.86,26.13,240.75
375.74,781.31,37.21,240.65
691.80,1165.03,43.50,240.65
343.00,996.84,77.54,240.50
243.80,983.10,99.42,240.47
626.34,708.36,33.13,240.04
643.23,919.10,86.40,240.02
909.17,1266.40,41.60,240.01
642.76,969.95,93.71,240.01
672.50,1036.86,36.33,239.95
401.90,643.03,67.21,239.85
628.14,643.00,103.25,239.80
836.47,996.88,65.25,239.80
212.86,536.79,35.72,239.45
719.97,1284.33,77.74,239.45
476.67,892.03,65.68,239.34
523.02,536.33,77.92,239.24
581.44,633.60,53.47,239.16
690.84,883.97,53.55,239.14
838.04,974.47,56.45,239.02
546.40,996.61,57.64,238.96
516.45,525.01,44.03,238.95
566.50,914.13,50.58,238.89
523.14,599.01,29.76,238.77
582.63,598.57,56.96,238.74
814.32,914.38,66.71,238.67
467.73,914.68,72.96,238.54
505.78,734.16,55.51,238.42
453.85,536.26,41.12,238.27
606.19,734.02,30.86,238.26
817.35,988.25,48.36,238.23
243.86,590.49,29.60,238.22
226.12,905.46,29.07,238.19
700.18,719.49,104.05,238.14
608.02,792.41,28.22,238.12
382.06,988.10,56.64,238.05
931.72,988.00,48.05,237.95
536.91,805.39,36.55,237.91
590.23,838.23,42.05,237.89
663.89,675.23,60.03,237.83
656.23,849.37,74.41,237.83
891.99,905.50,39.08,237.75
655.34,770.63,31.17,237.55
429.10,728.24,42.75,237.52
724.89,979.28,46.73,237.50
598.43,997.14,68.66,237.49
952.15,1033.13,32.53,237.46
682.76,952.11,55.00,237.43
731.41,923.39,72.09,237.39
716.10,728.27,81.78,237.34
510.83,909.11,48.85,237.21
454.83,649.90,48.13,237.14
444.88,983.39,22.28,237.09
783.75,838.03,73.67,237.04
663.94,1196.16,32.55,237.02
216.94,996.89,39.76,236.75
582.50,728.39,176.25,236.61
589.86,725.26,45.60,236.53
504.24,652.91,61.09,236.34
387.38,642.88,47.76,236.31
501.78,664.15,66.98,236.31
559.87,915.40,48.76,236.18
964.98,997.14,67.12,235.94
582.83,823.60,57.07,235.93
728.77,1163.83,32.37,235.92
583.09,883.11,39.84,235.79
566.53,692.38,49.14,235.70
527.12,923.63,39.81,235.65
591.88,848.96,35.77,235.52
633.37,931.65,42.90,235.51
458.90,734.20,56.61,235.39
582.34,686.71,47.25,235.38
573.24,953.17,73.49,235.29
861.62,988.51,52.45,235.27
616.91,914.89,43.90,235.16
662.87,1036.52,37.01,235.15
796.76,914.51,48.33,235.06
653.28,998.92,42.27,235.02
781.14,940.46,51.04,235.00
650.05,714.82,46.92,234.97
719.50,842.59,44.08,234.95
800.03,996.52,57.09,234.80
723.26,1036.65,35.14,234.76
476.29,708.54,52.13,234.68
419.18,633.88,53.68,234.61
781.74,979.45,67.29,234.46
642.61,853.51,60.58,234.45
822.90,909.94,68.07,234.43
633.37,819.89,40.44,234.19
624.91,866.07,34.03,234.19
686.53,857.52,32.46,234.01
556.14,953.02,28.85,233.86
392.01,951.96,61.36,233.81
565.75,722.96,41.64,233.76
517.22,686.60,20.60,233.47
633.85,905.51,93.39,233.35
536.52,819.53,43.88,233.34
445.79,690.73,48.11,233.30
996.95,1020.61,37.93,233.10
691.80,930.69,32.49,233.08
642.88,808.45,74.97,233.02
714.21,1164.19,41.09,233.01
468.04,935.27,42.33,232.97
599.10,792.11,30.95,232.94
663.74,1176.22,22.59,232.90
711.65,848.96,41.73,232.89
952.11,956.46,37.27,232.88
633.78,856.84,56.92,232.76
910.13,1198.04,22.31,232.56
699.85,970.02,59.96,232.55
580.74,642.37,132.61,232.49
696.63,935.16,57.02,232.48
774.86,996.31,52.45,232.43
523.13,876.30,26.82,232.40
734.27,764.26,64.10,232.40
935.26,1036.67,28.66,232.32
445.97,722.88,49.75,232.31
949.18,997.36,51.95,232.30
703.59,914.47,54.08,232.20
905.88,914.39,70.23,232.12
781.39,935.08,93.76,232.05
391.15,1044.56,42.56,232.02
462.64,634.21,55.74,231.83
699.60,782.31,88.62,231.82
553.14,997.17,33.67,231.81
391.15,507.80,31.97,231.72
476.36,1147.10,41.34,231.70
390.98,392.17,35.20,231.70
455.23,980.15,32.95,231.63
734.29,1055.10,40.02,231.57
351.97,642.85,45.40,231.56
728.88,1285.12,65.25,231.33
763.96,857.35,44.11,231.25
243.88,892.26,73.88,231.08
316.03,910.23,42.96,231.07
502.76,728.27,35.92,231.00
244.11,888.26,54.47,230.97
931.59,952.55,53.36,230.95
792.21,940.70,53.03,230.93
537.98,897.50,27.27,230.81
922.86,1267.34,43.14,230.62
634.15,710.22,67.35,230.35
409.87,516.60,24.73,230.29
441.86,996.71,46.29,230.20
974.71,979.33,44.96,230.03
597.33,719.39,45.67,230.02
778.13,905.89,29.18,229.96
979.21,982.50,50.50,229.93
528.74,653.01,31.25,229.90
504.17,838.26,33.62,229.71
656.20,720.35,74.61,229.64
655.01,841.76,49.14,229.60
528.09,909.77,60.40,229.52
821.01,952.07,51.64,229.51
626.41,696.27,38.35,229.50
923.33,1053.25,69.06,229.35
578.82,914.47,35.58,229.33
722.36,728.61,99.91,229.32
663.78,1164.67,97.42,229.30
455.11,792.38,53.38,229.30
642.64,1156.28,52.05,229.23
540.09,988.51,46.17,229.19
396.61,952.27,35.18,229.05
467.71,696.26,43.21,228.99
723.37,1072.22,58.05,228.96
663.95,914.89,132.54,228.86
536.46,705.10,81.72,228.65
582.65,706.95,59.81,228.61
614.88,988.07,58.31,228.55
602.38,728.06,40.00,228.48
455.04,655.62,91.94,228.29
663.89,696.38,106.56,228.28
551.28,634.01,35.15,228.26
643.27,1164.90,85.64,228.22
477.02,655.11,50.73,228.18
599.08,849.79,51.27,228.17
934.27,982.98,41.54,228.08
913.83,934.87,56.46,228.07
699.49,896.98,51.13,228.00
243.78,901.28,35.28,227.99
692.76,792.87,34.83,227.90
569.51,633.73,53.41,227.88
923.08,1019.77,49.51,227.83
663.96,1061.31,39.41,227.82
684.77,850.19,30.74,227.75
719.91,983.22,62.61,227.75
559.83,728.61,67.40,227.70
536.48,649.86,75.04,227.34
445.96,781.80,58.97,227.20
728.37,814.65,46.33,227.19
643.05,1060.26,44.35,227.15
642.35,647.54,98.50,227.13
603.65,952.23,30.38,227.07
884.75,952.01,49.79,226.99
850.00,982.85,65.64,226.96
585.52,908.88,58.17,226.92
462.62,908.71,32.39,226.76
826.46,923.42,49.76,226.69
781.39,866.99,30.83,226.69
429.89,996.58,74.58,226.48
573.89,866.80,46.66,226.35
934.91,1284.15,63.05,226.35
909.55,1187.14,43.28,226.33
580.49,649.84,37.61,226.17
658.23,728.23,54.59,226.10
281.97,536.47,29.82,226.00
538.10,691.99,63.67,225.92
462.36,1072.07,50.95,225.89
642.36,1081.61,37.64,225.88
709.64,922.87,92.24,225.82
523.27,965.66,25.36,225.80
719.74,832.24,50.34,225.69
667.10,734.62,34.74,225.67
857.72,965.29,25.59,225.61
769.51,923.62,40.97,225.45
655.60,1195.81,20.91,225.33
849.94,1165.28,43.84,225.27
733.60,892.96,46.66,225.25
464.56,655.46,53.42,225.10
523.09,1045.87,53.40,225.09
498.28,663.85,27.26,225.07
731.27,1073.09,55.60,224.88
817.60,952.76,70.99,224.88
781.28,1310.10,36.04,224.82
717.61,719.23,28.53,224.71
543.78,642.72,72.92,224.68
642.20,663.98,135.24,224.62
774.00,923.62,46.30,224.60
575.90,696.50,30.96,224.59
625.69,1072.22,60.83,224.58
396.83,997.12,47.55,224.55
700.38,940.45,47.19,224.50
642.51,816.85,46.58,224.45
682.21,923.14,55.62,224.33
728.16,868.03,37.80,224.33
409.71,700.37,29.88,224.29
909.97,961.11,33.06,224.21
538.05,682.57,31.58,224.11
952.03,965.51,85.22,224.11
626.51,974.36,39.31,224.07
642.45,824.38,65.74,224.07
453.91,658.64,40.27,223.95
225.98,914.09,32.35,223.82
642.91,813.48,104.66,223.75
699.56,857.16,99.16,223.70
625.40,838.13,52.36,223.65
646.88,900.38,33.06,223.63
634.35,850.08,100.13,223.52
664.54,805.01,34.75,223.51
649.86,892.09,51.35,223.27
923.12,943.77,28.01,223.15
468.54,734.49,42.93,223.11
542.13,923.08,44.12,223.07
582.92,719.15,98.31,223.01
243.86,1156.11,26.86,222.87
312.90,923.51,23.53,222.71
444.90,650.09,33.57,222.63
567.01,791.89,26.29,222.61
861.79,996.98,64.68,222.60
476.50,931.18,29.52,222.54
458.94,953.31,32.23,222.50
243.75,623.51,31.29,222.36
792.27,914.72,95.76,222.30
243.86,874.14,32.60,222.28
699.79,882.77,36.31,222.28
376.16,734.13,35.28,222.20
944.55,997.27,53.84,222.16
900.31,923.07,64.97,222.12
705.40,1164.37,39.36,222.07
419.43,467.66,41.88,221.87
541.12,952.13,39.43,221.80
391.18,779.07,25.01,221.67
653.13,837.86,60.25,221.60
633.63,1045.79,53.95,221.59
923.38,947.40,40.70,221.50
642.40,1361.88,32.81,221.43
601.49,719.62,36.05,221.32
685.74,780.96,40.32,221.18
438.80,923.58,29.73,221.16
536.76,566.80,55.47,221.08
504.88,909.33,44.53,221.07
402.19,923.64,40.40,221.04
650.27,681.95,26.21,220.95
415.17,952.51,22.42,220.82
633.53,705.20,74.11,220.81
525.80,781.55,27.40,220.79
696.52,719.34,69.42,220.71
706.42,1188.13,18.34,220.59
516.34,979.27,60.54,220.57
696.28,909.19,63.54,220.54
536.79,905.35,63.67,220.54
556.26,996.47,39.64,220.50
691.07,1147.38,35.22,220.46
691.75,711.30,47.21,220.41
459.53,663.98,51.76,220.38
536.52,620.23,43.52,220.38
734.25,1197.40,30.91,220.28
849.86,918.71,40.95,220.22
593.09,988.23,41.07,220.20
243.76,1310.30,29.00,220.17
729.73,800.85,40.59,220.14
524.86,724.24,41.53,220.10
459.10,987.98,41.49,220.05
582.77,915.41,63.99,220.00
376.13,838.52,24.72,220.00
467.35,642.51,102.62,219.86
690.28,979.10,36.95,219.82
536.58,857.49,67.11,219.78
719.46,891.92,61.47,219.75
778.04,909.21,35.09,219.73
625.25,849.85,47.22,219.67
700.00,841.99,48.52,219.58
653.98,857.93,50.09,219.52
455.51,671.54,36.28,219.51
291.85,988.27,40.25,219.48
609.81,838.12,47.15,219.38
642.63,1133.16,29.11,219.37
536.67,791.98,72.98,219.33
668.70,849.47,30.78,219.08
617.98,633.36,40.13,219.03
560.11,792.58,33.28,219.03
643.27,1031.40,32.88,218.96
927.32,996.89,54.04,218.84
689.11,719.39,34.37,218.83
476.18,734.01,77.39,218.77
655.66,1187.13,54.50,218.66
462.35,699.46,63.83,218.61
454.97,719.79,65.59,218.54
719.61,941.30,41.41,218.44
566.90,978.59,46.29,218.41
850.13,1044.97,55.51,218.41
849.71,979.20,64.76,218.39
642.99,1283.97,102.50,218.39
585.40,708.65,33.51,218.38
727.88,862.23,40.83,218.33
606.89,979.65,37.96,218.21
696.84,983.16,51.12,218.15
390.93,710.55,82.53,218.05
462.21,522.99,38.27,217.82
476.21,573.75,32.27,217.69
536.52,624.95,36.81,217.65
525.40,646.49,37.81,217.61
642.47,1170.84,73.84,217.46
585.86,780.83,27.93,217.35
699.78,849.20,65.90,217.29
649.99,858.04,37.77,217.25
634.26,874.39,29.65,217.23
574.53,988.00,59.87,217.20
390.99,870.14,21.55,217.12
609.78,724.49,19.86,217.04
987.46,1073.13,77.53,217.00
734.24,1267.62,47.81,216.95
476.64,560.75,28.22,216.94
599.38,642.95,94.15,216.83
634.02,637.62,41.44,216.75
580.99,814.41,31.41,216.74
516.80,841.55,24.11,216.69
410.01,712.97,22.36,216.67
433.50,728.10,35.75,216.67
420.07,664.30,51.94,216.67
419.93,536.78,31.53,216.47
375.60,582.53,41.72,216.45
648.78,695.04,23.44,216.39
653.14,704.84,61.55,216.33
643.17,991.22,23.01,216.33
476.51,672.56,49.17,216.33
244.12,607.14,42.50,216.28
536.35,783.98,53.05,216.22
909.00,974.02,61.42,216.07
655.60,1147.52,47.27,216.05
582.37,670.82,57.26,216.01
997.01,1098.24,37.05,216.00
832.10,914.26,34.93,215.97
724.39,952.53,36.27,215.94
573.89,733.86,126.51,215.92
618.04,781.29,33.36,215.77
480.63,642.97,37.97,215.75
710.49,970.08,39.48,215.69
764.09,850.01,46.03,215.64
409.84,781.54,38.63,215.61
338.98,934.86,21.77,215.60
655.08,834.38,26.35,215.53
699.53,704.96,88.35,215.52
699.83,778.27,45.41,215.51
728.44,962.13,39.76,215.51
692.03,715.46,55.11,215.51
696.36,734.58,60.21,215.44
655.51,1164.42,67.90,215.43
650.08,952.99,71.60,215.42
726.56,997.07,76.65,215.25
691.99,1044.62,39.76,215.20
918.24,987.87,57.64,215.19
243.87,695.96,38.67,215.12
592.23,699.71,56.68,215.05
979.27,1285.24,49.89,215.01
699.61,908.83,89.15,214.94
516.64,734.43,62.77,214.91
642.66,1290.12,36.49,214.91
718.94,793.15,35.83,214.87
733.84,821.03,40.20,214.80
696.49,781.02,72.84,214.76
574.00,633.88,153.73,214.71
385.28,997.25,23.95,214.58
781.16,783.02,54.70,214.56
705.82,832.63,24.02,214.46
663.89,823.37,85.99,214.46
646.00,849.36,34.71,214.43
783.46,905.50,32.61,214.31
832.64,1164.60,29.78,214.27
454.90,693.93,32.81,214.26
599.14,988.14,67.14,214.26
574.02,727.96,119.78,214.24
627.49,1164.12,20.63,214.19
212.78,909.16,39.57,214.15
775.17,952.13,53.59,214.08
923.55,960.75,29.91,214.08
574.29,607.24,46.79,214.00
663.97,682.26,49.31,213.93
642.46,1067.64,33.11,213.89
345.30,633.23,25.79,213.87
705.09,1284.35,38.46,213.86
633.88,686.57,60.53,213.86
710.31,892.12,37.15,213.71
419.34,727.86,50.19,213.66
325.61,643.16,33.79,213.45
519.33,910.22,33.16,213.44
564.70,982.73,35.27,213.44
598.36,699.40,44.87,213.42
642.88,841.28,171.13,213.41
454.70,523.27,32.30,213.29
642.43,1196.29,44.06,213.27
733.88,1014.48,22.13,213.23
454.75,727.78,60.70,213.23
840.53,997.06,110.69,213.21
734.30,1170.67,33.10,213.13
315.84,642.65,65.74,213.11
997.11,1044.49,82.10,213.09
570.31,987.90,33.89,212.98
212.87,632.66,25.46,212.98
243.86,454.91,60.05,212.97
728.32,982.70,66.70,212.90
650.19,923.78,118.28,212.79
390.72,978.59,29.57,212.77
625.50,909.38,44.37,212.75
462.69,915.01,38.74,212.74
655.67,724.62,55.32,212.56
982.59,1164.16,34.32,212.46
823.51,997.38,62.58,212.45
429.74,714.85,20.06,212.42
715.10,850.25,41.55,212.38
566.88,952.02,80.97,212.28
391.14,765.28,35.41,212.24
462.27,923.64,69.02,212.22
655.31,900.13,43.76,212.18
573.73,969.46,36.62,212.15
725.35,783.62,38.98,212.04
840.49,935.10,42.62,212.04
348.16,711.00,24.00,211.96
832.50,996.48,72.84,211.92
905.91,1169.40,17.41,211.85
626.08,926.84,33.23,211.82
922.71,997.28,77.60,211.73
347.99,700.02,44.55,211.72
781.17,1197.13,26.28,211.71
705.97,974.42,22.18,211.70
719.80,1148.16,20.84,211.62
722.63,857.02,38.77,211.62
446.52,792.15,36.25,211.59
643.04,979.12,133.60,211.59
614.31,633.88,38.57,211.51
595.23,642.39,55.27,211.33
502.63,792.10,38.67,211.23
679.12,723.74,20.11,211.21
792.35,1045.06,66.82,211.08
476.63,725.10,48.10,211.05
987.90,996.38,222.97,210.99
476.80,987.71,56.81,210.82
700.41,1073.12,75.58,210.80
582.35,862.37,33.65,210.79
502.62,996.67,63.10,210.64
353.92,996.94,51.66,210.54
372.64,733.86,24.58,210.50
516.01,634.26,51.48,210.46
699.86,1165.02,46.82,210.43
582.76,974.39,62.16,210.41
905.48,1165.15,22.44,210.40
650.28,901.30,32.20,210.34
969.25,988.00,57.76,210.31
468.52,719.46,30.51,210.29
467.35,715.06,31.37,210.28
633.96,658.96,57.06,210.24
763.59,915.02,43.33,210.23
653.02,957.89,28.87,210.22
866.86,908.97,24.98,210.12
626.00,723.04,41.36,210.08
656.68,691.39,38.73,210.07
614.67,691.47,30.79,210.05
463.28,719.74,23.20,210.02
382.23,936.02,26.66,209.99
838.81,905.37,29.15,209.95
700.24,820.12,54.64,209.94
538.29,997.02,146.78,209.94
650.18,983.03,41.99,209.89
709.02,841.23,29.23,209.84
619.39,953.12,36.92,209.72
627.00,905.55,42.05,209.63
792.45,1285.17,66.64,209.57
538.24,1045.13,43.71,209.53
637.31,923.11,47.04,209.48
549.41,979.42,37.68,209.35
757.00,909.12,42.50,209.34
996.85,1351.54,33.69,209.31
476.88,780.82,61.26,209.22
582.53,948.43,26.86,209.10
858.33,923.38,79.74,209.09
467.91,1165.39,29.61,209.08
734.40,979.56,86.88,208.98
658.17,832.39,33.48,208.93
347.90,725.05,33.38,208.87
396.63,642.72,56.94,208.83
873.71,923.63,49.47,208.78
974.12,1074.29,19.84,208.74
462.32,892.11,30.41,208.74
719.63,1073.15,61.03,208.70
909.36,930.70,25.99,208.67
710.65,1072.37,42.79,208.51
476.65,718.84,48.42,208.48
988.09,1169.41,32.75,208.45
923.66,1027.74,31.85,208.44
476.48,617.90,31.92,208.33
592.47,633.92,38.53,208.30
791.99,974.00,33.88,208.29
212.45,699.87,20.50,208.25
458.82,979.51,28.46,208.14
654.86,893.25,29.93,208.05
764.74,979.96,46.56,207.96
405.99,923.45,31.82,207.93
543.41,987.91,32.50,207.92
633.98,879.01,27.46,207.90
573.91,883.98,34.53,207.89
528.11,573.73,43.35,207.85
637.71,728.18,61.18,207.74
632.08,633.91,50.69,207.74
609.84,1285.37,27.44,207.71
951.99,1285.50,62.31,207.66
723.93,968.96,27.00,207.65
653.99,682.22,29.32,207.59
646.60,909.99,76.55,207.55
390.87,592.06,42.11,207.46
440.00,626.70,23.31,207.42
849.72,987.86,114.93,207.11
347.89,652.85,27.82,207.09
642.97,868.05,54.97,207.09
582.62,663.68,89.13,207.07
626.51,841.80,37.31,207.04
347.75,646.48,32.56,207.00
988.13,1266.14,36.74,206.84
582.47,832.28,59.78,206.77
462.36,838.63,39.80,206.73
390.91,524.88,63.09,206.73
653.02,1267.34,27.40,206.71
796.49,997.56,26.92,206.65
952.02,1187.17,90.13,206.56
838.67,892.02,31.88,206.49
643.28,1266.32,54.70,206.42
682.00,988.37,59.47,206.22
390.87,823.65,34.32,206.21
419.35,566.90,24.98,206.21
775.13,841.40,25.40,206.16
996.90,1160.11,23.47,206.15
638.14,909.63,49.46,206.14
634.01,814.00,55.89,206.09
734.70,769.64,41.08,206.06
347.98,978.93,39.62,206.01
574.26,611.26,17.85,205.95
582.36,761.11,31.33,205.92
525.16,670.52,30.71,205.91
923.82,1170.05,24.09,205.86
718.84,900.97,32.91,205.84
528.07,848.59,25.41,205.81
690.86,783.55,61.62,205.79
510.86,634.05,48.60,205.75
978.90,1170.95,19.28,205.75
730.62,900.36,25.04,205.63
582.33,1456.41,50.58,205.58
499.65,642.74,45.47,205.54
522.97,1164.23,35.20,205.54
522.85,642.34,133.65,205.51
824.62,951.86,27.49,205.48
714.51,891.98,36.29,205.42
763.99,1045.09,22.26,205.37
565.00,705.30,45.49,205.35
467.37,988.45,66.99,205.33
536.49,678.54,21.26,205.33
841.29,909.11,66.54,205.26
609.89,974.50,29.50,205.19
607.48,711.11,30.37,205.18
643.30,973.87,50.37,205.13
1073.39,1187.54,42.61,205.09
516.97,538.08,37.40,204.99
734.28,1164.55,45.92,204.91
616.89,642.91,63.28,204.91
642.17,849.61,95.49,204.84
560.03,710.24,23.94,204.74
243.91,476.50,84.78,204.73
667.00,997.28,75.36,204.66
695.87,880.15,30.77,204.47
871.11,997.02,27.56,204.44
429.48,987.90,32.06,204.44
935.25,997.00,157.55,204.40
565.00,582.80,58.88,204.36
727.87,923.25,105.53,204.34
391.00,462.54,52.25,204.34
841.38,849.86,44.96,204.34
433.21,857.55,35.58,204.30
618.19,719.36,46.79,204.25
643.01,1112.53,30.51,204.16
702.85,908.96,40.21,204.09
997.07,1149.99,34.00,203.94
507.50,642.70,89.50,203.89
838.08,908.95,92.81,203.85
655.12,658.35,38.92,203.82
616.74,838.28,18.15,203.76
339.20,643.06,50.53,203.76
244.04,934.99,49.30,203.73
528.14,897.01,25.41,203.69
639.72,1284.66,23.83,203.68
455.17,1045.60,58.46,203.52
838.29,951.96,92.17,203.49
538.12,892.17,42.10,203.45
653.03,693.16,28.82,203.40
382.24,909.10,35.29,203.38
501.87,691.12,26.66,203.33
733.70,910.09,78.39,203.26
987.76,1187.28,91.59,203.24
378.84,653.09,20.86,203.00
543.16,997.43,25.95,202.96
792.14,891.08,44.00,202.93
638.15,734.78,17.44,202.90
654.97,777.37,22.90,202.88
654.01,923.41,75.74,202.84
565.51,1073.14,45.16,202.78
391.01,556.16,42.91,202.67
566.68,699.76,62.13,202.61
550.57,952.00,57.39,202.59
212.86,838.01,24.27,202.59
643.16,1229.27,24.50,202.54
541.27,633.89,27.41,202.52
642.55,774.58,90.18,202.52
582.67,827.10,44.53,202.39
471.60,696.92,26.97,202.33
642.07,734.26,88.01,202.23
888.85,923.39,48.15,202.18
493.58,979.20,34.72,202.15
857.48,988.22,95.59,202.11
784.21,857.11,29.39,202.11
453.84,468.01,33.38,202.08
656.16,974.26,20.66,202.05
462.35,537.17,28.78,202.04
419.40,705.87,23.83,202.02
553.99,582.56,32.36,201.99
538.37,982.46,17.45,201.98
923.56,1284.43,93.87,201.94
523.01,630.02,36.52,201.86
656.15,827.68,25.69,201.83
637.53,643.05,69.59,201.83
788.40,996.48,46.24,201.82
627.01,857.66,34.54,201.80
769.28,780.98,37.74,201.68
582.25,857.87,57.39,201.63
857.51,1310.33,19.67,201.59
503.16,987.98,29.29,201.59
699.36,905.23,45.83,201.52
583.10,699.38,78.84,201.51
476.60,908.96,78.83,201.50
490.03,781.36,32.39,201.45
243.89,973.63,59.77,201.43
505.77,997.03,41.53,201.37
704.67,1015.79,33.77,201.36
679.70,699.73,46.00,201.19
536.38,974.92,31.25,201.17
445.58,850.00,49.78,201.12
424.82,997.11,46.05,201.11
582.74,593.87,34.04,201.00
866.40,1045.11,29.48,200.95
663.67,1120.26,29.55,200.95
382.00,837.90,27.84,200.95
774.54,780.83,32.02,200.90
708.54,952.88,40.73,200.78
730.21,734.33,42.66,200.77
723.13,1285.48,41.80,200.75
642.86,1028.16,57.45,200.52
654.84,931.95,27.36,200.49
727.78,757.48,29.70,200.49
633.99,934.92,88.88,200.28
905.48,1009.98,24.64,200.15
409.99,987.86,69.35,200.09
690.91,848.85,38.65,200.08
550.53,965.57,27.59,200.07
940.34,952.23,42.63,199.86
642.37,1142.05,21.86,199.82
467.97,476.51,51.75,199.80
243.89,626.77,44.90,199.79
664.02,886.86,27.65,199.77
315.73,699.60,24.88,199.77
672.65,1438.40,22.08,199.69
585.38,734.54,44.56,199.69
832.64,857.15,33.31,199.68
838.27,857.79,50.99,199.63
516.64,655.75,34.25,199.59
528.03,536.23,30.07,199.55
728.44,764.13,46.19,199.55
582.36,1164.13,72.37,199.35
536.90,923.35,113.21,199.35
633.63,1053.44,32.43,199.35
559.38,633.46,28.22,199.32
552.65,573.27,24.58,199.23
446.61,952.01,46.24,199.21
582.49,695.50,51.93,198.97
565.04,627.32,23.50,198.92
506.51,680.98,19.92,198.86
641.11,720.09,47.52,198.84
410.40,573.92,35.79,198.77
419.58,922.86,44.86,198.62
626.73,1045.61,41.98,198.58
538.11,1170.22,26.73,198.52
850.01,857.52,63.08,198.50
522.71,792.23,29.96,198.47
599.23,734.02,48.08,198.46
459.15,841.47,37.83,198.45
646.47,938.83,27.90,198.36
679.16,712.80,38.73,198.36
691.60,988.15,64.81,198.30
511.18,996.99,54.17,198.30
467.48,980.14,24.37,198.19
376.03,722.99,18.02,198.14
791.89,793.00,29.21,197.90
582.91,837.98,75.22,197.89
243.75,897.18,42.49,197.89
874.91,997.16,64.13,197.86
697.34,996.74,93.58,197.79
453.89,856.86,27.53,197.72
574.19,585.87,30.05,197.65
719.52,1037.03,39.80,197.63
527.93,702.61,42.23,197.54
476.53,822.01,21.06,197.53
896.88,987.12,35.84,197.49
645.68,838.11,16.24,197.29
987.60,1053.00,29.75,197.28
446.93,914.76,18.50,197.28
453.76,952.15,64.65,197.25
642.63,1036.74,101.77,197.18
582.69,617.99,50.27,197.17
454.02,1187.42,25.49,197.05
651.86,699.73,41.87,197.04
881.75,923.34,35.70,196.99
409.85,923.68,63.27,196.97
244.17,538.27,49.36,196.96
780.97,813.39,30.39,196.87
620.44,728.24,26.13,196.85
637.67,837.96,27.87,196.85
769.81,987.90,41.25,196.76
536.57,645.90,32.02,196.72
728.26,957.38,29.58,196.62
664.59,731.26,56.97,196.59
705.54,996.63,96.78,196.57
646.22,781.28,54.47,196.57
347.87,909.85,22.02,196.27
564.99,633.93,39.31,196.08
536.38,987.89,125.77,196.05
823.52,988.00,40.82,195.94
664.14,906.53,46.99,195.75
728.09,1199.25,23.35,195.69
244.13,494.86,21.03,195.64
588.07,857.36,40.07,195.63
585.94,730.90,27.30,195.51
832.27,934.15,22.04,195.47
692.21,923.40,59.03,195.42
700.00,814.23,54.67,195.40
718.84,813.99,23.95,195.38
838.44,988.61,92.99,195.33
777.86,988.49,27.90,195.30
724.58,909.34,48.52,195.12
467.71,974.03,27.28,195.07
672.92,857.35,41.27,194.95
655.34,800.79,26.10,194.86
504.87,663.86,51.21,194.80
727.70,1072.23,72.55,194.73
702.87,901.00,32.28,194.68
585.79,705.14,25.10,194.50
498.37,952.99,22.33,194.38
603.08,633.90,36.94,194.35
462.11,1187.22,24.22,194.35
458.72,718.92,32.64,194.34
653.27,696.79,42.30,194.33
832.42,1327.24,14.51,194.32
486.63,634.42,29.66,194.32
710.63,982.95,35.32,194.23
923.12,924.65,37.23,194.15
700.63,988.64,77.29,194.12
459.12,634.15,48.70,193.88
733.82,930.39,25.05,193.88
382.13,923.41,32.07,193.80
690.98,935.02,48.95,193.78
997.16,1156.75,37.71,193.77
633.91,891.35,60.83,193.73
997.14,998.90,55.99,193.56
391.03,857.63,58.37,193.53
672.73,703.01,23.42,193.41
458.98,791.88,32.04,193.41
618.15,987.60,28.57,193.38
574.32,935.22,50.02,193.28
705.14,1072.22,42.03,193.25
904.97,952.26,45.28,193.23
923.35,965.50,46.17,193.06
979.88,988.51,61.26,193.00
523.00,1285.52,40.86,192.95
663.35,728.37,104.36,192.95
419.47,624.62,22.64,192.91
243.85,714.41,41.87,192.75
782.13,922.96,75.48,192.71
388.03,573.88,17.57,192.66
390.82,897.00,31.28,192.65
225.62,979.38,30.53,192.65
953.51,969.16,18.48,192.61
778.22,923.36,44.42,192.39
547.25,642.92,23.49,192.36
477.01,923.38,63.92,192.27
719.57,974.04,41.59,192.26
834.41,840.76,20.61,192.21
664.66,935.28,43.98,192.19
642.47,944.32,50.13,192.04
914.91,940.02,25.94,192.03
614.01,719.51,23.89,192.00
922.99,1147.26,60.80,191.96
212.90,849.47,15.85,191.91
564.73,988.40,33.84,191.87
604.99,664.10,33.47,191.84
582.47,775.46,32.09,191.73
212.96,997.11,68.79,191.54
536.44,543.71,41.47,191.50
524.70,649.97,31.13,191.35
857.64,914.75,63.59,191.27
696.48,850.25,37.04,191.16
559.37,952.38,27.73,191.14
905.37,1045.31,35.15,191.03
454.79,634.09,53.89,190.97
574.16,839.24,34.55,190.91
527.71,633.74,33.77,190.89
642.53,1006.76,31.43,190.87
607.77,696.24,19.13,190.82
952.12,1027.37,42.42,190.81
734.28,837.88,105.05,190.78
968.85,982.86,27.94,190.75
646.93,935.37,30.71,190.71
655.59,969.26,32.51,190.68
453.95,780.97,53.02,190.62
342.87,643.24,53.52,190.60
923.35,1327.35,44.87,190.58
598.49,899.12,20.43,190.50
664.15,1052.76,38.66,190.44
646.03,922.95,53.42,190.41
705.36,934.08,16.86,190.32
536.51,813.47,26.75,190.19
401.88,734.35,38.21,190.12
823.01,982.49,17.91,190.04
708.90,905.48,20.41,189.96
784.15,996.87,110.20,189.81
642.77,982.86,142.94,189.73
901.26,997.24,67.65,189.67
695.85,832.38,23.86,189.61
522.98,634.20,70.15,189.60
594.50,655.55,29.16,189.57
734.28,1284.95,43.32,189.48
910.29,988.12,116.90,189.46
610.02,989.06,26.09,189.41
896.38,979.48,22.65,189.40
646.51,857.44,43.92,189.38
537.04,888.22,20.15,189.37
650.21,974.87,35.55,189.27
905.39,923.69,57.80,189.26
516.76,892.17,20.01,189.25
671.76,983.17,33.58,189.19
564.80,646.79,32.64,189.08
536.47,696.44,39.40,189.06
656.61,733.87,64.15,188.85
891.49,979.83,36.26,188.67
593.08,923.75,36.24,188.66
655.45,686.52,39.40,188.64
515.73,923.51,37.89,188.60
615.68,997.09,60.94,188.48
706.34,899.39,26.62,188.32
390.72,702.67,51.15,188.21
849.91,973.68,22.48,188.18
692.95,926.80,24.27,188.14
792.00,842.02,35.09,188.12
633.75,646.28,67.65,188.06
609.99,699.99,60.38,188.06
614.25,699.53,28.04,187.87
598.74,606.93,28.36,187.81
781.60,1266.59,30.50,187.74
711.74,952.07,48.54,187.68
513.98,663.87,32.92,187.65
987.96,1247.26,17.88,187.58
642.84,1214.23,43.48,187.56
446.54,655.77,39.07,187.55
582.38,908.96,142.45,187.51
951.97,1438.08,16.86,187.48
462.64,652.97,41.20,187.47
625.25,896.29,36.24,187.43
527.77,988.00,74.33,187.38
382.14,952.18,44.05,187.35
544.24,781.11,31.74,187.27
226.06,700.11,28.33,187.23
607.20,848.47,18.39,187.06
813.24,988.12,38.75,186.99
620.50,905.71,34.23,186.96
841.23,1036.43,25.97,186.90
699.42,1036.15,37.32,186.68
229.88,642.22,27.24,186.58
626.75,691.77,41.74,186.55
454.71,574.16,31.69,186.43
596.64,857.22,27.15,186.34
643.12,1053.89,49.23,186.28
453.76,590.03,33.38,186.28
905.33,1072.36,31.67,186.17
382.24,573.70,22.43,186.07
610.41,649.88,26.76,186.06
600.01,781.93,24.84,186.03
935.48,968.86,40.77,185.98
566.84,650.46,54.19,185.88
781.42,892.01,44.54,185.82
671.76,733.84,42.89,185.82
646.86,725.09,30.34,185.78
374.88,923.40,23.20,185.76
900.49,988.38,39.99,185.75
996.56,1035.85,44.98,185.71
455.43,664.11,51.78,185.60
734.80,952.51,61.30,185.58
462.65,1285.52,24.93,185.53
725.23,849.70,33.10,185.51
536.45,861.14,18.12,185.46
560.00,655.48,37.65,185.44
686.21,988.42,47.66,185.39
655.97,781.24,91.33,185.30
791.87,900.46,19.53,185.29
733.84,1020.65,22.62,185.26
914.48,979.91,54.43,185.14
923.63,979.99,45.11,185.07
642.49,672.79,114.63,184.98
610.86,727.86,31.25,184.96
649.85,719.48,49.49,184.93
728.26,770.28,26.01,184.79
734.21,781.14,159.86,184.74
982.51,1187.00,16.56,184.69
462.38,528.26,22.71,184.65
573.81,892.22,56.24,184.61
528.39,733.84,27.91,184.57
476.49,1072.36,59.92,184.50
391.12,731.58,59.88,184.47
574.31,1045.38,39.08,184.47
391.13,493.40,19.73,184.40
952.54,1456.52,17.80,184.38
455.60,701.73,33.89,184.28
652.83,1285.29,45.57,184.18
909.42,978.98,57.16,184.16
619.97,791.98,22.84,183.97
490.14,988.38,27.33,183.78
504.96,923.56,47.68,183.77
476.66,952.53,65.95,183.75
704.86,979.54,37.63,183.74
696.74,712.64,23.41,183.73
646.47,814.51,36.45,183.66
837.76,979.86,43.26,183.53
582.35,988.95,73.32,183.33
997.03,1164.27,135.94,183.32
674.13,1072.23,37.97,183.29
385.90,728.36,31.76,183.29
923.58,1165.04,46.73,183.22
891.98,908.87,60.47,183.19
516.40,791.89,27.22,183.18
729.98,804.30,42.68,183.14
667.76,781.39,26.08,183.10
728.60,786.41,44.70,183.00
626.02,699.68,71.89,182.99
566.62,970.99,22.38,182.97
727.74,729.38,43.58,182.92
391.17,686.12,32.03,182.92
914.34,1438.24,27.55,182.86
914.89,1309.96,21.57,182.83
896.89,909.40,42.28,182.74
633.98,673.94,33.08,182.74
686.16,1072.15,28.03,182.70
573.88,908.99,95.38,182.67
970.59,1072.26,30.51,182.64
468.27,522.76,29.30,182.61
774.81,988.38,63.32,182.30
704.82,784.00,29.22,182.30
909.25,1027.98,28.57,182.26
578.85,1073.22,22.81,182.13
430.02,722.96,21.36,181.96
391.27,997.79,27.51,181.95
619.74,655.37,39.24,181.82
531.80,633.98,35.65,181.81
609.87,652.98,32.12,181.78
573.59,664.76,43.21,181.73
827.07,996.65,35.38,181.70
652.99,731.03,58.79,181.67
582.24,609.83,32.95,181.66
582.67,678.64,24.46,181.65
585.79,952.56,29.16,181.65
445.91,574.39,41.53,181.64
634.11,793.16,37.69,181.62
631.99,982.76,44.09,181.58
339.50,996.65,32.39,181.52
653.28,719.24,50.72,181.52
686.20,700.07,54.74,181.50
935.26,1044.79,28.59,181.47
634.02,961.35,24.89,181.43
476.46,516.49,39.26,181.42
504.13,643.11,46.12,181.38
467.44,582.66,47.37,181.37
582.48,901.29,35.81,181.27
462.89,643.17,41.16,181.26
609.75,626.40,24.35,181.23
650.78,672.53,20.88,181.21
910.27,939.98,24.47,181.21
582.34,982.88,54.52,181.15
409.74,734.41,49.13,181.14
504.60,725.24,19.06,181.12
586.46,696.37,40.13,181.10
411.03,633.73,31.64,181.08
719.89,1188.23,21.76,181.04
515.74,1053.75,17.59,181.03
676.33,910.65,15.88,180.98
626.67,814.32,24.52,180.94
525.03,910.29,39.55,180.89
525.37,606.83,32.72,180.78
516.77,987.91,33.85,180.65
892.30,997.40,66.20,180.63
630.00,924.08,39.36,180.58
658.78,857.37,15.39,180.55
653.18,883.74,21.53,180.49
642.91,796.52,41.33,180.47
991.20,996.38,28.26,180.39
543.50,719.41,26.73,180.36
848.36,938.38,27.07,180.35
663.84,1285.12,71.67,180.31
626.46,970.34,26.95,180.24
585.78,642.64,73.44,180.19
729.58,940.28,28.39,180.17
476.23,626.65,34.63,180.15
664.09,866.49,36.37,180.14
599.25,727.81,36.00,180.12
935.18,1164.14,31.60,180.10
573.86,690.22,38.62,180.08
361.83,923.61,27.04,180.06
516.93,691.90,37.54,180.01
874.40,952.13,45.64,179.92
730.76,866.18,24.76,179.87
462.67,781.14,46.72,179.87
391.54,1073.25,37.20,179.82
459.59,713.94,24.60,179.77
727.88,1266.33,40.71,179.70
243.59,791.84,32.41,179.66
814.00,997.16,66.94,179.65
730.04,996.44,80.71,179.64
642.32,682.64,63.45,179.63
702.04,983.16,30.97,179.63
867.13,953.00,21.94,179.55
415.99,996.47,29.61,179.52
543.65,837.99,22.77,179.50
699.41,774.12,25.19,179.44
410.21,820.08,27.33,179.43
642.49,837.81,103.26,179.40
849.60,933.49,18.05,179.39
663.99,1146.35,21.17,179.33
620.23,1147.10,19.18,179.33
857.13,909.32,66.12,179.31
445.89,987.97,69.89,179.22
696.81,939.72,23.53,179.16
711.79,1037.13,23.49,179.15
746.31,997.26,19.28,179.14
730.97,857.25,30.72,179.13
643.17,693.46,73.99,178.99
996.98,1197.27,31.36,178.98
593.83,781.19,29.87,178.89
839.32,960.80,27.71,178.89
649.98,659.63,30.59,178.81
573.75,710.08,30.05,178.79
536.47,686.86,52.06,178.69
476.22,489.75,15.03,178.67
536.51,653.87,34.73,178.64
225.73,727.86,17.99,178.60
784.35,988.87,39.74,178.54
564.92,643.00,110.49,178.46
582.57,589.45,25.78,178.43
780.95,796.13,27.32,178.39
722.60,1044.91,25.95,178.35
652.69,905.61,24.43,178.33
982.61,1073.51,28.31,178.29
910.25,914.22,73.46,178.28
691.96,731.51,27.09,178.27
574.10,719.75,65.88,178.20
459.14,914.36,21.03,178.20
522.85,935.41,36.59,178.16
850.27,1187.00,21.76,178.13
476.52,814.00,24.31,178.10
243.87,390.70,72.25,178.08
699.97,792.22,91.99,178.04
560.38,582.98,31.33,178.02
570.37,626.93,31.41,177.96
940.04,988.01,35.18,177.95
494.38,656.37,30.07,177.80
291.88,642.42,59.75,177.79
849.87,915.40,29.74,177.73
909.13,1045.35,67.73,177.73
330.45,649.94,14.74,177.73
643.17,948.36,33.23,177.69
462.57,979.59,29.21,177.65
934.87,978.72,23.51,177.64
634.43,979.29,49.24,177.62
559.89,719.50,55.70,177.62
476.20,650.12,33.75,177.46
660.98,730.76,24.42,177.38
813.86,823.61,26.44,177.30
681.22,719.33,25.27,177.27
642.95,1176.06,32.53,177.22
646.03,997.25,69.97,177.16
642.48,765.38,55.56,176.90
634.15,696.71,50.25,176.81
914.48,923.66,94.38,176.77
952.39,1045.54,51.35,176.73
714.92,905.86,25.65,176.71
445.74,633.34,37.02,176.71
720.27,952.13,58.76,176.69
582.37,905.71,71.84,176.65
733.89,913.96,67.68,176.59
607.18,728.24,69.80,176.56
671.77,923.81,31.17,176.50
516.80,905.60,17.92,176.43
663.94,1056.08,30.58,176.42
511.52,952.02,22.13,176.35
298.84,582.59,18.79,176.28
444.99,699.61,30.00,176.26
536.36,728.21,73.36,176.25
664.11,861.56,26.50,176.21
951.96,1267.41,22.52,176.15
391.21,682.37,30.28,176.08
476.37,792.37,43.87,176.08
507.36,1285.38,15.60,176.04
923.63,970.31,48.91,175.99
419.42,783.72,24.01,175.93
710.60,723.42,31.59,175.87
411.63,719.76,22.21,175.78
672.75,909.51,61.63,175.77
718.89,914.36,80.86,175.71
390.86,454.84,29.56,175.68
454.99,733.96,45.97,175.51
664.45,969.99,30.46,175.50
506.82,914.41,22.24,175.40
462.37,727.71,28.09,175.36
583.18,1284.54,25.92,175.34
455.63,923.53,58.19,175.32
375.70,663.88,26.86,175.29
678.02,734.15,26.63,175.17
212.88,734.39,25.43,175.14
642.35,1417.41,25.95,175.10
831.81,850.12,24.47,175.03
923.42,939.90,54.04,175.01
983.53,987.99,50.71,174.95
511.23,733.78,26.30,174.84
905.93,935.29,34.13,174.74
764.15,908.98,32.89,174.65
536.52,965.48,25.79,174.57
244.12,446.02,30.29,174.54
633.20,948.58,25.08,174.47
348.13,996.83,35.79,174.45
495.14,909.00,21.85,174.37
544.30,582.60,24.31,174.37
887.97,952.36,29.94,174.30
723.28,996.22,54.99,174.28
710.68,978.88,29.23,174.27
909.10,1041.13,17.65,174.19
727.99,1045.51,53.98,174.15
372.75,633.57,24.41,174.15
996.60,1128.97,30.95,174.12
502.67,695.75,24.45,174.09
780.99,832.38,35.62,174.04
414.85,781.38,22.53,173.95
663.59,1073.26,86.11,173.86
516.73,996.81,67.00,173.84
923.36,1438.44,24.10,173.75
705.19,838.24,43.55,173.68
598.48,1072.98,30.42,173.63
583.03,606.38,27.04,173.58
664.78,923.51,84.49,173.56
655.27,1072.38,74.33,173.55
634.18,969.40,30.19,173.45
677.54,988.54,30.07,173.42
702.24,996.91,88.41,173.41
610.32,719.94,34.04,173.40
633.73,866.89,27.03,173.37
477.13,633.85,46.49,173.34
642.51,1100.37,26.89,173.28
909.26,911.14,30.84,173.05
450.50,642.23,28.57,172.96
613.71,734.24,29.65,172.96
609.91,923.88,29.59,172.90
677.48,934.99,21.24,172.90
574.26,598.78,27.04,172.88
655.90,714.23,39.37,172.74
467.48,948.14,19.74,172.73
523.12,625.71,26.29,172.63
583.15,927.88,34.08,172.63
849.73,969.37,19.03,172.51
436.50,642.37,35.27,172.38
792.16,909.97,64.10,172.37
719.74,988.54,67.35,172.30
646.38,650.12,28.80,172.24
774.60,914.37,32.09,172.20
649.76,704.95,20.21,172.16
390.90,625.20,33.10,172.05
952.92,1036.52,22.87,171.74
854.97,997.09,23.86,171.72
391.14,664.54,72.00,171.62
659.16,705.25,22.50,171.55
634.66,763.99,30.28,171.54
523.17,952.11,57.07,171.28
409.72,850.13,23.65,171.24
906.10,979.87,35.70,171.23
594.71,733.85,24.17,171.23
626.32,901.13,34.12,171.14
585.67,626.66,28.06,170.96
462.38,832.36,21.87,170.95
582.74,757.51,27.35,170.89
792.67,966.10,19.28,170.86
691.91,891.99,25.62,170.62
244.00,468.45,24.04,170.59
934.97,988.91,45.48,170.58
516.50,582.88,32.79,170.48
468.16,837.96,28.98,170.44
582.73,1327.27,32.15,170.30
424.26,663.72,17.68,170.28
822.94,1073.12,23.78,170.26
633.76,965.45,40.95,170.20
699.48,823.64,32.47,170.15
843.78,997.11,43.20,170.15
446.03,909.75,42.94,170.06
226.04,634.49,17.37,170.02
282.00,996.59,37.83,170.00
764.10,1073.12,32.23,169.97
476.11,503.88,16.41,169.95
908.93,1285.24,26.76,169.93
646.44,1044.66,38.71,169.73
573.88,682.19,19.40,169.66
565.60,712.84,21.97,169.65
429.99,634.19,23.05,169.62
997.13,1310.11,45.36,169.61
734.49,906.14,56.26,169.47
281.46,642.51,13.59,169.47
467.58,537.02,27.10,169.42
582.37,627.56,56.99,169.19
327.00,997.32,26.08,169.17
997.25,1327.10,34.23,169.17
619.01,923.00,27.26,169.05
649.83,664.15,40.90,168.96
873.94,988.24,41.50,168.94
347.74,952.13,37.26,168.81
650.32,988.49,59.87,168.73
492.63,664.38,30.59,168.71
650.74,1072.39,31.38,168.67
549.63,997.10,48.38,168.54
243.87,650.38,61.72,168.53
391.28,672.12,37.22,168.52
573.99,1187.08,34.62,168.52
699.82,727.99,143.83,168.26
625.84,997.28,58.10,168.23
952.75,1165.54,17.78,168.13
642.91,1117.48,47.78,168.13
472.90,923.65,28.47,168.12
655.47,820.07,23.47,167.89
419.52,655.28,31.84,167.84
792.79,952.53,50.70,167.66
543.87,891.08,24.25,167.54
996.63,1456.63,67.44,167.49
840.45,1045.01,32.17,167.42
679.64,837.99,18.54,167.40
691.74,905.87,31.88,167.38
582.44,585.33,31.27,167.37
791.98,849.74,39.95,167.30
713.23,730.16,42.10,167.25
695.98,979.12,39.83,167.25
655.65,816.83,26.54,167.11
664.40,781.26,84.59,166.99
688.96,780.86,20.13,166.91
675.92,996.71,24.27,166.83
445.85,823.65,14.98,166.81
674.25,710.35,36.00,166.80
923.52,952.97,86.39,166.77
504.12,582.92,23.97,166.68
660.96,692.30,18.23,166.65
685.35,728.23,24.77,166.62
804.25,839.25,17.70,166.62
988.67,1327.55,24.99,166.61
626.42,732.53,28.08,166.50
536.45,710.25,34.01,166.44
494.99,952.51,32.92,166.41
813.49,923.39,54.82,166.37
781.52,849.95,80.43,166.33
446.04,808.97,17.41,166.26
522.97,970.66,31.40,166.11
522.89,674.12,35.80,166.06
724.61,734.23,37.88,166.00
892.43,952.51,33.74,165.94
643.30,1073.27,60.04,165.90
651.97,832.30,36.95,165.89
372.86,643.00,54.95,165.88
243.62,678.99,23.97,165.71
573.73,978.98,35.93,165.69
652.36,1045.51,35.69,165.66
723.12,884.69,26.26,165.58
523.03,838.89,35.94,165.57
728.25,1053.36,27.04,165.51
634.00,924.06,76.83,165.42
913.88,969.65,29.91,165.40
607.00,674.27,17.82,165.34
454.82,476.38,29.32,165.31
659.08,708.59,23.12,165.19
610.71,781.27,29.85,165.13
467.69,728.63,55.89,165.09
857.60,978.86,45.83,165.05
390.82,646.64,37.42,164.90
525.00,615.63,28.61,164.89
646.34,703.15,24.90,164.89
582.12,781.22,62.09,164.84
642.70,758.95,43.70,164.71
582.25,892.01,43.16,164.62
633.63,649.86,57.63,164.60
766.05,983.13,23.97,164.51
685.58,841.16,18.54,164.45
409.73,909.12,39.48,164.40
659.01,910.38,23.54,164.21
382.17,756.99,22.73,164.16
589.93,983.13,25.07,164.02
716.37,1284.27,22.80,163.95
536.77,1187.96,22.46,163.95
823.60,974.60,28.14,163.91
705.27,1146.97,14.76,163.84
910.03,922.85,60.71,163.74
282.04,727.87,18.99,163.70
577.36,642.37,41.92,163.69
849.46,890.88,31.35,163.65
243.73,857.22,31.91,163.57
781.13,858.16,25.84,163.52
652.88,1027.98,16.34,163.51
633.86,1036.73,28.96,163.45
415.04,663.87,26.92,163.43
728.20,818.26,38.74,163.42
899.29,935.19,26.86,163.27
419.38,987.86,35.42,163.24
700.01,1148.15,21.30,163.23
445.91,705.05,23.23,163.20
212.76,728.17,23.56,163.18
633.88,956.59,18.14,163.11
419.61,996.86,42.82,163.10
663.95,848.89,52.35,163.07
754.63,987.90,25.53,162.88
382.14,476.22,14.43,162.81
528.12,664.66,25.05,162.80
582.32,961.46,30.13,162.76
243.59,841.51,19.87,162.75
850.14,905.56,41.48,162.59
361.86,391.05,13.71,162.56
281.86,719.91,15.80,162.55
381.72,643.23,49.90,162.53
523.29,813.50,16.20,162.41
642.91,1024.25,44.06,162.40
918.37,923.64,28.13,162.28
564.74,838.37,29.11,162.27
429.86,642.35,50.59,162.24
642.36,906.00,92.53,162.15
226.15,719.37,17.38,162.04
923.43,1044.89,37.42,161.99
522.10,997.25,27.38,161.97
872.26,1073.45,32.19,161.95
849.49,910.00,46.30,161.79
487.01,643.29,33.15,161.66
243.63,704.99,41.89,161.66
583.06,764.50,18.14,161.60
536.98,931.14,22.09,161.53
729.88,838.15,37.81,161.51
444.75,646.51,29.10,161.46
602.00,923.50,22.02,161.38
714.63,857.30,25.12,161.29
590.79,910.26,19.91,161.28
574.04,1053.86,24.59,161.07
243.73,691.12,43.77,161.00
650.11,848.64,21.28,160.99
291.86,723.88,21.37,160.91
733.87,863.88,30.97,160.85
734.11,882.75,37.03,160.81
565.48,574.02,34.79,160.80
243.87,574.14,54.69,160.67
643.27,788.01,28.06,160.59
664.14,765.01,11.52,160.56
528.22,982.96,21.18,160.51
914.11,974.26,14.73,160.38
510.42,574.39,34.25,160.34
243.97,1147.33,37.08,160.32
728.11,1327.33,19.32,160.27
598.60,664.41,31.58,160.24
706.12,719.74,24.29,160.14
974.11,1045.66,29.63,160.13
674.27,783.61,25.25,160.11
909.28,982.89,42.12,160.07
733.85,1036.44,33.46,160.04
390.62,982.50,28.36,160.03
988.42,1020.61,20.87,159.95
278.87,664.31,23.23,159.89
229.72,728.23,17.94,159.85
574.41,582.65,60.80,159.80
391.03,550.93,29.33,159.75
646.56,718.24,31.46,159.72
813.99,974.26,30.35,159.62
923.49,1072.33,79.25,159.60
450.41,783.44,18.85,159.58
581.04,582.08,14.98,159.58
979.55,997.02,105.80,159.33
1045.22,1072.25,29.85,159.32
476.60,850.00,44.57,159.27
673.39,952.06,25.12,159.18
244.02,1170.37,23.43,159.14
635.53,725.24,20.11,159.12
476.09,838.14,21.51,159.04
864.63,923.48,23.24,159.03
582.43,682.66,34.25,159.02
476.27,914.11,45.44,158.94
410.26,690.89,21.55,158.87
663.89,734.36,125.37,158.85
212.91,582.23,18.75,158.76
574.00,915.00,47.93,158.75
846.89,996.95,21.68,158.74
664.27,837.85,65.92,158.62
510.40,914.75,16.66,158.60
502.33,978.89,32.99,158.45
582.49,710.64,39.46,158.31
671.41,695.71,24.50,158.25
523.16,905.59,26.94,158.16
626.39,781.40,32.70,158.15
573.48,671.99,32.89,158.08
696.54,727.99,47.03,157.81
390.82,699.35,37.90,157.81
568.98,663.88,27.48,157.75
642.20,856.98,60.15,157.72
655.60,1089.23,23.74,157.70
390.56,909.13,21.68,157.60
643.03,717.50,48.49,157.60
493.54,996.72,29.62,157.55
699.72,892.41,37.76,157.44
574.51,780.82,32.61,157.28
781.41,826.61,17.50,157.23
642.91,874.63,47.71,157.21
786.95,952.42,28.17,157.14
873.11,914.43,23.89,157.06
643.02,652.34,85.53,156.95
655.88,810.97,43.09,156.87
536.96,909.12,85.53,156.83
533.80,734.20,16.22,156.81
713.97,1072.00,29.88,156.77
615.61,791.97,18.53,156.76
633.25,713.97,24.10,156.76
244.01,783.35,31.10,156.70
679.16,996.86,47.73,156.68
915.15,1073.24,44.08,156.60
850.30,1285.36,27.69,156.52
390.75,792.35,26.46,156.44
609.99,643.02,78.10,156.37
734.25,1066.40,14.07,156.34
643.28,845.28,34.35,156.33
696.91,838.39,21.97,156.30
832.37,905.51,15.25,156.19
915.05,1163.98,24.63,156.18
642.60,891.44,56.63,156.16
536.46,940.49,22.36,156.08
842.66,923.77,19.73,156.05
633.88,700.12,89.33,156.02
603.69,996.85,21.57,155.98
243.59,730.78,24.35,155.97
712.47,715.36,33.36,155.96
579.73,719.52,15.94,155.91
642.58,1349.37,19.15,155.89
550.61,642.95,41.50,155.83
727.50,1020.66,23.62,155.80
672.48,791.75,22.74,155.77
527.98,970.01,27.19,155.72
979.03,1072.45,29.48,155.70
805.16,923.64,26.38,155.68
558.02,905.57,26.64,155.66
646.52,914.63,42.45,155.62
445.49,923.79,41.30,155.62
728.39,892.27,50.12,155.48
476.34,609.88,20.64,155.37
650.01,781.08,58.16,155.34
607.70,785.24,19.65,155.30
468.51,594.85,24.85,155.28
883.95,996.89,72.19,155.19
792.23,820.37,29.51,155.14
391.18,565.75,26.55,155.08
381.77,783.89,18.66,155.08
446.09,713.89,23.56,155.04
734.42,810.63,21.73,155.03
467.46,705.41,18.10,154.98
391.12,598.60,30.75,154.98
633.92,1147.07,34.29,154.88
391.17,987.46,44.34,154.87
446.42,642.48,55.91,154.83
649.94,1164.23,41.06,154.80
663.98,1044.57,37.17,154.74
914.71,1267.41,20.45,154.70
433.14,996.32,14.97,154.67
728.12,840.84,49.57,154.51
476.38,728.21,65.32,154.48
646.82,979.54,31.36,154.36
700.50,1310.56,9.75,154.21
832.24,1073.37,21.35,154.17
715.36,951.97,19.13,154.16
923.47,975.01,54.64,154.12
923.92,935.29,36.70,154.01
952.28,1328.03,20.98,153.96
734.56,1072.64,48.62,153.92
642.37,829.63,23.33,153.89
455.15,769.55,29.75,153.86
445.85,932.23,20.28,153.79
677.61,952.13,19.11,153.74
348.16,983.02,16.75,153.69
699.71,934.96,51.69,153.65
299.00,642.39,29.44,153.60
664.01,1187.00,48.67,153.52
734.04,1327.46,37.68,153.49
987.85,1035.84,20.43,153.30
781.31,931.61,24.83,153.23
598.65,656.67,40.76,153.22
823.41,923.51,44.15,153.16
523.11,915.10,39.46,153.13
566.28,997.14,77.69,153.12
826.13,856.76,25.25,153.08
719.12,839.25,25.40,153.08
696.82,987.98,49.62,153.01
838.11,970.92,21.37,152.98
781.21,988.02,74.84,152.78
243.86,583.13,48.53,152.76
409.61,536.47,22.78,152.75
570.04,655.15,13.61,152.55
212.94,642.65,43.39,152.54
490.02,702.45,19.26,152.53
625.62,934.17,21.63,152.49
696.51,1072.26,34.25,152.45
792.54,813.50,22.50,152.39
642.72,770.09,43.37,152.35
554.85,922.87,17.44,152.30
515.94,573.86,28.72,152.27
429.76,699.96,19.68,152.26
664.03,792.13,53.26,152.25
664.10,770.40,19.10,152.24
642.45,800.48,27.04,152.24
390.87,586.39,14.38,152.23
735.03,1060.85,19.54,152.20
537.99,606.60,10.82,152.18
646.53,655.35,42.43,152.04
997.02,1122.58,14.45,152.03
892.25,1187.29,21.11,151.97
244.43,699.87,30.12,151.88
664.15,705.87,36.59,151.78
684.99,982.97,15.61,151.78
987.34,1284.23,22.00,151.65
582.52,931.00,31.91,151.63
733.95,899.37,43.34,151.59
948.88,988.27,14.60,151.53
841.87,965.73,16.49,151.52
573.73,822.95,28.67,151.38
645.75,733.96,20.57,151.37
852.65,924.04,21.03,151.33
988.38,1164.67,39.25,151.24
524.77,565.09,21.74,151.17
476.65,857.71,21.34,151.11
573.97,813.56,30.95,151.11
997.41,1072.22,39.78,150.98
212.88,663.94,31.45,150.96
939.50,996.63,29.26,150.86
582.77,979.78,41.09,150.84
467.53,625.70,23.83,150.83
856.98,1071.83,16.59,150.82
591.97,728.12,20.00,150.76
523.00,1036.97,18.20,150.75
809.03,857.76,23.69,150.71
923.54,929.92,25.04,150.62
458.71,996.48,42.46,150.58
713.25,733.89,33.74,150.56
671.33,978.99,17.90,150.47
734.39,935.04,60.33,150.46
914.91,1045.64,26.88,150.41
528.14,643.28,50.55,150.39
588.12,650.01,30.64,150.28
869.89,987.73,21.81,150.21
390.85,714.22,19.86,150.06
643.14,1147.87,34.17,149.95
535.02,997.17,29.84,149.95
376.01,649.98,15.45,149.59
769.71,997.03,35.02,149.59
467.47,664.24,48.79,149.57
701.74,956.68,23.67,149.54
445.90,814.32,38.60,149.51
724.12,983.05,26.71,149.49
419.21,1072.24,16.22,149.42
664.12,760.17,22.13,149.29
642.48,1041.00,31.76,149.28
791.99,988.12,65.26,149.26
243.99,1284.25,47.34,149.09
634.18,823.26,30.06,149.07
633.47,728.68,50.47,149.00
705.13,728.63,45.65,148.93
978.86,1014.66,18.07,148.77
996.63,1398.24,28.32,148.71
642.95,755.64,67.64,148.67
885.36,1045.08,24.85,148.59
516.16,722.39,36.67,148.58
724.36,988.22,51.98,148.37
861.10,909.23,12.66,148.36
996.89,1063.15,20.07,148.24
390.59,633.87,45.20,148.14
588.81,996.74,40.22,148.11
536.34,573.90,71.10,148.03
728.00,882.86,17.22,148.03
598.25,838.30,15.83,147.82
556.08,825.76,19.50,147.78
643.01,1129.38,32.19,147.70
813.47,910.09,20.33,147.66
953.28,974.42,24.49,147.64
411.28,642.76,29.96,147.57
720.00,996.36,65.53,147.56
813.74,952.07,41.50,147.51
705.13,983.00,23.75,147.50
663.97,965.65,18.88,147.47
476.23,536.64,42.55,147.42
232.65,633.41,32.57,147.40
503.85,720.13,15.66,147.32
462.87,608.01,26.01,147.30
780.68,805.73,15.49,147.29
291.98,952.23,29.58,147.27
498.25,574.30,23.22,147.26
643.30,699.77,109.50,147.18
626.75,1188.43,26.15,147.17
570.86,719.49,24.51,147.15
734.49,972.12,25.81,147.15
722.10,814.35,26.65,147.12
850.19,901.16,20.79,146.97
837.96,1037.17,17.88,146.97
536.52,1036.50,23.15,146.78
699.59,900.49,30.71,146.76
574.02,700.25,52.92,146.76
838.50,1147.09,19.24,146.75
650.00,727.72,61.63,146.75
454.86,1164.27,19.92,146.74
605.60,699.37,15.35,146.69
390.84,637.11,12.18,146.61
596.64,922.98,42.92,146.47
735.39,791.99,16.01,146.46
801.51,988.00,19.10,146.42
655.23,1036.98,31.30,146.32
780.83,1072.53,29.70,146.30
525.35,719.27,23.55,146.25
244.16,850.14,33.96,146.23
615.12,650.16,9.41,146.22
556.11,642.22,35.20,145.87
405.51,997.12,24.05,145.87
867.10,997.05,28.94,145.84
243.87,637.21,17.89,145.69
453.65,566.68,41.03,145.63
664.23,896.23,28.50,145.60
476.38,883.95,28.91,145.56
781.26,1052.88,22.40,145.42
997.27,1013.59,33.76,145.39
734.61,874.95,16.93,145.35
649.86,1327.63,12.75,145.35
668.72,700.80,23.81,144.98
566.75,974.39,15.51,144.98
574.00,1284.71,31.79,144.91
625.67,672.38,22.44,144.89
828.68,987.86,29.16,144.89
727.84,1147.39,27.49,144.82
780.83,820.25,12.62,144.74
695.82,857.20,13.08,144.69
476.53,1164.00,32.47,144.50
700.01,914.12,51.11,144.44
467.74,709.63,42.39,144.44
489.96,914.01,32.93,144.42
691.95,974.08,25.61,144.41
646.38,841.41,23.24,144.40
574.13,724.81,25.12,144.39
838.08,841.62,33.56,144.33
536.87,609.98,29.64,144.09
315.79,997.00,32.31,144.07
390.75,719.87,31.06,143.75
244.03,619.79,23.47,143.70
691.87,724.97,27.82,143.67
510.73,663.74,15.72,143.64
632.04,768.74,23.09,143.60
913.95,1147.21,18.27,143.54
708.58,734.50,30.56,143.52
486.15,663.96,26.19,143.46
888.68,996.75,28.90,143.45
633.85,718.86,49.77,143.34
582.49,646.35,40.04,143.28
663.99,939.58,23.94,143.27
728.10,978.96,44.81,143.14
633.85,914.40,63.01,143.11
582.60,841.13,42.63,143.11
610.02,1045.48,20.91,143.09
525.00,574.39,21.77,143.07
467.62,951.87,45.63,143.02
780.88,900.12,16.51,142.95
702.87,883.97,24.56,142.92
673.76,692.05,19.53,142.91
626.75,649.85,27.48,142.81
630.90,781.12,14.98,142.80
489.71,997.10,33.89,142.79
243.85,565.24,25.78,142.77
627.21,792.31,26.81,142.63
908.98,1019.97,20.48,142.53
645.62,882.26,20.11,142.45
574.08,849.59,36.71,142.44
653.14,716.12,24.79,142.40
655.93,997.14,86.15,142.37
569.25,643.22,18.22,142.33
607.35,718.98,17.32,142.32
536.25,866.54,13.96,142.31
634.00,692.90,30.68,142.14
429.48,582.78,23.44,141.97
582.36,805.87,22.24,141.89
549.44,857.07,18.44,141.87
476.12,686.49,23.09,141.80
699.92,805.16,18.37,141.68
931.35,935.14,15.42,141.66
997.25,1583.77,17.04,141.61
914.23,952.40,59.48,141.38
582.10,734.10,38.55,141.35
625.11,891.96,17.00,141.25
537.02,668.80,20.31,141.20
582.63,784.44,24.59,141.09
243.87,719.40,45.78,140.99
672.34,838.38,13.18,140.99
536.47,1072.95,41.56,140.95
728.39,850.40,51.29,140.86
874.40,909.26,24.21,140.83
653.13,664.29,55.46,140.81
391.13,652.75,29.21,140.68
733.94,849.90,34.64,140.66
432.27,691.44,20.11,140.65
764.39,997.17,31.96,140.56
656.26,664.63,35.49,140.51
630.31,997.23,31.61,140.34
525.01,983.09,20.44,140.33
489.87,951.97,18.40,140.28
541.14,909.22,20.99,140.19
454.96,626.91,19.53,140.17
607.50,840.86,13.70,140.14
689.27,735.17,30.60,140.05
516.14,728.79,24.76,140.02
642.52,957.06,27.06,139.97
349.02,924.64,25.71,139.87
582.79,1036.47,23.14,139.72
591.26,711.77,18.63,139.66
658.20,866.39,30.54,139.65
653.27,911.53,12.99,139.62
710.89,823.43,17.81,139.59
574.15,791.97,30.15,139.56
671.35,988.07,26.26,139.55
476.52,935.10,29.18,139.54
673.04,901.15,16.75,139.42
507.25,647.69,20.17,139.26
419.87,619.46,17.10,139.25
347.74,718.29,18.71,139.25
468.21,646.48,20.58,139.22
734.51,922.98,78.83,139.11
906.01,1284.10,18.76,139.07
805.28,951.95,23.79,138.93
655.26,674.28,33.37,138.90
588.04,728.14,25.18,138.89
734.47,827.11,18.56,138.82
624.44,786.37,23.25,138.76
442.27,642.76,19.16,138.75
391.07,849.37,52.56,138.74
734.11,1147.23,33.35,138.74
905.61,996.90,88.95,138.69
467.98,723.20,18.56,138.57
574.01,1037.01,23.25,138.53
560.12,923.00,40.87,138.29
582.33,637.60,28.73,138.18
699.65,1187.27,31.51,138.07
510.36,841.52,15.58,138.05
467.38,510.36,14.31,137.86
522.74,987.52,41.17,137.80
696.48,1147.09,9.63,137.79
699.92,733.71,52.06,137.68
397.39,989.15,13.73,137.67
540.59,573.21,18.70,137.52
606.74,642.47,47.04,137.51
665.11,952.42,47.14,137.32
914.76,997.21,71.21,137.31
643.16,897.43,36.92,137.25
974.10,996.63,54.74,137.20
636.25,777.90,12.64,137.16
702.10,730.22,34.01,137.15
785.20,793.27,16.89,137.12
869.02,922.85,16.66,137.09
792.55,865.62,19.53,137.05
390.88,467.97,31.81,136.93
727.84,1187.72,28.02,136.72
538.14,642.90,72.00,136.71
476.87,549.10,20.97,136.71
953.24,983.52,18.73,136.55
585.59,996.46,26.23,136.46
909.38,1048.73,19.04,136.40
462.35,997.02,53.62,136.34
629.97,1188.41,18.64,136.33
516.41,908.85,15.23,136.32
659.64,951.86,22.60,136.32
719.35,857.91,32.67,136.29
476.63,564.82,30.99,136.24
769.09,952.40,17.06,136.20
476.07,699.91,36.66,135.83
960.24,997.16,22.88,135.81
792.39,838.25,31.54,135.76
654.86,670.48,17.18,135.70
556.64,987.63,15.88,135.56
774.87,1285.52,27.82,135.51
516.34,713.32,16.13,135.41
965.29,987.66,33.78,135.35
792.27,997.53,63.04,135.29
462.38,952.04,42.12,135.08
224.87,664.29,31.12,134.98
643.04,711.04,63.30,134.67
757.19,996.99,27.63,134.61
988.55,1028.12,14.23,134.55
525.04,939.75,21.69,134.54
781.36,918.13,10.08,134.53
633.37,974.51,22.19,134.46
819.75,923.51,26.02,134.45
838.38,900.91,16.98,134.44
390.70,728.38,59.18,134.42
989.60,1015.75,29.51,134.41
883.75,964.54,14.38,134.38
716.36,997.41,31.22,134.21
462.37,658.21,21.87,134.13
391.00,736.74,30.21,133.98
646.62,1039.03,17.07,133.97
426.71,573.92,22.50,133.97
728.75,792.22,43.47,133.87
244.15,922.86,51.91,133.81
582.51,922.84,42.52,133.70
641.36,643.17,59.56,133.64
476.65,1053.48,13.41,133.61
582.23,951.48,18.19,133.52
650.25,734.07,47.44,133.43
997.26,1186.98,50.57,133.41
899.32,974.77,22.06,133.40
664.63,714.33,47.82,133.40
353.08,1286.16,16.04,133.36
559.57,979.54,15.71,133.27
857.57,983.15,14.75,133.02
979.62,1045.89,17.41,132.99
243.86,915.16,46.53,132.82
792.25,1073.27,35.03,132.73
586.03,988.00,18.37,132.59
437.60,996.44,17.67,132.54
709.74,987.97,25.65,132.53
517.28,627.34,16.00,132.46
818.51,996.98,27.05,132.46
952.38,997.18,126.28,132.30
983.09,1045.59,20.56,132.25
524.98,696.26,18.14,132.17
618.02,664.15,21.31,132.03
541.16,840.86,12.47,132.01
646.21,664.50,36.06,132.01
643.16,887.95,12.57,131.96
780.96,951.96,43.87,131.67
693.15,781.08,30.95,131.62
598.38,951.95,21.08,131.44
663.84,961.00,34.18,131.39
582.48,935.56,36.12,131.29
896.86,952.38,27.47,131.17
446.10,1072.09,23.36,131.11
582.91,659.59,32.51,131.09
646.49,728.47,41.44,130.98
633.48,722.37,24.65,130.94
498.71,730.60,21.17,130.92
719.87,730.76,17.69,130.87
850.04,952.36,58.79,130.74
649.71,655.52,26.55,130.68
710.34,996.76,49.94,130.53
633.89,1164.51,30.65,130.52
534.49,581.48,20.54,130.45
700.89,973.99,14.86,130.45
625.11,914.92,19.35,130.19
818.39,864.32,18.42,130.12
536.91,538.35,22.56,130.05
728.63,910.34,71.97,129.97
649.75,691.25,28.54,129.92
574.37,615.59,18.36,129.85
626.03,1285.17,22.43,129.81
656.56,906.02,15.67,129.79
652.89,897.39,21.90,129.75
892.15,988.06,35.30,129.67
551.02,663.98,14.82,129.66
511.65,719.36,13.57,129.65
691.62,1036.16,24.40,129.62
637.78,978.99,16.34,129.61
642.24,1088.47,10.34,129.54
243.84,961.01,18.98,129.51
728.64,915.02,53.95,129.46
582.24,874.31,11.57,129.43
467.35,574.38,17.84,129.33
837.97,849.89,35.22,129.32
809.12,952.53,16.24,129.24
643.16,792.42,106.26,129.23
560.00,1037.01,13.50,129.17
625.86,822.89,15.55,129.09
265.72,642.33,15.45,128.90
552.61,692.65,12.31,128.81
642.48,704.86,56.99,128.67
626.33,719.72,17.70,128.54
823.38,1284.36,29.23,128.53
282.04,582.48,19.55,128.42
680.62,780.97,24.13,128.40
733.98,786.49,11.85,128.04
483.84,711.73,17.59,127.71
607.90,952.39,16.56,127.64
728.64,831.96,19.31,127.19
451.01,728.42,19.28,127.11
927.99,952.37,21.15,127.09
467.67,923.49,47.40,126.89
551.14,711.80,12.94,126.69
813.88,1045.72,21.20,126.58
653.29,979.32,28.74,126.56
453.86,850.25,17.81,126.45
282.03,652.87,35.91,126.25
243.60,733.97,18.85,126.17
700.14,1045.79,29.26,126.16
536.59,901.08,19.00,126.10
651.97,969.92,39.12,126.07
923.63,1082.65,23.65,126.04
578.81,607.22,17.40,126.03
589.73,642.67,40.98,126.00
728.40,935.27,44.51,126.00
367.36,642.37,15.68,125.91
631.90,1003.49,17.55,125.84
566.23,781.14,28.84,125.84
674.03,970.65,18.18,125.80
444.73,857.54,25.55,125.66
652.94,973.15,33.02,125.41
633.87,909.67,50.33,125.20
642.32,861.62,15.00,125.04
642.22,987.48,56.27,124.79
510.83,988.65,17.07,124.76
826.12,900.15,16.01,124.74
642.98,696.61,48.74,124.73
691.26,996.50,36.81,124.71
702.48,781.00,41.82,124.68
598.03,634.41,13.51,124.66
458.81,699.61,17.02,124.66
804.37,915.27,15.20,124.34
347.87,643.02,28.15,124.29
714.80,909.37,26.77,124.23
857.65,952.41,28.44,124.22
566.50,728.65,25.96,124.14
613.62,624.22,20.09,123.91
536.48,719.64,33.87,123.87
643.05,668.15,29.72,123.73
997.12,1132.87,11.80,123.52
527.85,728.36,14.02,123.49
730.49,1220.87,17.11,123.41
654.81,914.62,25.05,123.29
755.64,952.41,12.83,123.25
642.64,678.74,38.46,123.22
523.03,734.51,23.98,123.16
582.77,820.28,9.82,123.11
728.08,1037.27,18.59,123.08
523.16,582.92,25.32,123.01
705.11,952.55,25.74,122.91
857.50,1417.33,20.97,122.81
809.74,996.47,14.67,122.80
402.15,672.70,15.54,122.58
668.61,923.09,12.83,122.41
450.36,923.04,31.98,122.35
686.46,996.83,41.79,122.17
643.04,686.50,25.76,122.16
573.95,899.37,41.88,122.11
615.42,909.53,30.35,122.02
656.12,792.26,20.51,121.96
657.89,923.34,11.05,121.81
555.67,666.33,21.81,121.67
411.36,655.15,10.44,121.62
582.64,968.87,15.81,121.41
757.66,891.51,14.79,121.38
664.02,856.97,33.81,121.36
630.03,978.91,20.90,121.30
419.77,642.76,27.22,121.28
820.38,850.06,13.23,121.17
618.83,883.95,19.70,121.11
1072.07,1164.64,17.80,121.04
243.75,727.57,25.00,121.00
626.93,633.90,33.38,120.96
652.38,755.61,21.67,120.91
642.94,900.48,29.63,120.91
708.62,796.61,18.39,120.88
838.38,931.52,11.37,120.75
719.23,1164.43,30.26,120.51
633.90,683.38,14.53,120.40
501.22,686.25,15.17,120.17
625.64,832.23,16.04,120.13
705.13,923.35,33.31,119.91
642.59,660.47,30.84,119.85
441.76,822.87,15.97,119.84
645.62,713.02,40.40,119.83
914.88,1188.44,21.23,119.54
536.51,699.94,45.04,119.51
625.01,646.40,14.98,119.21
664.16,690.95,40.01,119.20
243.87,504.12,24.74,119.17
899.40,1071.83,22.42,119.14
850.00,1071.95,15.53,118.95
536.47,715.28,17.45,118.62
708.83,1053.51,20.87,118.34
838.38,914.33,23.61,118.14
896.49,1015.73,16.08,117.89
755.64,1045.57,15.66,117.89
734.71,1188.28,14.51,117.80
642.34,880.05,21.19,117.57
316.03,728.29,11.84,117.54
391.16,559.98,17.71,117.52
453.63,555.63,19.60,117.45
489.10,583.37,16.77,117.44
476.63,522.97,23.77,117.31
607.32,906.00,13.93,117.13
723.25,838.02,26.51,116.71
676.36,978.68,25.15,116.61
650.55,914.89,10.99,116.14
454.02,609.71,12.58,116.14
723.88,823.36,15.34,116.11
663.74,813.59,17.78,115.97
892.12,983.56,10.79,115.85
652.71,865.63,17.82,115.84
713.01,719.00,19.30,115.83
722.72,924.16,11.80,115.79
630.37,988.38,14.24,115.44
663.84,1041.26,12.07,115.31
832.31,969.91,18.56,115.16
646.64,806.11,12.65,115.00
476.34,905.85,23.01,114.74
617.96,767.02,16.81,114.53
243.86,522.90,31.38,114.48
615.45,824.75,16.38,114.45
244.05,409.89,18.38,114.36
923.38,983.27,38.32,114.28
485.02,658.24,13.79,114.04
832.36,880.05,14.36,113.98
642.48,690.37,41.52,113.58
537.86,780.92,31.73,113.57
362.04,691.51,12.09,113.49
609.60,664.40,18.44,113.28
519.26,651.88,17.33,113.23
823.51,890.27,17.34,113.09
653.43,734.28,35.00,113.03
393.99,808.83,13.18,112.91
419.40,914.78,11.99,112.91
909.42,952.28,42.02,112.67
901.08,909.27,23.07,112.66
467.97,699.38,30.08,112.62
686.21,1003.76,13.24,112.37
617.14,796.16,14.12,112.32
468.11,996.63,37.49,112.22
390.86,891.56,16.76,112.14
573.70,1164.42,12.52,112.14
582.64,850.26,22.46,112.12
390.87,932.16,14.07,112.09
668.77,834.38,19.40,112.03
630.89,918.50,14.31,111.93
997.13,1564.52,15.22,111.89
438.42,781.10,11.68,111.48
582.90,692.15,25.68,111.45
592.90,878.98,15.78,111.01
476.22,841.37,14.08,111.00
390.99,459.08,15.11,110.96
405.51,642.44,22.83,110.96
528.24,630.02,21.20,110.87
536.49,664.40,43.67,110.85
564.71,663.83,21.93,110.77
664.26,988.29,80.75,110.72
734.10,997.28,88.60,110.68
243.72,516.53,14.08,110.37
424.27,710.45,38.35,110.36
721.65,1049.26,14.27,110.26
506.63,727.85,18.07,110.25
642.46,931.36,37.39,110.19
858.11,996.60,45.62,109.89
792.10,905.88,15.57,109.85
935.64,952.10,19.75,109.69
555.62,566.62,16.40,109.25
424.24,679.76,15.34,109.09
663.85,974.64,15.76,108.87
642.73,927.00,33.31,108.70
382.03,733.95,10.93,108.46
727.69,952.26,38.86,108.36
885.39,906.77,18.09,108.17
582.38,745.72,15.10,108.06
601.02,891.53,11.71,108.00
642.91,962.12,29.71,107.84
668.64,711.74,18.18,107.74
654.99,700.00,31.07,107.70
782.05,909.79,27.85,107.63
710.51,1164.29,10.86,107.48
612.64,711.79,16.01,107.27
579.21,938.77,14.41,107.13
476.22,589.89,12.66,107.11
391.20,582.63,34.24,106.99
226.03,642.35,17.78,106.85
510.85,615.59,12.31,106.60
595.20,862.41,14.75,106.57
544.65,626.38,12.85,106.45
723.01,1293.10,13.36,106.40
445.99,615.11,14.10,106.40
642.39,1378.35,20.27,106.10
516.00,699.57,20.19,105.91
522.89,653.30,18.24,105.70
677.97,718.63,13.94,105.66
522.98,663.87,26.50,105.57
695.73,873.98,11.65,105.43
624.23,965.50,15.92,105.14
243.86,527.88,17.57,104.94
243.88,1163.97,15.54,104.92
610.00,996.44,15.00,104.77
696.62,951.86,20.74,104.72
244.04,1188.39,14.15,104.50
632.37,926.88,13.35,104.48
604.23,630.02,14.58,104.29
696.81,923.36,19.45,103.96
244.16,951.96,12.38,103.81
630.25,639.70,19.97,103.54
891.86,923.23,23.74,103.53
774.89,956.99,14.42,103.45
863.85,930.38,11.01,102.95
956.49,997.12,17.35,102.74
734.22,983.14,34.93,102.52
792.26,935.27,18.63,102.44
923.50,1188.21,25.84,102.38
516.46,914.52,16.04,102.30
243.55,1073.09,10.82,102.06
709.76,754.58,19.92,102.04
652.73,722.51,15.26,101.89
555.83,734.25,10.59,101.88
671.60,1069.85,13.81,101.76
582.37,1045.13,24.66,101.60
390.88,974.51,13.56,101.53
646.64,659.41,13.13,101.31
538.01,952.23,36.63,101.02
511.66,642.77,16.35,100.92
832.63,923.24,15.87,100.91
718.83,1045.48,19.99,100.86
582.51,996.83,61.01,100.58
720.75,850.00,11.99,100.57
714.34,822.75,15.80,100.42
633.70,734.16,47.11,100.09
905.82,909.37,40.81,100.00
733.88,965.75,14.45,99.85
780.23,823.37,12.15,99.69
780.88,792.40,34.11,99.52
537.98,582.26,28.12,99.51
490.27,643.05,22.71,98.93
390.73,655.89,34.27,98.84
459.50,580.36,12.12,98.81
276.89,989.64,12.50,98.66
701.71,769.60,17.25,98.53
970.33,996.72,24.64,98.39
727.99,1398.08,10.79,98.36
649.74,823.37,15.96,98.33
812.63,882.24,14.56,98.07
883.95,1063.15,13.15,97.92
951.82,953.27,30.42,97.91
476.22,663.84,37.24,97.68
559.75,663.85,11.70,97.47
669.15,865.61,16.37,97.40
681.02,1013.88,11.13,97.30
446.14,996.90,36.11,97.27
996.75,1513.63,12.16,97.22
573.60,643.17,48.63,97.16
462.65,664.14,9.36,96.99
924.62,1060.26,22.21,96.92
511.66,708.36,14.18,96.91
691.39,1072.25,16.98,96.83
849.76,957.19,10.57,96.77
703.12,774.89,22.12,96.75
808.97,923.39,11.01,96.63
573.96,857.10,17.80,96.53
445.86,728.77,24.87,96.08
642.87,1326.95,15.85,95.90
851.87,873.08,14.60,95.71
560.14,812.62,14.96,95.59
655.48,951.96,21.90,95.47
714.50,923.66,21.61,95.37
633.47,896.86,23.20,95.20
699.92,952.08,61.98,95.08
713.03,882.28,12.70,94.96
727.68,857.25,14.73,94.94
528.02,979.23,10.55,94.89
473.87,642.99,19.15,94.75
734.37,813.92,15.50,94.57
518.84,786.38,11.18,94.52
663.71,996.34,52.73,94.45
543.62,885.00,12.36,94.44
988.14,1147.51,9.24,94.32
229.88,996.83,13.33,94.19
728.27,988.14,46.46,93.81
495.10,826.13,11.48,93.26
781.38,1045.02,13.33,93.09
573.71,996.47,43.89,92.76
691.86,841.40,9.82,92.66
575.12,774.87,14.53,91.98
582.50,702.66,19.84,91.61
348.35,686.29,13.10,91.52
643.05,914.40,31.55,91.45
409.85,664.01,12.63,91.41
634.01,655.32,29.40,90.97
642.50,804.37,11.91,90.69
952.26,987.82,60.28,90.50
923.52,988.52,58.00,90.40
637.50,655.22,19.53,90.02
348.15,630.01,13.80,89.26
764.15,923.54,17.90,89.20
691.70,983.02,24.41,89.07
538.49,1214.51,13.78,88.91
424.26,780.81,11.92,88.91
454.74,914.51,17.11,88.65
883.99,978.95,15.74,88.58
243.87,646.11,9.64,88.24
838.00,1165.22,13.02,88.21
560.14,668.73,11.01,88.20
900.86,952.38,25.34,88.14
672.90,823.36,10.83,88.10
559.90,624.21,22.85,87.88
538.11,630.03,11.59,87.62
536.65,637.76,7.73,87.52
842.02,952.10,10.71,87.29
243.70,664.12,15.44,87.25
642.33,781.12,37.36,87.14
618.26,856.74,15.34,86.76
486.60,923.50,13.40,86.19
642.21,784.42,17.57,85.82
841.64,988.02,18.96,85.43
780.84,996.45,44.00,85.35
700.02,923.39,28.04,84.98
462.33,734.11,17.75,84.97
996.84,1284.78,27.92,84.23
642.34,728.10,35.14,83.81
642.29,996.86,40.30,83.77
574.32,923.11,24.67,83.68
467.75,850.02,9.87,82.79
528.02,952.26,8.76,82.59
642.62,965.75,14.82,82.07
922.98,1010.52,11.42,81.62
476.49,582.35,22.15,79.25
537.03,734.41,16.35,79.11
734.36,988.43,20.65,79.06
997.26,1112.25,14.02,77.74
832.19,952.26,11.60,77.73
838.30,983.15,11.86,76.93
725.29,913.96,6.71,76.73
455.31,642.85,27.91,75.90
646.66,952.32,24.59,75.51
244.16,642.21,9.12,69.76
633.85,996.87,36.22,69.66
445.91,979.67,11.62,69.53
653.40,983.11,7.99,69.28
390.84,536.46,14.40,65.05
391.28,476.53,8.39,64.18
909.26,997.14,24.46,63.96
850.01,997.41,15.28,63.92
390.71,643.28,13.45,63.08
642.60,923.20,20.18,61.90
634.26,664.43,20.29,61.01
734.53,1044.71,10.54,59.55
642.88,655.50,36.33,58.25
730.89,951.99,5.97,55.82
537.17,722.95,13.42,54.39
391.30,574.16,6.16,53.72
536.50,837.99,13.30,48.49
643.19,1045.63,7.53,28.60
