526.12,527.49,17571.57,4580.67
584.77,585.99,13051.69,3348.88
1031.41,1032.59,3498.68,2752.77
383.29,384.39,9443.57,2482.27
691.10,692.36,2920.43,1643.00
413.05,414.09,2167.24,1560.35
566.25,567.30,683.46,1287.44
312.72,314.41,749.26,1239.49
368.79,370.18,347.65,777.02
506.87,508.25,626.87,659.44
271.91,790.15,688.10,602.25
346.12,347.41,331.10,587.21
289.96,790.12,879.50,584.07
294.02,885.29,413.81,581.93
325.90,843.48,360.01,559.73
307.87,825.39,409.56,545.63
307.93,843.38,298.98,488.98
507.99,691.39,1092.69,462.14
482.07,691.15,491.86,434.53
325.84,825.15,291.55,425.67
578.00,625.08,372.83,421.50
426.89,790.40,953.17,421.46
525.92,691.00,971.18,416.24
370.95,691.29,339.14,389.91
408.82,773.15,322.23,382.63
525.78,1022.40,130.00,380.05
460.11,578.21,85.14,379.55
289.89,625.37,376.13,379.05
576.09,890.43,388.62,377.48
293.96,697.34,134.78,377.39
352.78,691.02,139.41,372.86
343.01,790.21,268.85,372.06
400.67,526.18,97.84,371.02
307.96,1013.22,263.44,370.78
204.91,889.46,150.09,370.50
409.11,479.97,233.06,370.47
408.75,742.29,177.23,363.12
213.14,289.94,175.31,360.89
408.89,790.24,670.46,358.62
526.26,657.24,144.29,358.09
593.50,625.20,198.91,354.78
337.60,482.10,88.06,353.67
346.34,607.97,86.75,347.21
526.15,538.67,109.36,345.48
526.17,631.81,69.59,344.79
426.88,596.97,196.21,343.79
412.88,773.27,215.06,340.95
456.09,698.30,72.75,340.51
581.16,596.75,107.50,339.87
286.15,1013.56,80.30,339.67
362.72,409.02,235.51,337.45
552.77,625.53,142.94,337.27
498.36,828.24,168.02,336.97
575.98,1014.29,314.28,333.63
773.23,885.22,161.48,333.53
580.75,826.09,175.17,332.08
502.99,844.02,89.02,331.26
426.97,625.54,455.12,330.20
378.75,561.51,287.71,328.67
589.50,894.65,107.30,328.34
370.77,773.13,111.00,327.90
293.87,511.74,278.80,327.58
487.88,625.18,191.86,327.09
469.95,578.16,166.00,326.61
307.90,403.82,81.66,324.76
375.27,384.14,286.63,323.77
398.66,691.24,202.05,322.55
386.87,578.35,153.37,321.60
585.01,871.35,130.48,320.97
277.01,773.12,76.62,320.61
495.69,990.13,213.50,320.26
520.41,596.39,117.39,319.77
304.71,885.25,110.16,319.58
525.73,974.10,158.85,319.44
552.64,889.22,114.99,319.36
398.44,502.51,96.49,318.32
337.45,508.10,132.24,317.84
240.88,903.51,66.56,316.55
371.01,642.98,136.79,316.43
413.11,597.22,133.43,316.25
580.75,692.14,219.37,315.94
329.58,439.10,296.25,315.72
427.22,701.02,121.85,315.24
213.36,1012.95,137.60,315.18
432.98,757.00,190.19,314.91
408.65,872.40,88.74,313.17
561.05,828.41,137.30,312.55
544.41,790.40,188.34,312.36
346.11,596.85,66.31,312.22
395.87,482.04,152.48,312.17
307.92,477.68,83.74,311.89
576.26,902.79,149.61,311.86
276.98,508.15,145.24,311.60
307.90,489.91,84.87,310.90
326.12,498.75,166.34,310.78
433.14,478.77,377.78,309.62
520.24,974.07,134.49,309.42
589.70,608.25,166.15,307.59
404.29,447.64,121.18,307.23
325.64,697.20,87.68,307.13
590.03,902.27,174.25,306.42
511.56,516.58,279.09,306.29
336.99,527.24,66.10,305.90
342.89,498.22,125.98,305.29
511.83,867.16,116.97,305.23
498.24,773.13,170.98,305.05
589.74,889.11,269.64,305.05
498.04,800.05,80.65,304.78
308.03,790.20,361.36,303.95
387.12,543.99,97.61,303.26
267.96,479.88,75.76,303.20
398.84,974.31,79.12,302.52
418.06,478.31,89.87,302.46
245.74,889.37,59.43,302.14
322.11,427.13,211.42,301.87
293.94,307.80,176.31,301.81
293.90,447.66,158.57,301.58
566.77,643.30,178.97,301.19
340.98,584.56,135.14,301.19
275.98,790.30,99.00,300.76
325.92,566.74,259.02,299.92
454.62,691.27,87.52,299.84
498.51,1031.89,138.11,299.54
426.98,551.75,178.71,299.50
562.29,1013.47,113.83,299.24
481.90,593.50,63.41,299.24
271.99,773.23,94.88,299.23
240.92,525.97,161.97,299.17
575.55,724.02,183.76,298.74
498.13,520.58,329.23,298.08
232.90,413.77,55.14,297.84
326.25,991.24,94.78,297.66
331.90,507.39,95.01,297.37
258.05,312.90,71.17,297.28
378.51,843.76,147.60,297.10
357.42,497.96,105.56,296.88
351.77,423.83,169.98,296.86
346.02,990.67,140.54,296.45
337.39,625.17,132.77,295.91
249.38,673.93,143.96,295.85
843.51,886.29,64.37,295.35
257.23,544.35,71.66,294.80
297.91,423.91,105.78,294.67
584.75,995.54,154.67,294.56
390.23,844.37,161.50,294.33
526.01,544.20,239.77,294.25
486.63,496.19,120.77,294.10
395.53,590.15,410.53,294.04
520.37,1032.23,135.61,293.84
691.20,890.36,159.89,293.81
370.74,828.37,68.27,293.41
408.90,462.97,76.91,293.28
345.86,738.04,95.73,293.17
255.15,384.13,139.57,292.92
271.75,478.76,90.53,292.72
263.49,520.81,152.49,292.55
447.51,489.82,139.03,292.52
384.23,494.45,211.59,292.16
492.07,526.27,94.71,291.86
408.87,543.84,139.37,291.75
489.39,567.32,208.99,291.70
444.87,1031.14,119.52,291.54
465.37,790.28,97.63,291.53
342.74,886.01,62.75,291.42
790.56,957.37,140.30,290.95
478.26,990.54,87.32,290.92
308.15,351.88,77.89,290.82
413.13,422.35,167.69,290.74
293.87,596.70,77.79,290.49
673.99,889.65,93.42,290.34
307.71,342.88,85.06,290.32
427.46,589.78,287.77,290.20
790.38,1031.35,273.91,290.12
308.05,697.47,115.02,290.02
253.00,345.88,87.15,289.06
294.00,304.41,64.06,289.00
325.77,715.27,71.73,288.91
272.46,957.12,57.63,288.81
277.07,990.33,103.15,288.73
503.50,590.26,136.13,288.56
289.73,351.92,55.43,287.82
377.87,552.44,140.86,287.82
413.05,487.94,138.79,287.74
369.14,1031.88,130.06,287.46
268.02,774.15,75.00,287.08
503.63,885.13,89.21,286.92
691.30,969.23,67.16,286.90
400.20,584.51,138.10,286.88
213.35,790.24,243.71,286.55
480.57,495.66,84.62,286.39
342.95,691.76,118.86,286.28
526.16,696.99,143.45,286.27
249.59,773.11,111.91,286.17
213.77,395.62,106.53,285.91
290.01,326.80,106.24,285.90
426.84,679.26,54.09,285.81
312.88,1031.77,156.81,285.11
661.09,691.10,36.76,284.88
325.88,974.70,121.12,284.82
236.89,691.32,71.19,284.26
491.92,584.53,129.55,284.08
584.62,596.07,143.96,283.69
346.08,507.11,203.72,283.44
433.36,503.75,227.58,282.98
412.99,956.39,163.15,282.83
256.91,566.62,134.75,282.81
625.66,889.22,162.42,282.68
843.36,889.61,98.83,282.40
362.35,956.38,61.13,282.40
240.36,691.63,179.13,282.26
773.22,991.38,87.04,282.14
413.08,520.85,261.18,282.08
275.09,439.55,177.58,282.07
507.95,990.39,213.35,281.97
204.86,885.38,106.15,281.67
511.70,844.49,126.99,281.65
507.20,808.67,79.96,281.55
549.12,625.13,92.48,281.37
456.89,1031.48,101.69,280.29
378.34,738.10,105.68,279.92
384.33,1022.48,133.69,279.91
498.05,503.10,126.27,279.88
885.06,895.49,63.15,279.75
276.87,561.14,102.58,279.65
511.77,774.05,154.66,279.65
423.90,483.50,100.39,279.12
243.90,496.27,39.55,279.04
427.08,496.28,303.02,278.90
312.87,580.46,176.57,278.69
325.63,725.27,74.16,278.67
372.37,597.51,73.90,278.43
389.98,483.21,101.02,278.21
520.15,673.84,150.53,277.92
575.52,828.55,176.25,277.86
307.86,890.36,108.74,277.66
417.95,773.63,92.40,277.52
342.81,395.55,125.42,277.47
843.53,1031.54,98.58,277.12
516.20,675.13,85.15,277.05
423.71,774.42,156.53,277.04
268.02,487.11,47.56,276.73
403.86,974.58,64.50,276.66
585.25,698.16,134.00,276.63
511.63,886.26,136.42,276.62
346.02,1031.46,114.80,276.47
279.82,413.09,44.23,276.41
511.90,571.95,280.24,276.32
272.00,581.04,109.37,275.93
423.79,657.07,83.84,275.47
673.30,825.27,78.08,275.13
325.81,772.39,99.44,274.85
561.26,956.42,153.88,274.58
495.56,575.53,489.74,274.44
267.98,526.01,182.70,274.43
249.36,790.64,232.75,274.41
370.73,584.48,228.74,274.32
204.84,790.17,153.95,274.31
378.04,1032.26,200.04,274.31
552.08,590.15,142.37,274.22
240.38,488.08,62.49,273.82
590.24,723.95,117.64,273.82
299.10,526.25,81.97,273.72
439.31,781.51,165.59,273.66
213.49,724.45,107.62,272.87
561.23,674.75,86.16,272.70
552.64,825.32,95.31,272.57
424.41,889.73,226.82,272.41
495.55,1032.77,125.69,272.28
596.10,885.53,57.91,271.28
433.15,929.64,60.60,271.25
584.59,614.12,99.83,270.82
511.69,996.75,79.29,270.46
289.78,520.07,145.14,270.43
413.21,544.22,199.73,269.87
240.34,478.37,85.03,269.77
294.00,773.37,78.30,269.36
404.99,433.19,232.87,269.36
495.40,557.98,133.75,269.18
482.03,566.61,127.12,269.10
345.84,456.16,111.14,268.98
445.14,520.53,181.96,268.82
372.63,890.86,70.28,268.79
289.75,321.97,94.77,268.74
585.32,790.54,266.18,268.66
290.04,594.02,57.43,268.55
267.56,885.37,61.30,268.41
346.07,503.26,141.47,268.38
313.17,452.16,64.59,268.27
455.73,790.41,161.77,267.92
395.37,956.76,117.71,267.88
313.06,508.21,261.09,267.87
525.98,675.11,101.33,267.75
309.01,431.01,48.90,267.63
608.33,674.22,64.53,267.60
625.10,845.07,73.98,267.53
480.12,643.51,59.73,267.44
384.06,947.05,95.99,267.09
347.44,433.14,240.26,266.48
386.94,508.11,170.94,266.37
511.32,527.14,184.86,266.28
387.04,693.12,51.99,266.12
566.43,737.98,88.99,266.12
337.82,584.65,151.02,265.58
526.08,578.24,336.42,264.99
326.00,549.70,62.42,264.86
426.90,758.73,106.74,264.50
204.76,511.48,108.18,264.30
215.10,825.12,55.48,264.17
395.46,1031.50,181.23,264.08
544.12,956.56,67.37,263.77
326.03,643.82,97.70,263.74
285.78,790.32,95.89,263.70
512.26,903.42,52.53,263.60
254.29,691.05,134.28,263.52
277.16,511.67,99.95,263.43
567.01,828.00,76.99,263.20
624.85,956.37,93.98,263.17
289.88,502.34,64.09,263.12
790.44,808.26,73.93,263.02
511.54,738.20,91.08,262.92
249.22,561.08,115.44,262.91
275.03,578.15,63.65,262.84
889.68,1032.25,80.29,262.76
413.01,496.84,87.34,262.71
293.98,606.86,45.54,262.67
433.49,629.27,54.45,262.64
383.96,544.14,316.32,262.57
362.95,508.07,100.65,262.28
495.56,572.12,150.55,262.22
399.53,575.60,127.85,261.96
433.05,532.98,95.17,261.76
566.85,975.67,70.06,261.46
516.38,774.08,91.24,260.92
267.71,580.71,75.43,260.64
552.26,567.26,145.34,260.63
232.70,507.20,90.50,260.56
436.78,560.98,69.14,260.55
445.26,697.28,88.07,260.41
459.98,691.03,96.26,260.35
260.05,433.36,145.78,260.21
614.51,790.64,57.40,260.09
290.28,293.99,79.21,260.02
252.95,585.13,198.64,259.91
956.54,974.41,70.62,259.81
957.13,1031.35,90.34,259.75
447.49,1013.37,195.89,259.44
451.80,526.26,142.43,259.10
240.55,257.05,71.50,258.93
432.87,608.41,134.57,258.87
490.42,1013.11,36.68,258.78
325.99,436.44,96.10,258.74
237.94,773.26,71.82,258.67
433.47,450.87,114.90,258.58
342.77,625.35,111.46,258.54
608.19,825.25,74.04,258.41
427.12,451.93,109.20,258.36
313.41,495.65,163.14,258.15
526.14,649.39,56.48,258.01
575.70,613.23,82.63,257.79
567.50,584.36,334.36,257.76
378.37,884.97,229.09,257.63
566.96,625.25,244.65,257.58
398.98,439.05,282.33,257.42
409.02,493.75,91.67,257.36
279.99,426.93,78.79,257.24
254.61,480.16,60.70,257.16
548.99,566.77,66.43,256.88
395.56,561.50,194.42,256.79
214.02,378.13,109.38,256.79
369.28,696.97,76.77,256.76
240.96,520.25,132.62,256.69
451.05,507.26,92.19,256.66
289.82,1031.35,128.66,256.66
299.94,544.42,53.67,256.63
325.90,571.23,90.38,256.42
442.24,691.42,76.08,256.31
222.80,575.68,86.72,256.16
438.73,534.12,101.63,256.08
484.40,578.23,78.82,256.07
418.14,525.77,273.16,256.06
390.28,423.61,366.24,256.06
571.73,575.84,238.09,255.89
674.01,691.37,172.93,255.75
561.23,1032.22,100.17,255.73
271.67,389.97,216.97,255.66
790.68,990.23,154.61,255.32
578.98,990.66,69.03,255.08
481.99,673.98,71.11,254.90
578.25,808.28,35.51,254.85
589.60,655.53,84.07,254.68
439.38,903.36,274.80,254.60
213.39,773.42,89.71,254.55
495.74,756.30,68.44,254.54
259.32,383.84,177.36,254.42
358.95,433.22,68.66,254.26
479.02,482.16,71.60,254.15
249.20,885.40,70.26,254.10
398.02,846.42,46.62,254.06
331.84,566.37,51.35,253.43
423.49,486.90,160.24,253.39
625.37,774.61,81.15,253.38
346.10,1013.09,94.22,253.16
498.10,697.50,89.05,253.03
240.53,553.38,73.35,252.97
307.87,1031.63,107.12,252.82
378.14,424.36,327.61,252.74
254.51,495.67,103.04,252.72
442.61,585.16,71.63,252.67
322.00,790.24,154.64,252.31
724.34,956.51,76.93,252.15
357.53,390.37,82.70,252.12
337.52,553.41,55.86,252.03
317.12,506.98,55.37,251.97
507.37,543.46,126.77,251.87
293.86,345.09,40.66,251.81
585.17,825.25,242.34,251.59
482.16,520.62,104.58,251.41
544.20,590.37,152.94,251.39
478.67,773.37,68.30,251.29
289.89,674.49,94.24,251.15
390.14,890.66,165.82,250.96
236.65,390.07,88.69,250.52
412.47,444.88,105.51,250.40
399.03,790.42,117.78,250.19
332.02,526.11,100.87,249.96
337.90,575.47,89.83,249.94
253.20,520.28,82.45,249.90
480.12,508.04,124.68,249.88
307.99,544.39,109.20,249.87
395.54,608.17,107.44,249.85
307.91,363.25,58.58,249.77
276.70,424.39,95.63,249.70
390.04,867.43,84.38,249.50
470.14,791.60,100.26,249.43
390.37,791.66,181.29,249.22
427.24,714.91,69.41,249.09
469.31,498.07,98.35,248.79
353.24,625.28,67.98,248.74
213.35,481.84,63.16,248.72
307.71,377.99,211.49,248.46
589.59,675.38,198.29,248.40
418.38,520.51,136.04,248.31
484.95,526.17,112.13,248.26
399.02,625.25,97.65,248.15
353.98,498.39,53.30,248.10
422.07,581.11,132.43,247.95
404.01,691.65,122.29,247.64
263.46,487.36,78.77,247.47
290.30,447.50,53.39,247.44
249.77,326.17,78.67,247.12
427.35,939.27,76.10,246.89
378.53,567.33,218.61,246.83
408.73,991.29,93.26,246.71
643.38,754.97,35.30,246.60
307.86,566.92,170.43,246.41
331.94,369.44,64.31,246.30
236.76,507.32,60.11,246.21
624.87,938.28,37.45,246.05
625.64,725.11,76.01,245.95
267.88,843.10,61.32,245.82
252.94,990.32,68.47,245.82
210.20,439.27,117.94,245.80
439.19,450.10,235.24,245.66
697.31,1032.49,54.04,245.60
325.91,447.45,184.33,245.48
584.51,956.50,268.36,245.46
378.31,724.23,197.34,245.41
396.74,596.24,49.79,245.39
439.05,760.03,76.38,245.35
384.21,553.60,195.66,245.20
511.40,829.14,77.59,244.82
643.38,956.38,82.83,244.51
290.15,390.55,111.53,244.43
254.50,956.74,54.18,244.41
462.76,526.24,71.11,244.06
384.09,677.38,77.42,244.01
289.74,956.37,84.69,243.89
341.47,424.03,71.91,243.86
253.26,625.13,68.10,243.39
295.01,544.13,53.95,243.02
575.64,861.26,39.95,243.00
516.14,697.46,78.25,242.89
520.69,757.22,86.98,242.87
245.04,1013.87,47.18,242.84
409.16,423.93,251.28,242.71
313.29,626.53,72.43,242.62
337.83,889.23,56.83,242.61
271.88,464.08,53.66,242.58
372.28,754.76,60.17,242.53
384.06,519.95,531.00,242.49
213.39,382.87,85.85,242.39
370.02,625.30,97.93,242.36
360.82,395.74,70.74,242.09
352.12,507.00,88.45,242.04
526.14,643.51,136.79,241.94
452.28,589.47,59.61,241.86
439.64,877.00,92.53,241.83
249.52,479.57,55.53,241.66
271.89,692.54,79.56,241.47
249.54,337.53,65.72,241.39
511.62,613.11,60.22,241.22
232.76,423.72,115.62,241.22
625.40,674.54,97.45,241.19
563.15,576.00,111.49,241.16
277.14,503.21,65.90,241.13
448.17,575.38,163.14,240.94
304.73,371.79,92.68,240.80
478.64,515.83,74.03,240.63
369.27,454.22,60.61,240.61
267.87,1013.65,73.51,240.58
390.30,470.25,128.59,240.38
481.91,625.14,117.65,240.23
424.13,508.27,211.88,240.23
456.00,566.55,173.25,240.17
508.15,674.11,120.33,240.15
427.02,851.38,42.63,240.07
294.04,487.71,89.27,240.06
213.22,625.15,100.41,239.98
433.26,764.28,53.03,239.97
511.65,1031.92,113.06,239.97
307.87,526.01,277.75,239.86
439.49,552.52,312.25,239.80
252.83,378.01,123.08,239.77
249.24,487.71,111.58,239.67
378.42,593.60,128.91,239.63
365.05,417.85,62.64,239.56
383.90,572.61,253.08,239.38
372.41,724.28,85.70,239.37
589.65,742.37,123.55,239.24
691.08,902.86,92.67,239.13
426.96,642.99,160.57,238.98
433.12,894.36,95.67,238.94
386.82,482.16,85.77,238.86
608.18,625.13,100.06,238.82
553.33,1013.43,76.91,238.41
520.36,902.24,85.03,238.35
790.37,872.23,76.43,238.29
257.10,580.70,84.88,238.12
240.58,580.71,119.26,238.03
300.14,691.65,54.50,238.00
439.28,614.13,117.88,237.98
624.87,825.66,68.50,237.93
204.75,566.79,106.40,237.86
395.20,691.26,141.47,237.84
507.52,575.35,173.66,237.74
289.97,774.76,59.38,237.72
412.99,657.00,68.66,237.72
372.28,567.28,168.70,237.68
233.11,889.46,43.89,237.66
346.25,423.75,131.06,237.49
502.79,1031.37,90.20,237.42
285.01,511.50,80.48,237.39
902.38,1013.36,49.85,237.26
418.56,589.91,157.22,237.16
384.36,828.09,207.01,237.00
263.50,497.89,146.84,236.98
211.00,692.21,31.71,236.97
285.17,395.63,68.29,236.88
372.52,498.02,123.02,236.77
413.31,643.00,77.56,236.73
370.87,843.49,44.23,236.70
334.10,439.11,81.62,236.68
469.47,508.14,60.37,236.57
427.01,499.39,101.15,236.55
290.13,395.25,101.30,236.52
584.62,990.38,356.39,236.50
314.85,498.44,106.85,236.48
772.95,790.38,109.86,236.48
526.11,845.23,72.31,236.46
691.60,957.25,192.15,236.40
276.99,290.16,49.40,236.37
447.61,742.00,71.31,236.36
774.39,889.36,59.80,236.32
507.03,710.38,43.00,236.32
512.24,890.13,111.75,236.24
403.99,507.00,106.78,236.23
674.53,1013.14,91.99,236.12
253.02,1013.29,78.21,235.95
272.62,308.16,74.03,235.78
426.87,913.03,51.33,235.72
433.24,974.67,174.29,235.69
362.88,885.50,72.43,235.69
584.63,654.01,55.20,235.50
313.02,729.35,61.40,235.43
470.28,489.53,38.11,235.41
377.60,597.09,38.95,235.20
790.13,843.17,170.05,235.06
885.13,956.09,58.45,235.03
249.63,724.25,69.06,235.03
343.04,589.50,138.83,235.01
372.25,478.66,93.06,234.95
277.02,544.15,47.30,234.90
263.49,580.59,97.98,234.80
575.51,781.42,57.91,234.65
346.18,498.86,90.61,234.64
408.64,738.16,62.09,234.60
351.90,396.13,67.45,234.56
526.04,717.26,67.95,234.13
293.94,418.26,104.00,234.05
428.14,1013.11,67.69,234.00
204.86,991.50,46.37,233.96
294.31,558.41,75.14,233.92
252.96,498.62,101.88,233.82
370.85,674.24,82.51,233.78
589.53,869.12,67.84,233.75
561.03,581.03,183.80,233.73
503.76,625.56,68.39,233.69
384.46,1005.24,62.93,233.69
690.99,801.23,39.27,233.63
388.90,625.24,113.61,233.62
525.88,755.37,60.17,233.38
581.00,675.29,62.69,233.36
307.75,643.28,93.04,233.26
302.03,426.88,84.42,233.10
447.50,479.85,88.20,233.01
383.96,557.77,248.83,232.81
256.93,885.53,64.65,232.76
346.00,351.35,43.06,232.68
304.04,313.16,54.78,232.62
395.44,503.68,112.86,232.56
790.23,890.39,111.65,232.53
485.23,825.49,40.44,232.22
561.13,990.34,135.51,232.15
289.92,691.20,293.82,232.12
240.53,511.38,140.18,232.09
456.62,580.69,125.42,232.09
339.85,383.79,80.65,232.03
724.45,742.33,47.12,232.00
337.38,990.52,55.71,231.79
426.74,956.28,166.85,231.64
418.26,596.07,54.22,231.60
433.26,613.26,74.85,231.56
424.19,589.62,393.88,231.54
427.14,469.21,67.22,231.53
572.07,643.03,53.62,231.37
413.01,552.24,88.21,231.37
701.12,790.59,58.16,231.25
346.34,487.76,82.45,231.24
294.23,502.95,78.93,231.21
408.86,455.97,136.74,231.17
272.03,448.02,74.58,231.13
398.72,418.04,77.76,231.13
290.18,1013.23,52.32,231.12
207.12,439.17,95.43,231.07
580.72,773.17,139.76,231.03
423.88,996.14,69.23,230.76
403.84,1013.24,56.26,230.75
525.59,572.24,80.97,230.59
714.35,791.52,40.18,230.39
507.07,557.46,106.31,230.32
332.21,584.90,73.60,230.27
284.98,561.10,58.64,230.25
253.01,790.54,107.36,230.05
259.61,426.73,55.29,230.02
990.52,1014.81,65.24,229.79
403.88,584.42,218.26,229.70
422.30,625.26,123.76,229.66
456.05,478.89,77.19,229.64
368.97,506.94,153.15,229.51
346.81,372.64,56.52,229.50
337.66,581.17,61.25,229.48
326.03,486.96,67.78,229.45
383.84,470.37,106.12,229.42
426.95,755.61,86.73,229.38
549.44,584.48,77.04,229.34
366.10,511.64,48.93,229.26
322.14,398.09,34.07,229.15
222.27,307.73,31.58,229.03
507.26,825.51,106.66,228.95
508.11,643.16,122.80,228.89
308.00,691.60,164.14,228.84
378.41,774.50,127.06,228.76
395.34,526.37,238.73,228.74
442.28,447.51,49.67,228.69
409.23,552.37,72.46,228.67
362.72,790.27,144.86,228.64
233.15,495.36,47.75,228.58
227.88,584.50,81.78,228.53
413.05,1031.27,133.65,228.44
566.88,607.98,81.02,228.33
438.86,996.65,77.04,228.32
526.40,608.26,78.87,228.25
313.02,325.61,87.08,228.25
395.51,539.07,43.06,228.24
276.93,375.44,38.14,228.23
384.00,717.42,90.17,228.15
438.97,657.65,166.14,227.99
456.63,526.40,172.00,227.92
495.73,614.05,50.34,227.85
380.73,409.03,72.77,227.84
240.32,447.63,72.16,227.84
263.37,502.70,62.55,227.83
495.35,498.15,113.26,227.77
326.15,470.16,52.53,227.70
313.74,825.22,77.29,227.66
384.66,885.75,76.46,227.60
289.78,346.54,90.87,227.59
274.98,526.06,103.66,227.55
593.22,791.27,57.68,227.54
423.75,643.12,162.10,227.45
325.92,889.63,132.21,227.44
691.44,715.33,69.01,227.40
307.90,552.80,79.37,227.23
509.12,889.46,68.29,227.17
384.01,644.07,184.03,227.17
281.11,511.49,51.30,227.15
289.56,487.90,42.10,227.14
301.87,576.03,88.55,226.98
589.69,601.39,62.73,226.95
469.73,691.21,114.99,226.93
418.30,515.89,156.06,226.76
438.99,692.96,184.28,226.66
589.51,801.37,71.16,226.57
439.50,653.11,74.88,226.55
478.08,589.87,119.46,226.49
254.12,325.61,50.76,226.24
439.06,815.99,79.94,226.17
439.09,921.21,61.92,225.83
221.85,378.23,65.83,225.79
566.80,990.38,131.92,225.70
427.16,738.09,98.03,225.69
590.26,974.64,79.29,225.57
445.10,625.10,170.12,225.52
257.02,791.26,96.38,225.46
478.36,527.23,72.60,225.42
413.02,902.54,71.85,225.34
506.87,957.14,99.84,225.01
396.24,697.12,44.08,224.94
384.42,754.45,81.67,224.78
544.61,885.48,75.58,224.71
580.79,1032.22,88.97,224.63
486.32,511.87,93.58,224.62
313.73,520.62,110.36,224.58
413.00,629.21,53.90,224.54
244.85,567.10,47.82,224.41
396.11,435.96,64.46,224.18
263.36,1014.79,45.56,224.11
290.15,418.23,98.16,224.00
497.98,608.13,66.17,223.95
452.00,575.85,81.55,223.94
490.40,495.64,66.58,223.87
294.15,1031.75,71.44,223.79
384.65,690.94,168.63,223.67
396.13,478.76,90.37,223.54
456.51,643.38,81.17,223.51
263.51,417.97,96.02,223.41
240.42,790.25,154.08,223.30
495.87,508.01,239.48,223.12
362.54,1013.44,86.60,223.11
438.72,548.15,75.49,223.03
369.12,481.86,70.25,223.03
256.74,575.35,133.91,223.02
384.13,781.12,87.79,222.93
337.41,773.18,55.17,222.90
790.81,974.41,100.76,222.77
395.37,498.16,178.41,222.76
313.61,589.48,167.19,222.43
331.73,691.30,68.70,222.42
276.88,498.28,86.21,222.38
268.02,433.27,174.12,222.31
412.73,580.49,105.97,222.29
354.07,378.32,82.36,222.26
626.19,990.49,64.92,222.18
464.02,495.77,58.17,222.00
372.58,791.58,115.44,221.90
390.15,463.77,77.11,221.89
447.60,507.36,191.43,221.88
571.63,974.64,74.34,221.85
208.87,433.11,62.44,221.77
241.05,990.51,47.93,221.69
259.85,575.67,72.49,221.68
439.41,721.95,87.28,221.66
343.86,511.93,61.39,221.57
337.51,589.60,127.90,221.56
253.16,455.98,46.02,221.31
511.91,597.36,54.14,221.29
487.60,585.38,84.53,221.29
427.01,807.98,86.10,221.26
478.60,519.86,86.84,221.19
213.19,294.11,69.74,221.14
290.93,885.00,39.45,221.07
561.09,773.41,91.97,221.04
427.05,1039.41,59.15,220.91
511.53,548.96,74.19,220.84
307.84,991.63,69.44,220.84
481.80,773.28,45.13,220.73
424.03,480.05,130.53,220.71
229.01,439.27,55.19,220.58
293.73,674.42,65.08,220.55
263.38,373.01,75.34,220.54
560.97,1040.19,47.66,220.51
389.98,492.06,87.97,220.50
369.28,544.15,87.55,220.48
496.09,903.26,66.78,220.39
481.95,580.72,86.86,219.97
304.50,625.42,71.91,219.89
438.75,1040.20,148.35,219.77
312.74,511.38,128.76,219.76
268.04,325.74,90.55,219.69
413.45,674.24,104.92,219.66
383.72,463.76,82.80,219.64
369.17,472.58,87.62,219.61
321.94,497.85,71.28,219.59
245.99,691.34,68.54,219.53
213.23,581.17,60.04,219.47
213.21,643.10,48.60,219.44
271.87,497.70,56.32,219.43
503.28,990.74,94.12,219.41
439.25,698.14,198.51,219.40
384.38,460.10,76.39,219.39
313.28,363.18,52.53,219.39
497.94,625.97,135.90,219.30
263.24,346.15,71.05,219.19
585.40,742.36,125.08,219.17
384.00,452.15,119.27,219.13
544.08,607.06,45.35,219.09
267.58,289.74,30.85,219.06
447.73,581.38,90.77,218.87
828.21,956.11,59.65,218.84
511.78,990.67,121.33,218.79
204.87,404.10,52.64,218.66
408.73,508.04,166.41,218.57
369.01,885.22,106.96,218.46
691.42,1031.23,171.13,218.41
285.49,584.38,64.36,218.41
575.95,1039.45,83.22,218.40
575.37,690.84,141.50,218.30
503.11,516.30,106.10,218.26
427.03,608.61,92.80,218.14
526.37,886.02,106.84,218.04
456.11,521.25,73.09,217.99
244.49,439.12,176.78,217.98
362.39,516.40,71.15,217.96
395.51,724.10,125.66,217.94
390.41,557.87,78.21,217.86
439.12,915.72,72.37,217.80
325.97,742.50,73.80,217.43
204.97,498.89,45.49,217.42
451.05,691.10,59.23,217.25
307.88,585.41,105.67,217.24
252.75,575.85,144.14,217.22
423.74,454.17,86.47,217.14
488.12,575.61,99.62,216.97
442.76,589.53,68.71,216.89
544.06,1013.10,57.98,216.63
567.12,955.99,85.27,216.56
398.68,433.12,99.45,216.52
237.89,516.66,39.06,216.33
370.84,608.37,64.99,216.18
519.84,790.37,140.11,216.06
756.96,1013.21,42.74,216.04
423.49,885.24,101.27,216.03
369.47,389.97,247.57,215.87
470.33,560.91,84.90,215.70
389.99,511.76,411.94,215.68
293.72,495.47,80.37,215.66
515.89,889.40,102.00,215.48
378.52,894.15,47.54,215.38
271.93,508.00,119.86,215.36
395.26,867.38,56.41,215.31
395.82,397.88,78.88,215.25
290.02,479.87,43.54,215.08
307.90,481.88,84.00,215.06
246.15,520.53,46.62,215.03
326.01,362.44,82.44,215.02
566.66,697.10,67.56,215.00
282.11,498.00,41.28,214.99
313.90,395.44,82.66,214.96
544.09,624.74,90.35,214.96
584.81,625.25,308.95,214.94
825.24,957.53,44.65,214.73
508.11,738.28,52.78,214.65
326.03,545.44,44.24,214.56
423.76,567.88,170.39,214.52
503.15,674.41,68.33,214.50
885.29,1013.63,86.06,214.48
447.90,495.51,135.64,214.44
424.37,829.64,41.20,214.38
384.69,567.15,106.09,214.34
515.97,557.78,80.68,214.23
383.88,867.38,83.82,214.23
204.82,256.97,37.40,214.15
575.60,885.41,219.42,214.04
584.49,830.26,53.72,214.02
354.71,576.27,62.59,213.86
413.28,516.10,87.04,213.76
346.14,697.13,39.11,213.63
525.98,738.53,41.58,213.63
498.10,974.41,89.14,213.62
560.99,757.01,54.70,213.59
289.57,544.08,55.52,213.57
256.98,511.50,111.94,213.51
549.65,790.29,70.51,213.43
432.97,544.50,162.84,213.42
495.77,742.13,75.01,213.32
451.36,520.45,84.73,213.22
433.11,911.45,59.50,213.21
240.31,506.97,91.91,213.17
492.41,590.27,57.10,213.14
409.38,517.02,58.62,213.13
219.85,584.61,41.57,213.09
561.43,825.13,79.59,213.07
384.09,877.42,116.52,212.97
486.99,843.31,48.29,212.90
433.34,996.35,97.03,212.86
384.09,882.41,69.31,212.84
581.38,724.07,66.94,212.74
204.89,584.24,97.68,212.71
624.72,885.12,71.21,212.68
507.68,800.08,41.06,212.67
313.12,674.84,74.79,212.66
259.36,390.10,77.36,212.61
213.39,956.10,53.80,212.57
482.01,575.48,133.72,212.53
589.21,773.62,135.98,212.46
412.97,417.87,166.95,212.45
444.84,957.22,53.41,212.42
427.17,800.37,89.81,212.32
290.87,724.24,37.07,212.31
575.22,742.40,60.60,212.30
439.39,774.80,150.75,212.22
240.20,372.12,84.87,212.21
408.88,468.26,54.12,212.13
245.89,624.98,37.54,212.09
272.14,289.74,68.42,212.05
290.79,378.24,97.69,211.91
346.13,378.79,85.20,211.86
575.91,1022.94,52.20,211.81
395.65,544.51,102.69,211.81
558.48,643.50,62.02,211.77
362.60,456.40,75.45,211.76
389.87,1031.40,143.52,211.63
263.61,974.29,68.09,211.29
322.51,423.89,104.09,211.27
439.27,465.90,123.77,211.21
297.75,507.26,57.65,211.05
445.14,673.21,53.37,211.01
240.37,313.51,40.28,210.97
263.63,326.19,69.43,210.84
433.25,482.80,70.20,210.81
257.81,337.47,43.23,210.72
589.48,1013.24,222.54,210.53
497.97,825.14,118.33,210.53
498.12,560.97,171.30,210.52
335.33,511.53,45.03,210.51
382.56,445.10,66.61,210.35
690.98,724.78,71.76,210.31
408.92,445.06,196.02,210.31
307.73,593.61,51.04,210.26
390.40,995.25,46.80,210.18
507.41,520.74,150.13,210.16
233.16,389.82,43.56,210.00
481.97,498.50,73.29,209.87
396.15,506.88,121.99,209.73
281.18,439.03,117.27,209.65
299.90,384.13,107.60,209.63
313.02,828.38,71.88,209.61
409.14,498.52,132.87,209.48
516.51,1031.26,96.01,209.42
354.70,438.99,145.08,209.41
439.11,713.99,146.72,209.23
487.87,1031.60,67.14,209.12
267.73,561.09,69.22,209.05
395.35,486.36,67.16,209.01
271.75,889.53,74.96,209.00
213.20,400.74,48.77,208.99
313.14,408.91,167.91,208.97
268.00,566.35,65.45,208.85
276.75,825.40,48.84,208.83
552.76,1031.52,53.93,208.79
268.01,496.39,42.94,208.62
250.06,372.58,87.67,208.61
544.27,1031.46,68.68,208.54
307.69,589.75,133.84,208.51
427.11,975.30,121.77,208.49
383.97,682.96,62.99,208.48
255.01,674.14,32.58,208.40
427.18,572.12,190.10,208.38
213.48,497.81,70.58,208.32
585.00,673.86,141.03,208.18
240.14,1031.27,89.53,208.03
285.01,516.09,46.51,207.99
590.15,691.00,249.20,207.85
214.84,577.99,48.47,207.78
363.17,372.38,65.38,207.73
589.49,745.64,37.53,207.65
280.64,575.22,41.05,207.28
691.23,738.03,97.61,207.23
384.12,939.50,79.17,207.13
448.19,885.11,69.09,206.96
423.94,911.42,55.91,206.92
427.39,843.25,93.27,206.89
390.29,607.86,65.21,206.86
526.33,581.39,159.55,206.85
249.34,423.24,98.87,206.79
378.10,691.93,149.14,206.78
519.96,566.66,162.51,206.75
313.62,417.81,65.91,206.74
372.51,561.13,130.58,206.74
325.77,790.35,226.02,206.72
408.60,886.76,59.83,206.67
508.13,538.25,48.55,206.58
304.32,572.27,50.92,206.41
625.02,757.17,58.78,206.32
227.21,384.51,57.87,206.25
316.95,512.00,43.33,206.20
276.91,566.99,79.68,206.09
244.05,408.76,46.21,206.08
520.35,624.82,87.55,206.05
294.01,313.52,104.28,206.03
507.10,724.35,123.88,205.92
519.84,557.96,106.87,205.79
390.19,487.91,110.13,205.77
308.17,560.72,52.50,205.77
346.16,526.96,77.86,205.75
418.52,456.24,81.02,205.70
249.23,1014.38,104.33,205.62
643.14,791.41,74.52,205.61
433.46,445.10,277.23,205.47
299.77,390.11,85.19,205.41
572.15,626.39,55.36,205.28
482.06,990.77,65.58,205.27
558.22,562.83,37.19,205.23
789.95,904.39,31.10,205.13
213.36,364.41,46.33,205.08
413.05,526.00,148.12,205.05
372.24,990.77,74.42,205.04
369.41,426.85,151.92,204.96
390.31,502.70,118.10,204.57
253.01,445.15,67.22,204.53
337.49,369.16,64.58,204.26
738.01,1013.51,42.05,204.24
697.30,773.21,46.02,204.13
351.64,584.70,80.79,204.06
254.46,371.10,45.41,204.05
347.13,439.67,102.60,203.99
370.72,974.45,52.23,203.92
395.64,408.69,140.72,203.90
418.50,495.46,139.05,203.89
576.02,755.21,56.23,203.83
284.89,508.18,34.27,203.81
390.29,692.64,147.51,203.76
426.97,826.65,66.17,203.68
326.12,331.91,45.46,203.68
289.97,575.81,183.25,203.63
257.14,571.50,62.10,203.57
325.88,590.28,167.69,203.45
372.19,576.28,119.19,203.42
507.75,757.09,72.39,203.40
390.26,1041.55,43.11,203.35
487.62,724.30,65.74,203.34
990.80,1031.50,63.48,203.31
584.86,902.69,100.82,203.21
417.85,487.60,68.28,203.18
389.97,894.60,63.22,203.16
481.72,825.11,59.85,203.10
495.78,724.30,87.91,203.09
544.05,773.03,79.31,203.07
624.88,626.52,63.83,203.00
313.00,692.27,93.78,202.77
384.05,872.63,111.01,202.72
439.26,1022.66,82.25,202.61
312.97,368.98,111.66,202.45
308.13,413.25,110.95,202.28
561.01,584.52,248.92,202.23
357.54,589.90,58.98,202.15
717.08,825.52,34.72,202.07
356.73,526.12,66.33,202.04
386.48,424.50,64.46,201.99
294.13,757.36,49.52,201.95
589.63,614.81,49.40,201.90
507.99,561.12,145.00,201.84
289.60,584.34,153.46,201.82
520.51,742.50,80.09,201.80
249.55,975.10,58.73,201.77
293.98,426.73,125.93,201.73
544.52,890.26,40.38,201.69
298.10,427.74,50.16,201.67
362.38,1031.71,82.46,201.64
271.98,561.10,98.60,201.64
516.55,566.57,67.82,201.60
297.71,520.36,33.39,201.59
413.62,454.01,36.08,201.51
321.96,507.42,90.28,201.49
289.88,560.71,50.89,201.42
447.61,903.71,36.40,201.41
313.07,738.14,54.47,201.29
213.27,240.54,58.41,201.16
885.80,1031.51,61.05,201.16
482.98,584.81,89.30,201.15
474.13,691.27,48.88,201.13
725.24,1013.10,50.21,200.87
497.73,543.47,64.95,200.74
254.38,561.54,60.04,200.72
346.03,561.88,55.93,200.69
357.14,507.39,72.51,200.65
362.61,527.10,70.50,200.65
409.27,1013.36,106.47,200.62
396.39,825.35,70.07,200.61
372.46,456.45,96.83,200.59
408.88,715.50,37.55,200.55
516.38,597.12,42.90,200.38
259.89,377.96,78.84,200.37
313.67,697.34,34.70,200.33
418.28,889.05,61.44,200.24
325.78,372.24,142.53,200.10
566.49,1031.11,56.06,200.09
473.17,507.73,44.37,200.08
439.57,1032.04,145.81,200.08
289.98,894.75,45.19,200.06
456.33,495.36,112.08,199.95
362.46,503.15,60.82,199.91
433.24,745.49,69.11,199.89
418.40,990.63,71.00,199.88
502.66,526.17,111.67,199.86
294.33,455.82,85.64,199.85
384.05,895.03,84.29,199.81
507.85,885.10,105.95,199.71
214.84,691.10,65.55,199.56
552.33,575.87,118.18,199.47
253.27,386.85,29.24,199.46
272.03,625.36,81.98,199.46
280.21,384.14,76.64,199.38
237.73,525.83,73.80,199.27
267.82,889.73,58.75,199.24
426.97,537.96,52.25,199.16
325.75,757.10,54.41,199.10
277.12,590.13,88.50,199.09
216.87,439.01,120.82,199.08
271.80,1031.33,82.75,199.08
326.01,625.53,106.08,199.05
418.25,423.33,90.70,199.05
516.23,757.38,40.60,199.01
584.48,773.68,133.15,198.95
474.06,584.47,49.70,198.82
445.16,643.28,55.79,198.76
369.00,488.02,52.07,198.74
338.07,438.98,213.27,198.69
724.39,885.12,62.80,198.66
368.86,580.91,91.20,198.63
243.16,325.86,46.38,198.52
232.72,427.27,73.32,198.44
326.13,580.40,114.65,198.40
455.83,486.50,42.76,198.34
307.84,372.89,48.66,198.31
215.14,561.52,43.02,198.25
371.73,527.28,56.06,198.12
426.87,903.58,83.38,198.01
249.24,362.75,53.77,197.94
413.00,1014.53,76.96,197.88
337.14,387.16,40.70,197.86
426.73,515.84,129.29,197.72
363.00,384.09,245.19,197.70
436.32,447.50,43.86,197.69
520.35,829.26,45.91,197.67
345.96,448.11,67.51,197.66
643.50,828.25,41.55,197.58
557.58,1031.35,38.30,197.58
416.18,571.75,42.48,197.53
889.53,1013.70,107.40,197.51
889.60,991.28,54.94,197.45
438.72,495.08,76.45,197.38
404.16,575.98,92.28,197.33
544.22,580.22,53.47,197.33
439.30,707.88,43.92,197.22
204.74,456.53,48.93,197.22
337.50,1013.50,73.81,197.22
438.94,1049.37,78.05,197.17
444.87,576.15,132.32,197.05
345.87,418.15,78.52,197.02
285.24,384.11,93.57,197.00
974.11,1031.40,47.92,196.91
384.51,549.75,82.57,196.85
516.50,581.16,93.20,196.84
526.40,825.88,64.29,196.83
259.91,506.95,36.43,196.80
395.23,975.37,42.34,196.75
350.64,560.89,33.12,196.73
322.41,773.48,30.37,196.70
345.88,825.33,85.34,196.67
204.90,422.11,65.79,196.66
337.61,390.49,136.68,196.61
596.61,791.14,37.89,196.61
575.62,680.47,30.50,196.61
297.92,575.49,67.87,196.60
263.66,625.22,74.05,196.58
364.25,520.67,73.96,196.54
498.03,889.21,89.15,196.54
383.83,532.38,49.26,196.52
352.87,495.34,26.90,196.45
254.52,843.64,35.35,196.40
404.76,495.51,69.86,196.38
362.65,427.18,169.81,196.37
561.10,625.47,133.10,196.35
360.85,498.11,33.44,196.31
362.87,511.25,93.35,196.30
438.88,750.25,48.09,196.19
389.99,427.53,170.86,196.12
313.16,482.11,53.10,195.96
293.89,423.51,135.87,195.86
389.90,742.00,104.42,195.78
589.71,757.37,111.78,195.74
232.84,691.41,95.81,195.72
241.29,439.13,72.23,195.72
378.39,673.82,79.33,195.69
506.98,975.33,66.99,195.66
511.78,558.53,72.20,195.60
503.77,581.15,61.55,195.57
307.89,470.23,66.13,195.53
444.99,884.97,67.02,195.52
409.12,757.48,82.44,195.45
307.72,326.03,89.99,195.45
507.11,1039.37,59.05,195.43
337.32,413.12,55.61,195.42
285.77,575.61,69.91,195.42
520.11,701.15,30.74,195.39
382.96,439.30,458.92,195.35
312.71,990.36,38.72,195.35
558.66,691.42,102.20,195.30
304.06,409.00,78.44,195.27
470.15,756.24,32.34,195.15
408.59,829.21,41.97,195.07
317.01,439.42,93.67,195.04
439.28,661.45,65.57,195.00
493.74,691.19,49.90,194.95
395.46,744.23,36.24,194.84
328.49,418.65,39.79,194.79
209.37,384.15,45.29,194.67
384.55,702.24,35.53,194.65
313.09,774.15,66.19,194.64
293.47,439.65,75.33,194.57
213.64,409.29,50.76,194.56
575.89,673.97,171.15,194.55
525.87,652.98,41.55,194.50
489.76,990.05,51.79,194.40
433.00,1039.56,72.36,194.33
456.74,544.41,58.15,194.31
423.63,738.07,68.03,194.28
308.79,423.63,102.29,194.25
378.20,957.51,109.09,194.24
384.28,729.53,62.97,194.20
245.14,427.78,39.88,194.18
345.88,791.40,77.19,194.07
395.34,575.21,105.43,193.99
213.37,249.50,65.90,193.96
439.15,730.10,92.65,193.95
409.02,590.12,213.95,193.92
227.77,433.59,87.23,193.88
432.99,495.86,260.52,193.88
495.54,567.73,119.38,193.61
322.26,567.54,68.19,193.54
244.98,585.38,52.70,193.54
233.16,526.17,45.27,193.46
535.35,561.07,46.88,193.42
294.10,889.12,70.04,193.41
503.12,585.33,79.59,193.37
525.87,567.28,165.68,193.37
691.18,1022.34,83.20,193.36
553.71,674.21,42.72,193.34
395.51,757.73,39.16,193.33
293.72,409.15,100.11,193.33
361.12,580.48,38.63,193.28
342.73,526.00,70.93,193.24
298.64,412.47,36.03,193.11
378.09,697.51,80.78,193.06
791.24,828.82,40.56,192.96
240.35,625.13,86.12,192.92
572.18,790.67,77.60,192.83
205.16,325.97,54.37,192.70
506.99,843.12,105.16,192.69
590.01,791.25,133.93,192.66
368.73,395.32,76.53,192.66
316.71,384.01,46.69,192.64
503.27,1013.25,75.28,192.62
325.90,336.90,33.47,192.60
353.62,413.29,38.99,192.57
244.73,377.98,49.51,192.46
697.22,825.60,40.58,192.31
254.46,418.51,57.92,192.30
298.03,790.52,58.73,192.29
489.97,790.40,85.40,192.24
345.98,551.95,56.07,192.24
526.11,561.11,233.95,192.23
433.24,714.96,77.58,192.14
404.12,790.07,56.97,192.14
439.15,460.97,103.15,192.11
445.27,511.35,137.17,192.04
369.16,576.42,92.12,191.96
433.51,643.27,187.58,191.89
285.11,308.01,39.17,191.88
304.52,560.86,54.89,191.84
351.84,590.04,57.39,191.83
498.12,511.20,126.83,191.79
757.10,791.62,38.69,191.66
358.87,790.13,35.44,191.62
240.73,368.85,72.95,191.50
581.02,584.61,268.65,191.42
384.15,419.14,202.03,191.31
507.97,902.08,68.10,191.28
240.35,363.05,45.72,191.14
432.97,1022.51,53.11,191.09
512.15,575.64,223.36,191.03
412.71,572.25,43.90,191.02
444.93,456.62,89.18,190.98
280.81,387.46,36.13,190.92
294.39,974.64,40.29,190.88
584.36,657.08,45.52,190.87
561.12,597.00,59.03,190.83
277.15,456.20,24.96,190.82
213.90,566.65,58.73,190.68
378.26,969.56,40.58,190.67
584.76,714.37,65.12,190.67
378.29,499.26,86.95,190.62
825.09,889.36,84.57,190.52
520.62,696.93,49.76,190.49
447.72,544.26,69.29,190.49
447.61,995.37,46.69,190.47
395.89,643.16,82.00,190.30
390.21,714.31,74.49,190.27
390.25,807.50,76.08,190.22
356.70,418.19,49.49,190.21
511.79,1014.64,87.69,190.09
525.89,807.52,36.16,190.05
377.98,790.63,214.36,189.98
625.37,828.69,61.92,189.91
404.00,478.66,56.81,189.75
240.80,423.98,99.81,189.72
424.06,553.16,103.66,189.62
885.17,975.13,37.26,189.60
423.83,520.87,199.26,189.55
343.31,384.10,127.57,189.43
289.80,889.63,63.04,189.43
240.90,585.09,108.87,189.36
213.41,507.24,108.17,189.34
456.25,674.24,70.59,189.27
268.00,387.30,36.90,189.24
561.55,593.87,49.84,189.18
369.22,888.88,61.86,189.14
294.13,625.55,149.14,189.14
363.75,479.21,40.92,189.12
390.11,473.34,77.59,189.06
383.85,800.36,86.29,189.01
240.40,412.74,82.91,189.01
433.20,707.50,46.61,188.95
240.89,390.01,109.17,188.93
590.09,649.77,45.66,188.92
581.04,890.24,67.07,188.82
213.40,390.03,141.89,188.78
227.78,378.02,50.36,188.78
432.99,486.32,111.28,188.73
325.87,481.84,61.13,188.69
590.04,992.04,30.55,188.63
245.71,589.73,60.59,188.52
263.88,990.44,58.39,188.52
362.39,561.07,104.38,188.48
308.13,346.30,61.77,188.42
293.84,790.53,113.01,188.41
478.62,584.33,140.66,188.36
448.12,571.84,66.75,188.27
575.51,996.98,37.68,188.04
204.76,213.39,45.90,187.97
525.99,1032.49,106.48,187.94
256.79,447.55,62.28,187.93
384.67,526.42,133.38,187.87
276.60,486.90,36.52,187.86
269.84,377.85,46.03,187.85
408.79,643.41,67.05,187.84
362.95,447.50,64.84,187.74
575.94,596.19,96.62,187.73
390.26,697.59,99.39,187.70
575.75,773.67,82.97,187.69
240.25,724.39,58.65,187.64
552.99,790.52,59.95,187.59
433.42,728.26,54.32,187.43
584.63,912.24,46.74,187.34
516.25,825.25,58.58,187.31
267.61,390.38,61.80,187.30
412.85,691.76,79.44,187.26
478.51,889.63,76.75,187.24
290.14,369.40,80.85,187.18
268.12,369.30,56.25,187.15
249.50,1032.06,45.82,187.14
316.99,433.28,69.62,187.09
304.43,383.88,156.96,187.07
390.28,445.53,117.11,187.05
290.00,308.17,61.18,186.99
424.14,716.86,30.04,186.96
395.33,580.33,70.19,186.88
439.14,965.04,39.75,186.88
448.08,503.62,62.86,186.87
363.45,902.50,30.96,186.83
279.72,790.14,41.34,186.58
575.48,710.10,64.84,186.57
267.93,313.19,63.40,186.55
372.22,487.65,78.27,186.52
538.30,585.40,48.48,186.46
438.97,739.03,100.51,186.45
249.26,413.14,117.01,186.35
589.74,995.19,54.48,186.34
321.99,489.24,35.14,186.22
372.34,1014.90,46.60,186.21
511.59,710.22,42.18,186.21
507.87,626.42,86.42,186.16
511.58,724.23,116.61,186.15
263.37,561.77,38.29,186.10
395.47,472.64,41.90,186.10
462.03,584.71,72.23,186.05
378.37,519.91,181.89,186.05
412.96,478.50,83.23,186.01
477.48,625.39,53.15,185.99
289.48,362.59,53.28,185.94
511.22,520.34,98.74,185.94
384.13,720.49,57.45,185.92
445.01,608.39,41.65,185.80
289.86,507.13,92.31,185.70
516.09,575.40,208.47,185.64
495.98,674.12,67.94,185.54
575.58,957.26,75.61,185.51
608.42,1031.66,35.29,185.48
478.63,566.57,82.12,185.46
423.49,1014.23,113.90,185.42
322.53,525.74,47.76,185.41
373.13,408.88,63.59,185.13
424.13,744.23,56.19,185.11
478.36,825.08,34.11,185.11
423.71,846.99,43.44,185.09
271.71,384.02,202.21,185.05
413.11,825.77,83.04,184.91
428.13,575.33,88.10,184.87
489.84,511.46,101.27,184.83
499.16,590.14,62.23,184.75
439.34,666.19,54.55,184.73
290.03,433.49,173.73,184.71
590.02,844.51,53.76,184.70
307.58,390.28,95.85,184.64
589.77,877.79,53.11,184.55
232.90,395.37,51.96,184.25
240.23,377.83,60.29,184.06
699.99,885.25,39.97,184.02
447.36,486.61,39.31,183.92
445.06,502.71,66.42,183.86
384.14,576.75,224.17,183.84
409.01,955.98,63.84,183.78
498.40,691.12,207.20,183.74
244.98,423.62,45.05,183.59
507.97,772.98,60.91,183.59
245.66,384.41,49.48,183.56
691.20,996.52,40.75,183.53
498.78,526.40,125.37,183.43
486.39,990.49,47.66,183.42
390.40,515.85,92.77,183.41
438.83,480.99,129.53,183.40
329.09,590.06,26.73,183.27
245.89,575.46,54.64,183.26
301.22,439.03,86.90,183.26
432.96,828.27,119.12,183.24
390.01,701.02,41.03,183.23
520.72,990.54,119.23,183.21
424.20,877.73,32.50,183.17
487.83,590.14,70.86,183.15
580.26,885.25,76.47,183.14
419.08,584.60,176.11,183.06
313.10,807.60,38.18,183.05
511.51,673.38,48.05,183.04
249.38,403.95,47.29,183.01
495.53,644.61,43.97,182.98
589.70,911.25,53.91,182.91
486.28,561.15,79.61,182.76
362.38,553.57,37.48,182.69
384.42,737.99,65.29,182.66
378.15,606.81,41.56,182.66
558.03,990.43,76.18,182.64
403.73,426.71,79.80,182.54
378.03,411.85,102.95,182.22
409.10,473.78,55.45,182.08
426.98,566.88,239.30,182.03
1013.09,1031.50,30.58,181.82
438.70,789.95,117.54,181.79
444.84,800.22,28.77,181.75
257.13,552.47,37.11,181.73
525.88,626.01,129.98,181.73
307.98,497.49,58.41,181.71
557.98,723.99,40.77,181.70
304.50,506.97,57.53,181.63
489.66,572.28,38.01,181.58
307.98,607.98,46.83,181.52
254.12,390.38,75.20,181.51
589.33,957.15,79.65,181.44
204.87,445.16,45.64,181.42
395.71,462.92,49.28,181.41
418.83,472.64,33.39,181.37
495.59,593.55,64.78,181.33
231.03,384.00,67.18,181.25
395.64,584.60,264.81,181.25
444.97,496.96,48.54,181.24
465.14,589.50,36.54,181.24
584.60,649.65,32.80,181.23
308.26,426.72,124.65,181.07
346.79,590.13,60.19,181.02
544.51,576.02,103.65,180.91
345.71,580.63,70.39,180.83
205.24,516.63,35.20,180.74
271.86,444.85,55.18,180.67
342.95,412.95,51.67,180.61
691.13,754.09,54.24,180.60
430.87,433.10,114.79,180.59
347.49,511.63,54.32,180.57
366.14,584.65,53.31,180.54
511.60,790.40,272.37,180.51
390.29,939.61,64.58,180.44
525.87,729.50,33.43,180.43
395.61,567.40,100.36,180.42
432.87,557.84,95.42,180.38
825.76,885.25,48.94,180.33
589.45,643.66,75.71,180.26
418.73,843.33,45.98,180.22
417.90,825.80,75.52,180.09
526.02,889.10,122.77,179.99
249.51,714.41,21.50,179.94
404.17,511.76,106.98,179.86
433.93,526.14,176.59,179.70
362.44,589.74,86.11,179.62
384.16,987.37,65.20,179.56
584.89,757.51,84.85,179.52
263.37,423.86,121.09,179.48
313.27,526.63,109.09,179.40
267.59,690.99,48.47,179.40
271.34,408.86,39.46,179.35
272.31,520.39,79.44,179.30
369.00,499.04,48.70,179.25
389.95,613.23,65.79,179.23
439.15,593.39,219.17,179.06
387.17,447.81,63.89,178.92
404.15,990.37,51.82,178.82
624.83,1013.11,53.06,178.70
395.56,469.05,46.66,178.64
368.51,423.80,101.73,178.59
370.82,572.13,43.50,178.57
419.00,511.62,92.14,178.54
333.85,383.73,43.33,178.50
369.07,597.35,39.44,178.39
369.91,589.93,64.86,178.34
426.87,634.87,27.72,178.31
507.37,596.88,38.28,178.31
674.40,1031.34,52.06,178.28
432.89,809.56,34.23,178.24
567.24,692.49,80.22,178.17
307.98,742.49,55.68,178.12
327.15,511.62,65.30,178.06
456.01,1013.24,75.73,178.06
590.13,828.40,56.27,178.05
351.92,427.23,81.87,178.03
263.22,572.11,38.31,178.00
482.02,589.89,104.10,177.98
427.41,506.98,207.38,177.72
213.77,253.39,24.53,177.69
439.12,1006.23,27.04,177.68
275.09,378.11,60.11,177.65
502.58,558.87,33.09,177.65
507.25,581.06,115.85,177.56
439.41,725.29,171.88,177.46
395.56,413.50,97.05,177.45
368.78,465.62,37.44,177.33
521.46,843.74,41.24,177.31
362.43,990.73,46.93,177.26
438.96,603.53,48.29,177.23
337.61,424.25,71.29,177.20
326.12,1031.71,68.27,177.17
431.15,438.60,80.22,177.14
417.87,460.00,24.75,177.10
256.75,487.62,42.46,177.10
272.50,423.75,79.91,177.09
213.34,417.97,84.04,177.08
561.15,738.41,43.06,177.06
433.51,469.20,42.39,177.01
398.15,495.35,53.37,176.96
378.25,421.28,84.69,176.91
240.49,417.84,51.92,176.82
520.88,580.48,103.52,176.80
216.77,433.36,38.83,176.74
571.86,990.85,66.32,176.65
263.76,290.00,47.32,176.30
384.25,422.24,162.17,176.22
308.00,409.41,55.53,176.17
456.53,506.97,81.93,176.17
384.21,902.23,108.59,176.16
413.18,889.34,79.63,176.13
250.11,289.48,33.53,176.07
252.83,571.78,31.62,176.06
790.63,895.55,30.19,175.95
427.14,581.22,176.64,175.95
481.74,526.51,84.25,175.86
375.06,885.67,34.55,175.86
773.11,843.39,33.81,175.85
213.61,584.64,150.66,175.85
557.76,772.97,33.49,175.85
507.10,715.29,48.90,175.83
520.76,825.66,76.79,175.83
470.16,511.89,53.35,175.83
566.52,725.43,41.12,175.78
502.57,790.00,93.12,175.78
237.14,433.17,61.15,175.75
520.68,553.35,54.02,175.67
275.16,390.13,66.91,175.66
508.03,511.66,165.42,175.63
289.33,438.98,142.52,175.52
439.04,946.67,53.21,175.49
390.18,672.99,70.68,175.44
253.08,409.15,75.95,175.33
456.38,724.10,37.60,175.32
447.76,724.41,50.64,175.01
433.43,849.90,53.71,175.00
284.99,438.72,53.14,174.94
438.84,871.96,74.40,174.85
346.07,444.85,76.10,174.72
304.65,395.42,57.64,174.53
489.07,520.38,47.34,174.49
470.01,589.67,76.42,174.42
413.25,710.14,54.20,174.29
511.49,544.11,90.00,174.28
377.86,825.64,75.80,174.27
399.24,508.28,37.10,174.21
378.51,383.73,318.87,174.21
506.99,608.78,34.48,174.17
384.01,479.99,129.43,174.16
511.47,975.40,60.86,174.11
691.67,990.20,72.06,174.09
825.49,974.23,45.87,174.08
580.46,589.63,140.66,174.02
307.99,974.63,59.46,173.97
369.22,516.22,75.06,173.91
377.99,418.03,136.34,173.87
390.27,480.15,75.50,173.75
364.23,439.00,113.46,173.64
277.16,520.39,58.22,173.55
384.12,484.66,112.35,173.53
561.63,643.36,48.64,173.44
240.49,560.96,75.07,173.41
584.76,889.12,227.31,173.41
433.39,655.26,49.36,173.29
304.75,516.37,68.56,173.22
213.37,312.91,69.93,173.08
342.88,507.09,41.20,173.07
447.79,567.85,66.92,173.05
447.76,691.72,76.97,173.03
773.00,825.20,34.85,173.02
390.18,567.29,166.33,172.98
395.63,552.24,52.41,172.93
342.47,378.27,63.40,172.90
389.85,432.85,224.36,172.89
420.98,507.40,56.05,172.87
392.24,438.98,83.83,172.83
561.40,589.48,131.68,172.81
257.97,413.16,28.49,172.80
549.13,690.93,34.70,172.76
277.42,575.74,31.57,172.61
249.49,274.99,25.73,172.47
326.00,561.12,75.00,172.46
439.38,801.20,141.43,172.43
567.14,889.92,44.78,172.41
625.23,789.96,141.12,172.40
584.51,877.42,38.45,172.26
326.00,674.38,68.39,172.24
502.46,511.25,51.35,172.01
325.88,525.70,135.09,172.00
576.02,793.05,43.11,171.91
377.99,464.73,27.68,171.89
526.10,903.66,50.19,171.85
427.01,473.20,57.86,171.83
520.65,655.28,25.39,171.82
252.89,589.36,59.52,171.80
423.85,538.07,81.88,171.75
520.29,868.14,28.95,171.72
903.60,990.40,30.92,171.70
337.83,825.39,46.16,171.65
403.82,520.72,44.98,171.46
526.22,970.23,54.69,171.43
346.55,520.73,57.52,171.42
427.23,674.62,101.41,171.27
566.77,571.57,76.47,171.25
511.72,567.21,157.86,171.22
438.83,990.33,207.86,171.14
390.46,596.22,68.66,171.10
438.71,1014.01,112.60,171.08
273.02,589.76,39.29,171.05
557.46,790.47,44.98,170.91
589.89,596.20,59.28,170.87
276.85,624.86,62.59,170.84
674.36,773.40,52.92,170.83
343.88,439.28,148.93,170.81
498.53,642.98,32.64,170.74
412.87,481.96,50.57,170.66
508.01,828.65,45.52,170.58
325.73,691.99,37.04,170.57
383.99,974.77,104.61,170.56
585.12,729.36,60.77,170.44
571.89,584.63,155.07,170.35
433.35,843.52,106.45,170.34
584.45,843.08,84.08,170.33
354.40,561.12,24.78,170.33
473.54,561.28,38.28,170.27
312.76,575.45,170.99,170.27
269.99,516.40,30.83,170.24
383.69,790.23,89.18,170.24
423.88,497.85,84.04,170.24
390.23,418.29,116.46,170.09
326.14,503.03,30.33,170.08
249.35,268.13,35.84,170.05
249.33,544.48,51.02,170.02
322.10,691.90,43.48,169.92
355.00,383.88,123.36,169.88
261.98,690.99,33.07,169.84
469.84,502.65,33.07,169.71
691.11,828.28,48.49,169.68
527.26,894.79,25.52,169.63
330.34,885.13,40.48,169.53
433.22,853.09,38.52,169.38
575.67,843.93,54.98,169.29
240.28,1013.41,34.17,169.24
424.18,584.50,293.95,169.22
439.26,680.19,63.72,169.21
538.22,575.64,78.80,169.19
566.74,885.29,87.40,169.16
249.11,691.28,73.60,169.16
433.67,593.49,60.19,169.14
417.84,426.57,60.44,169.11
213.34,271.71,27.00,169.11
409.02,673.88,88.18,169.04
439.55,490.87,61.96,169.01
495.62,714.51,47.45,168.90
312.83,345.76,66.59,168.87
426.86,657.53,31.31,168.80
326.06,956.25,56.06,168.77
378.93,987.36,30.56,168.69
423.72,756.71,58.26,168.66
409.01,596.97,67.82,168.64
433.50,701.02,56.58,168.60
378.64,451.41,42.94,168.60
439.17,599.90,31.24,168.54
489.62,508.13,59.81,168.38
289.85,566.78,111.82,168.36
495.63,551.85,60.14,168.36
439.01,911.33,90.66,168.29
384.16,473.75,93.46,168.28
308.59,457.11,41.27,168.25
575.92,581.05,181.14,168.25
691.23,974.35,95.15,168.22
290.14,497.25,53.77,168.21
418.98,433.49,70.97,168.17
413.00,1041.53,35.31,168.12
245.85,390.01,57.70,168.11
538.00,578.97,49.20,168.06
409.10,503.66,50.68,168.01
431.00,447.66,37.08,167.96
378.28,571.51,93.35,167.90
455.81,974.25,60.02,167.86
257.00,307.91,42.58,167.82
351.29,439.09,131.85,167.82
254.35,423.60,64.99,167.78
520.12,607.01,45.29,167.74
266.61,551.94,25.50,167.70
384.21,961.14,30.88,167.69
299.39,377.99,32.09,167.69
725.64,773.22,32.58,167.69
360.82,404.34,40.63,167.44
383.95,395.47,299.41,167.42
424.30,542.96,47.51,167.38
408.99,625.24,142.44,167.31
272.23,455.91,39.04,167.23
263.24,426.97,130.49,167.20
326.86,456.00,35.97,167.15
213.55,346.40,48.40,167.06
580.87,742.39,37.37,167.04
894.74,957.25,23.78,166.98
404.00,566.89,40.81,166.97
366.50,456.65,27.32,166.89
439.27,852.54,62.03,166.85
525.98,996.65,58.34,166.58
389.99,990.70,97.86,166.54
213.40,371.99,48.35,166.52
418.62,692.17,41.95,166.51
413.30,725.27,29.19,166.25
691.38,825.09,87.14,166.17
389.26,390.53,45.76,166.16
253.67,439.13,83.93,166.08
584.48,707.75,30.46,165.98
507.15,895.29,35.09,165.98
204.71,312.74,41.33,165.90
264.11,322.06,34.33,165.90
439.16,632.00,40.57,165.86
825.40,990.67,72.69,165.83
418.01,724.42,59.23,165.75
566.49,580.36,93.15,165.68
470.09,584.39,124.46,165.64
413.25,566.35,58.42,165.60
294.29,526.28,98.88,165.56
254.14,526.07,61.79,165.55
326.30,575.36,53.62,165.52
447.52,585.01,190.19,165.47
427.27,691.50,187.38,165.43
439.16,469.24,94.88,165.41
489.76,561.72,48.85,165.35
448.16,774.36,32.67,165.33
399.87,487.87,31.14,165.30
384.24,991.58,153.05,165.26
448.02,842.98,41.18,165.18
308.16,520.69,87.68,165.09
289.60,516.42,41.63,165.06
507.28,589.36,180.74,165.00
356.99,584.47,83.04,164.98
575.51,728.26,32.63,164.84
213.63,543.49,47.57,164.83
554.41,581.24,29.76,164.83
372.68,427.77,62.58,164.77
390.06,643.21,114.23,164.73
433.91,472.61,66.32,164.71
413.01,448.01,69.55,164.59
432.82,780.97,33.17,164.53
328.74,433.64,48.15,164.53
389.89,495.47,127.71,164.53
384.09,538.23,88.50,164.44
390.49,453.01,34.44,164.32
304.14,566.83,67.68,164.31
413.02,590.15,119.90,164.30
445.09,772.94,52.10,164.26
447.48,589.69,171.06,164.12
516.66,843.22,34.62,164.06
403.84,957.15,38.28,163.97
384.00,489.88,145.15,163.93
294.39,824.96,21.67,163.88
372.09,580.44,46.70,163.87
272.50,419.04,62.33,163.83
300.03,566.61,35.82,163.81
355.04,512.03,46.79,163.80
332.11,511.34,39.39,163.78
624.70,690.96,67.21,163.72
295.09,384.36,94.88,163.70
396.01,516.50,64.62,163.63
303.91,589.54,61.16,163.57
216.62,571.62,31.86,163.47
293.72,575.36,71.85,163.45
561.00,889.30,81.06,163.34
413.22,472.46,48.17,163.30
456.11,561.00,62.91,163.28
281.22,589.35,33.26,163.24
267.77,423.74,71.69,163.22
383.71,448.23,150.95,163.18
240.10,408.78,70.04,163.17
543.13,990.52,23.16,163.15
581.24,696.84,29.10,163.15
507.91,567.29,160.94,163.09
342.73,426.88,68.95,163.02
362.87,495.34,71.99,162.99
213.72,427.07,102.50,162.99
643.52,691.40,141.07,162.95
507.04,697.51,53.75,162.95
625.31,697.13,60.28,162.92
254.55,427.11,94.57,162.91
213.36,267.59,25.54,162.85
439.12,940.00,52.91,162.79
304.75,432.80,48.71,162.77
312.77,378.48,110.51,162.71
271.99,572.04,42.95,162.61
423.59,974.51,86.02,162.37
326.00,537.23,35.00,162.20
372.67,423.64,142.17,162.17
325.91,1014.47,63.77,162.12
480.12,790.65,59.10,162.11
625.23,738.38,33.69,162.07
377.74,526.04,172.72,162.04
438.99,867.35,105.53,161.86
575.65,655.53,28.96,161.81
544.14,566.36,53.34,161.77
418.14,643.82,67.35,161.65
790.73,1014.38,83.71,161.62
297.86,439.41,91.01,161.61
433.52,825.12,171.95,161.50
313.51,791.66,32.69,161.48
254.21,506.99,48.28,161.47
498.15,843.02,49.00,161.42
519.97,561.25,70.49,161.40
204.99,625.21,72.42,161.24
249.53,300.01,24.84,161.23
257.25,525.71,52.61,161.16
390.11,545.36,50.51,161.08
409.03,781.59,24.21,161.04
790.00,825.08,76.61,160.81
263.37,885.49,34.83,160.71
390.00,656.24,47.56,160.63
313.39,516.62,54.63,160.63
439.16,755.50,88.91,160.60
245.03,558.78,28.82,160.57
346.14,390.29,84.13,160.54
478.47,725.06,46.66,160.48
249.50,571.37,45.50,160.37
390.06,829.26,71.63,160.29
486.35,515.76,56.26,160.14
575.51,872.38,56.43,160.08
299.86,498.14,40.07,160.07
240.32,571.60,50.53,160.07
417.84,507.52,56.42,160.06
511.80,715.13,34.87,159.94
498.15,707.12,41.84,159.92
575.63,715.25,29.33,159.91
399.85,403.85,23.64,159.84
433.26,956.54,141.26,159.81
575.64,720.38,44.84,159.81
575.97,697.53,52.53,159.74
256.75,497.97,53.83,159.69
413.67,885.51,39.59,159.55
423.71,578.52,124.02,159.52
489.50,956.37,33.52,159.52
371.02,413.00,54.38,159.49
408.83,606.90,42.91,159.44
370.92,373.05,37.75,159.44
478.79,691.67,43.26,159.41
439.40,765.34,45.19,159.34
263.35,526.08,83.51,159.23
341.28,544.26,22.78,159.18
516.55,590.03,85.03,159.17
369.38,503.74,86.63,159.09
293.85,378.76,64.71,159.04
561.26,566.47,83.25,158.98
439.05,649.17,72.27,158.94
497.84,1013.53,54.56,158.89
439.25,476.24,61.03,158.86
383.89,1039.10,56.19,158.83
222.26,383.98,45.09,158.75
213.55,526.11,87.19,158.70
384.42,608.62,70.20,158.66
433.16,552.49,120.81,158.56
562.62,691.25,59.88,158.45
325.88,347.22,35.57,158.44
439.00,541.05,67.65,158.44
423.48,990.34,76.94,158.41
364.21,625.41,46.89,158.40
369.49,1013.46,72.75,158.39
438.69,544.27,123.75,158.36
413.26,584.30,109.74,158.35
346.49,974.36,41.15,158.35
408.99,448.25,55.71,158.27
474.12,511.36,25.59,158.20
372.24,395.74,58.52,158.10
424.14,575.33,145.16,158.04
268.01,438.97,199.51,158.02
345.74,408.87,82.65,157.92
362.23,423.58,82.89,157.92
383.99,808.66,60.77,157.88
384.18,656.38,61.48,157.88
390.52,724.10,53.93,157.69
249.15,343.02,56.92,157.63
456.09,625.26,83.83,157.63
263.40,511.75,60.67,157.53
488.16,526.13,91.62,157.50
544.26,843.39,33.02,157.42
289.72,990.50,52.15,157.39
313.12,328.82,35.03,157.38
478.46,498.15,61.93,157.17
526.11,593.74,51.08,157.13
885.25,990.34,56.95,157.07
486.62,581.14,61.21,156.97
384.43,969.10,62.40,156.93
412.98,508.29,71.00,156.88
342.90,1031.63,24.68,156.82
579.18,581.11,45.29,156.80
417.83,789.99,90.61,156.76
525.75,553.26,64.61,156.75
427.66,742.24,46.87,156.70
241.04,575.26,82.93,156.70
368.68,417.39,58.31,156.62
389.77,1049.23,31.85,156.61
427.00,456.53,88.89,156.61
267.90,413.00,66.96,156.53
455.75,512.25,55.04,156.50
590.04,885.37,107.01,156.49
285.87,433.36,49.60,156.43
240.39,597.13,28.71,156.36
297.77,433.42,44.93,156.32
213.54,889.23,29.98,156.31
412.85,790.38,112.18,156.27
213.34,516.00,59.31,156.26
222.99,584.90,51.53,156.21
584.49,807.56,46.82,156.20
372.65,697.50,29.73,156.19
249.52,427.10,122.68,156.17
426.88,464.11,33.68,156.17
433.23,697.00,73.37,156.12
296.43,478.51,33.61,156.12
368.85,558.21,44.16,156.06
426.83,433.15,366.83,156.05
566.45,576.03,119.06,155.92
511.37,608.12,53.14,155.86
347.17,558.84,32.21,155.85
508.07,571.65,53.15,155.65
456.22,516.51,55.46,155.51
345.89,566.46,53.52,155.49
268.02,409.42,37.86,155.44
316.74,575.79,38.02,155.39
433.01,739.15,45.42,155.38
486.77,790.09,64.76,155.34
378.39,395.89,121.55,155.33
516.90,561.16,26.78,155.30
520.14,526.41,92.82,155.06
566.78,903.35,41.03,155.05
244.02,433.61,36.43,155.05
343.86,432.98,63.48,155.00
417.95,578.52,48.83,154.98
438.85,899.22,26.44,154.76
472.60,498.27,32.03,154.71
448.01,807.90,35.24,154.69
692.29,843.00,44.00,154.56
558.29,974.47,37.36,154.55
576.02,584.90,329.81,154.52
790.19,1039.34,28.20,154.43
378.10,516.15,78.65,154.41
254.23,413.10,29.96,154.40
390.49,456.92,65.98,154.37
221.86,589.50,41.09,154.23
268.09,427.02,90.92,154.11
590.02,700.53,23.17,153.97
426.86,614.12,20.38,153.86
304.64,378.36,41.42,153.74
423.73,511.99,108.51,153.70
390.12,884.97,93.48,153.61
409.12,558.74,53.10,153.41
271.91,369.37,50.61,153.39
294.02,507.40,79.73,153.35
384.55,512.15,112.55,153.34
433.52,625.43,155.89,153.31
326.99,853.47,33.74,153.30
271.57,825.62,23.67,153.29
479.17,511.36,47.85,153.28
225.71,424.01,30.85,153.20
257.18,263.28,31.65,153.19
427.01,724.22,83.55,153.03
364.77,581.23,48.50,153.01
537.24,691.54,29.63,152.95
272.99,362.37,28.45,152.85
390.37,619.25,25.58,152.83
368.99,447.52,27.75,152.76
369.30,790.48,90.17,152.66
383.80,601.10,61.44,152.63
395.50,991.25,45.15,152.62
447.49,557.82,48.86,152.56
338.15,691.10,39.48,152.37
304.76,525.72,64.56,152.36
430.75,526.38,31.93,152.35
378.43,714.95,27.44,152.25
561.20,790.80,117.25,152.15
439.42,742.05,80.32,152.15
228.54,390.48,67.73,152.09
322.63,390.01,53.48,152.09
378.28,511.62,171.71,152.01
377.85,456.13,85.46,151.97
439.54,506.85,155.73,151.95
249.39,495.65,67.83,151.93
447.72,549.44,49.85,151.81
885.39,889.12,56.12,151.78
313.03,563.13,55.61,151.77
498.75,867.51,45.64,151.67
362.89,433.47,95.01,151.60
495.44,584.63,189.75,151.53
257.29,438.82,111.06,151.43
213.39,321.95,32.63,151.39
773.38,1013.21,34.43,151.31
331.79,390.07,50.75,151.25
307.87,445.14,60.77,151.14
408.99,808.36,31.33,151.14
308.32,571.87,34.67,151.14
520.69,707.11,23.37,151.12
204.91,427.15,99.59,151.09
240.66,589.72,81.04,151.04
294.02,990.90,26.59,151.03
384.54,911.28,28.99,151.02
424.01,675.77,35.69,150.98
557.46,566.83,27.25,150.91
520.76,773.23,55.59,150.83
325.89,412.70,58.96,150.82
384.01,843.75,113.86,150.78
444.85,563.12,51.24,150.78
372.11,502.20,27.68,150.76
421.97,723.98,35.72,150.73
313.14,557.75,44.06,150.61
355.41,433.10,41.54,150.60
213.25,412.85,66.63,150.59
246.02,507.26,43.94,150.44
426.86,445.66,87.92,150.38
456.52,825.12,56.53,150.20
313.28,427.40,79.84,150.17
438.72,969.37,36.40,150.04
213.36,423.33,23.46,149.96
516.12,691.66,89.98,149.94
337.92,433.25,40.34,149.92
581.30,1013.38,70.34,149.89
368.76,553.60,37.98,149.78
498.08,701.02,28.91,149.76
240.12,498.35,41.13,149.74
271.87,438.70,100.81,149.65
252.85,271.88,27.54,149.64
421.99,549.10,26.46,149.62
495.76,589.77,100.06,149.61
418.22,498.73,46.67,149.43
413.07,720.28,52.11,149.23
330.38,383.82,39.70,149.20
495.72,581.16,79.35,149.20
387.10,503.40,57.50,149.08
511.74,584.43,115.57,149.02
390.00,710.11,68.91,148.90
256.99,889.07,20.87,148.87
272.76,575.73,50.02,148.83
263.67,384.42,51.77,148.83
342.65,390.10,76.24,148.82
643.38,885.53,46.17,148.81
378.66,502.75,50.04,148.81
457.02,576.13,59.78,148.80
520.10,521.30,31.37,148.80
432.98,724.40,98.83,148.77
300.26,590.01,32.28,148.67
276.59,584.62,55.82,148.58
276.99,580.64,40.67,148.57
263.66,439.12,185.65,148.55
384.39,1031.48,125.14,148.50
423.58,464.12,34.02,148.38
409.09,562.58,67.82,148.38
213.39,575.22,37.29,148.30
302.14,584.62,37.31,148.25
289.74,590.29,49.56,148.22
389.84,757.38,41.90,148.21
438.73,637.11,36.05,148.10
571.96,773.43,36.46,148.09
204.88,383.88,126.14,148.08
496.02,885.24,47.61,148.04
325.75,395.54,83.68,148.00
404.26,580.93,41.68,147.96
548.82,560.98,18.04,147.83
378.10,990.78,73.70,147.71
484.96,507.00,31.93,147.60
511.78,643.37,70.42,147.57
691.12,774.04,61.45,147.57
409.14,486.78,65.91,147.55
370.74,387.08,40.97,147.53
413.01,696.85,30.76,147.52
304.37,790.24,40.98,147.47
724.20,825.68,35.90,147.45
267.91,508.01,59.61,147.41
476.13,790.36,29.05,147.28
419.03,885.49,37.09,147.24
330.14,422.53,26.35,147.23
284.73,378.13,47.61,147.19
241.06,427.22,75.20,147.08
383.70,507.72,122.80,147.01
384.02,956.60,213.45,146.98
276.87,325.99,43.70,146.77
277.11,1013.24,28.24,146.73
589.78,626.11,74.89,146.60
342.87,520.89,48.67,146.49
249.50,293.60,23.52,146.46
408.59,511.35,50.23,146.44
487.88,885.24,28.94,146.39
337.25,418.03,33.76,146.36
384.02,639.28,38.65,146.29
506.97,584.48,87.43,146.27
433.11,903.26,61.52,146.23
439.37,930.22,52.05,146.20
456.66,557.86,61.44,146.16
418.12,561.27,78.36,146.11
412.72,575.49,85.86,146.09
455.88,584.86,108.92,146.09
249.47,575.75,112.20,146.06
439.02,621.13,51.76,145.78
400.01,428.15,31.18,145.75
521.28,584.47,84.79,145.64
502.64,567.74,40.71,145.57
456.23,871.26,32.94,145.50
543.60,561.01,30.43,145.47
378.37,590.27,161.92,145.28
346.12,427.02,107.27,145.09
526.26,742.63,41.36,145.00
456.14,502.48,25.20,144.97
345.72,515.89,58.41,144.91
396.35,571.59,71.33,144.83
384.02,580.71,186.56,144.83
249.35,502.96,40.60,144.75
389.86,394.87,81.84,144.72
256.58,378.20,50.56,144.69
369.15,378.11,86.23,144.64
380.85,526.24,45.84,144.55
445.00,572.50,38.43,144.52
520.67,543.26,25.04,144.49
257.17,585.14,74.44,144.39
427.23,593.24,55.43,144.37
240.74,567.48,50.00,144.31
608.24,789.95,33.84,144.21
267.72,575.33,45.07,144.20
368.75,526.13,98.10,143.95
395.34,417.99,65.74,143.88
889.24,956.89,29.71,143.84
263.88,506.96,56.08,143.81
498.79,576.04,78.01,143.78
290.41,526.01,53.98,143.68
625.14,894.76,25.95,143.67
239.73,384.38,69.14,143.64
289.84,413.40,41.19,143.57
313.00,444.99,62.73,143.56
347.39,724.25,37.83,143.51
249.40,520.24,62.94,143.47
461.82,507.76,58.71,143.38
362.24,566.73,50.64,143.31
293.97,580.62,64.12,143.30
353.08,516.01,47.27,143.30
253.00,580.87,33.15,143.24
364.64,378.39,42.82,143.23
691.15,867.28,32.41,143.21
456.52,889.28,60.53,143.20
439.27,974.34,135.69,143.19
525.87,1014.28,46.36,143.01
450.97,584.34,66.89,142.95
438.98,829.72,78.66,142.81
674.13,790.12,73.10,142.81
390.23,1014.20,61.03,142.75
455.82,808.53,35.18,142.73
585.27,599.90,22.77,142.73
423.87,560.96,82.86,142.65
249.40,515.82,34.30,142.46
423.56,572.12,62.67,142.43
237.89,427.24,50.97,142.40
384.53,724.41,102.08,142.34
590.13,807.10,21.94,142.25
520.21,956.51,54.46,142.23
427.15,480.14,60.18,142.14
384.13,742.42,73.51,142.08
205.00,519.86,47.11,142.07
674.09,884.98,43.12,142.03
307.72,673.59,35.76,141.96
298.16,409.03,17.88,141.87
290.12,422.26,46.19,141.85
267.97,396.13,19.86,141.83
346.07,773.11,41.23,141.82
371.87,549.09,36.21,141.82
502.61,697.26,26.80,141.80
447.69,825.27,69.35,141.72
433.54,721.08,31.27,141.65
576.11,607.28,51.83,141.65
369.02,825.50,44.95,141.45
571.45,1033.04,33.35,141.43
322.06,1039.37,26.22,141.43
395.68,773.12,46.10,141.37
433.47,868.38,29.02,141.34
566.91,790.54,73.32,141.30
572.25,674.32,24.08,141.23
285.01,412.99,22.07,141.22
412.86,426.70,45.24,141.06
511.36,742.25,43.06,141.06
267.62,511.64,38.89,140.91
511.33,825.36,60.30,140.90
294.27,589.50,79.59,140.80
418.00,673.72,26.43,140.70
313.30,584.32,56.72,140.51
498.23,915.29,25.55,140.49
363.52,593.65,29.59,140.48
553.16,584.61,90.09,140.46
268.01,625.27,48.24,140.38
390.41,974.09,55.66,140.34
507.26,516.13,60.05,140.31
450.27,511.64,24.33,140.27
383.86,389.85,300.83,140.22
389.85,581.01,114.55,140.19
426.89,490.23,56.31,140.19
423.33,790.38,92.60,140.11
557.98,575.60,80.20,140.08
351.76,790.24,26.70,140.07
369.64,383.85,124.72,139.92
313.14,890.34,49.05,139.92
257.40,396.16,40.06,139.90
378.29,757.11,40.04,139.87
404.42,589.77,42.09,139.73
346.15,395.40,51.20,139.69
516.13,956.14,48.17,139.67
520.75,1013.39,104.34,139.47
257.14,625.35,50.12,139.45
254.22,313.00,21.85,139.42
322.13,575.90,54.78,139.39
506.92,593.63,33.56,139.35
398.63,561.10,26.55,139.35
387.14,497.80,29.15,139.29
387.16,1013.88,28.93,139.20
427.00,545.37,27.66,139.15
237.88,956.41,23.10,139.15
607.08,691.29,49.62,138.95
433.21,575.76,345.62,138.95
360.80,378.02,35.75,138.95
347.18,674.23,34.26,138.92
790.08,885.34,71.23,138.81
502.34,507.26,65.51,138.78
403.71,439.42,51.49,138.76
423.78,871.47,27.97,138.74
272.48,584.47,105.90,138.73
433.39,1013.52,133.00,138.72
267.83,589.58,62.27,138.66
472.60,575.61,63.06,138.56
478.88,1013.50,41.84,138.53
439.67,843.24,108.40,138.51
790.66,912.09,21.60,138.47
427.28,697.01,42.38,138.41
390.53,902.65,22.15,138.33
313.16,384.42,142.89,138.23
469.72,521.00,23.30,137.99
418.14,575.32,70.60,137.94
422.28,433.66,72.88,137.64
325.86,423.61,91.76,137.59
398.86,567.12,34.63,137.10
236.60,498.35,21.75,137.07
213.38,520.79,43.07,137.06
584.74,867.54,33.80,137.05
433.21,597.17,66.49,137.02
289.87,643.55,32.92,136.88
351.85,525.97,34.03,136.83
345.99,624.98,64.31,136.80
567.78,714.50,23.09,136.80
439.01,987.29,69.95,136.77
213.41,445.73,25.73,136.75
204.74,508.17,40.70,136.44
384.28,635.00,26.97,136.33
294.15,1013.76,41.15,136.29
417.84,902.66,21.15,136.28
402.69,421.87,24.70,136.28
378.10,478.49,59.28,136.11
456.51,885.63,32.47,136.10
289.91,427.16,113.68,136.09
398.11,423.96,66.45,136.07
378.52,741.98,36.07,136.01
272.62,433.16,134.73,135.94
456.77,498.79,30.38,135.90
350.99,433.24,69.02,135.86
544.36,584.44,79.69,135.79
584.79,724.39,102.05,135.59
263.63,584.75,78.29,135.55
290.14,580.72,53.24,135.52
506.84,526.14,74.31,135.51
395.74,1014.64,44.08,135.42
427.01,894.37,31.90,135.39
456.26,773.34,35.12,135.36
474.78,495.47,23.35,135.22
212.85,589.36,30.44,134.77
419.49,1014.32,37.86,134.67
325.72,390.23,107.43,134.59
313.92,502.89,24.98,134.55
390.52,409.25,105.61,134.54
337.49,566.34,34.84,134.53
240.40,395.10,34.55,134.48
438.82,487.60,139.93,134.28
433.78,1031.37,133.19,134.26
257.92,561.27,18.73,134.23
384.05,915.32,26.36,134.23
438.71,607.97,56.68,134.21
256.87,503.80,35.25,134.16
263.23,1031.26,39.53,133.83
581.14,974.25,30.38,133.82
433.20,489.46,91.40,133.79
444.84,597.14,19.66,133.78
584.50,855.26,56.79,133.77
576.28,589.77,112.91,133.71
271.86,395.74,59.16,133.48
423.70,825.41,97.78,133.47
249.36,589.90,59.94,133.31
347.39,478.32,27.58,133.17
341.54,368.84,33.61,133.14
525.88,939.38,31.68,133.04
307.89,578.02,70.87,133.01
423.73,501.20,59.53,132.99
325.96,516.28,64.81,132.88
486.53,692.39,29.94,132.78
249.65,433.77,62.35,132.76
417.97,1031.53,71.39,132.67
294.12,412.70,20.27,132.60
246.03,790.61,22.08,132.59
362.84,571.59,74.07,132.49
520.78,889.64,52.65,132.48
690.84,790.53,67.63,132.46
377.94,624.84,68.77,132.43
520.47,643.11,48.61,132.41
369.16,495.34,60.62,132.38
423.86,1041.38,44.55,132.13
438.97,596.77,83.55,131.99
575.34,643.23,77.48,131.87
436.67,478.51,24.78,131.84
571.44,825.36,31.05,131.79
478.62,487.84,27.58,131.70
405.73,423.64,66.36,131.68
478.48,561.53,26.31,131.56
322.14,585.16,61.21,131.56
525.99,956.20,71.22,131.55
690.99,697.53,36.22,131.52
312.85,724.19,45.07,131.47
395.48,520.89,48.07,131.46
433.38,515.85,118.80,131.33
390.11,1022.42,40.09,131.33
322.17,580.48,31.38,131.33
455.97,956.21,23.55,131.18
433.23,674.38,113.33,131.16
390.02,913.14,29.09,131.08
304.75,498.78,41.42,130.88
843.28,1013.28,38.89,130.88
432.78,580.88,125.88,130.86
271.77,543.48,41.32,130.79
433.53,961.14,39.71,130.76
512.04,580.90,51.06,130.68
383.95,502.65,87.98,130.35
412.97,560.87,55.08,130.19
321.97,560.99,29.31,129.90
417.61,445.00,53.55,129.81
561.26,973.22,31.67,129.69
552.99,690.99,22.65,129.68
271.76,525.99,97.38,129.67
337.36,378.37,61.76,129.66
447.95,658.38,30.65,129.51
289.95,974.50,25.66,129.50
272.29,512.17,30.17,129.49
345.97,956.62,20.41,129.34
369.25,408.71,69.08,129.22
225.32,438.99,39.80,129.11
489.11,593.54,27.09,129.03
276.73,396.14,35.35,129.00
456.09,590.14,53.35,128.94
366.36,589.50,29.15,128.94
312.91,756.33,26.36,128.78
438.83,847.14,59.49,128.65
409.26,412.93,56.83,128.64
544.13,724.39,33.71,128.63
362.62,691.10,67.02,128.54
427.42,584.59,121.24,128.48
439.38,502.52,185.38,128.44
294.17,516.28,30.70,128.42
432.83,549.26,29.51,128.38
525.86,549.79,24.54,128.34
307.89,395.50,55.28,128.15
264.11,378.65,40.98,128.09
290.00,408.98,70.85,128.01
249.51,378.42,71.15,127.90
368.84,567.53,38.56,127.89
507.60,1013.64,42.53,127.88
290.00,313.76,46.58,127.87
390.12,525.97,107.86,127.87
363.93,390.01,42.95,127.83
418.16,439.09,223.57,127.80
409.13,525.59,47.43,127.79
346.25,451.55,35.81,127.72
294.05,405.62,21.21,127.70
307.87,434.03,44.33,127.64
372.09,404.09,25.32,127.51
403.86,488.03,23.83,127.50
589.50,720.27,24.36,127.45
308.30,384.29,57.64,127.29
372.52,520.24,58.58,127.25
516.64,790.29,68.78,127.22
433.60,742.39,48.66,127.11
240.33,433.12,70.37,127.09
439.14,472.73,70.08,127.01
391.02,549.00,39.77,126.91
271.77,566.53,51.80,126.90
395.76,889.34,52.68,126.68
395.63,456.40,42.38,126.67
427.15,486.60,78.66,126.63
566.76,593.59,44.49,126.52
399.03,409.17,25.48,126.36
409.39,417.86,51.84,126.33
390.83,720.42,39.15,126.29
254.09,396.15,23.60,126.22
257.00,589.33,28.39,126.22
516.48,801.21,19.26,126.19
250.03,439.27,68.07,126.12
294.14,552.77,22.90,125.99
389.96,398.13,60.58,125.90
384.43,585.02,196.04,125.86
346.00,495.74,58.10,125.64
263.38,590.27,37.77,125.54
455.97,596.24,39.42,125.53
378.42,474.77,26.28,125.44
249.57,368.94,51.17,125.35
204.87,378.73,41.52,125.19
525.86,829.10,24.78,125.19
279.72,691.24,26.71,124.89
322.04,589.35,45.78,124.88
439.28,808.77,59.97,124.86
418.14,503.52,31.00,124.81
308.14,451.60,23.89,124.58
438.85,859.49,36.91,124.55
204.88,389.87,54.62,124.54
526.25,597.17,45.84,124.49
378.24,548.79,33.73,124.44
249.35,585.66,31.32,124.26
303.83,512.00,28.74,124.22
369.10,433.08,105.89,124.21
384.52,408.60,99.90,124.19
377.94,404.82,34.03,124.13
378.54,470.01,56.42,124.12
372.79,389.97,55.77,123.94
548.44,578.03,33.03,123.89
325.99,404.17,23.63,123.74
506.99,552.50,50.02,123.71
213.35,257.13,22.48,123.64
439.51,574.72,43.52,123.59
433.44,885.08,113.71,123.56
595.97,691.27,37.61,123.50
221.17,566.62,19.65,123.43
263.65,790.09,62.45,123.42
567.15,589.35,79.79,123.32
321.71,377.96,30.91,123.31
413.14,503.18,23.96,123.29
423.76,447.61,91.54,123.28
289.74,571.58,45.80,123.16
293.70,389.98,57.67,123.10
240.38,894.80,31.68,123.04
408.57,571.48,28.82,123.04
249.40,525.84,42.06,122.97
290.15,455.84,36.25,122.88
369.39,511.61,43.39,122.87
390.10,406.00,44.44,122.87
439.52,819.26,40.26,122.82
520.38,691.11,142.44,122.81
312.84,572.26,30.72,122.75
439.12,687.11,33.93,122.75
352.17,369.54,19.61,122.70
378.47,873.52,27.38,122.54
424.12,557.60,39.15,122.45
419.02,558.08,24.78,122.40
566.59,843.22,32.41,122.39
317.01,691.09,15.07,122.37
503.24,575.46,44.56,122.35
272.02,1013.73,24.80,122.34
418.28,607.85,33.34,122.29
585.01,701.40,26.38,122.27
383.84,757.66,32.21,122.10
250.03,511.65,48.40,122.08
325.48,433.24,88.20,122.08
230.75,589.52,16.44,121.88
313.10,433.43,138.62,121.82
375.26,503.02,37.39,121.80
584.46,643.78,52.52,121.73
433.66,567.17,123.83,121.63
409.04,691.11,153.91,121.55
526.00,1040.39,18.04,121.44
503.04,691.24,31.71,121.41
398.14,843.35,20.09,121.34
481.86,560.99,40.16,121.23
433.55,589.35,199.72,121.20
589.64,1041.40,27.18,121.14
438.98,584.19,205.04,120.99
444.90,889.34,53.51,120.99
552.72,557.89,25.71,120.95
396.18,490.25,29.66,120.95
439.24,734.25,30.81,120.91
378.41,889.29,58.45,120.90
253.24,307.86,21.17,120.89
307.85,512.03,66.87,120.86
516.51,724.10,29.09,120.79
575.47,825.19,60.28,120.78
408.89,580.77,56.91,120.67
378.22,544.12,53.74,120.57
427.24,526.03,112.64,120.53
567.65,674.15,27.29,120.42
463.26,566.49,39.05,120.38
412.97,990.64,33.28,120.34
383.95,1013.12,196.31,120.13
318.08,790.04,36.57,120.10
468.29,625.26,23.48,120.06
345.85,928.28,27.20,119.92
439.65,643.10,46.46,119.91
395.64,674.23,41.30,119.86
511.36,591.36,72.04,119.84
366.09,383.99,33.18,119.81
313.03,599.21,20.83,119.73
417.88,894.83,27.38,119.47
370.74,439.15,136.89,119.34
293.98,369.54,38.77,119.26
330.29,575.76,17.50,119.19
232.70,625.28,32.49,119.16
395.72,801.40,30.18,119.07
321.87,438.95,108.69,119.06
439.80,516.25,89.03,118.97
225.23,507.77,19.86,118.90
497.85,789.93,29.66,118.78
520.29,571.45,30.17,118.67
552.47,594.04,21.80,118.60
384.04,596.14,59.71,118.35
395.76,427.16,93.76,118.28
423.88,526.67,68.97,118.25
263.21,395.38,35.46,118.25
378.10,902.26,45.58,118.00
423.72,957.42,48.01,117.98
544.15,674.37,31.69,117.98
304.78,438.85,89.40,117.93
337.21,408.73,26.97,117.83
470.15,525.99,53.88,117.80
404.04,526.01,40.92,117.46
567.24,895.10,28.08,117.43
264.25,557.84,23.23,117.41
383.94,625.89,102.13,117.35
406.87,438.99,51.18,117.32
249.53,956.11,21.10,117.27
259.60,489.46,21.15,116.92
384.41,889.21,117.50,116.81
497.80,956.35,27.13,116.78
408.73,974.39,44.11,116.61
423.63,515.74,63.98,116.60
307.89,507.70,61.39,116.56
325.59,408.86,48.88,116.43
438.98,888.96,70.76,116.31
433.81,872.40,33.60,116.27
390.15,520.92,80.18,116.18
362.49,889.36,21.63,116.05
459.62,589.49,29.59,116.01
378.81,427.85,40.50,115.96
439.23,978.53,37.77,115.90
377.99,575.73,136.81,115.89
427.55,889.33,43.98,115.85
389.85,872.38,25.56,115.77
249.41,313.28,29.11,115.72
384.09,662.09,24.43,115.66
325.88,495.35,44.53,115.64
438.82,455.84,88.95,115.58
511.48,956.50,40.11,115.54
249.09,409.16,22.61,115.42
204.61,575.50,35.56,115.41
276.89,427.66,22.80,115.40
378.36,952.60,36.01,115.33
373.16,378.76,41.63,115.24
294.12,691.10,64.61,115.15
520.37,724.49,49.79,115.14
389.01,438.86,103.55,114.93
584.66,1013.77,58.98,114.91
560.97,697.46,22.81,114.89
525.73,990.23,41.03,114.80
384.11,442.41,35.23,114.68
263.65,413.41,24.89,114.62
825.11,1032.37,19.71,114.28
249.74,507.03,63.37,114.26
584.63,1022.12,20.23,114.19
439.00,440.16,161.64,114.14
526.12,589.46,86.03,114.08
501.24,520.76,22.22,114.05
557.83,827.98,28.26,113.91
405.63,408.57,28.00,113.88
346.25,584.41,74.36,113.76
438.89,530.88,42.59,113.75
271.83,322.02,39.25,113.68
427.92,720.02,25.65,113.58
276.99,408.74,30.24,113.43
399.30,580.34,24.00,113.35
390.07,956.28,76.48,113.17
372.12,445.12,23.23,113.12
625.21,974.11,31.63,113.06
387.42,790.09,40.42,112.97
408.71,584.65,108.51,112.95
383.70,456.40,28.80,112.90
516.26,520.53,35.56,112.67
285.98,526.10,18.76,112.55
294.16,566.64,29.55,112.46
249.53,322.38,23.94,112.39
515.84,584.72,53.25,112.38
254.78,492.08,28.50,112.28
691.25,1013.10,42.13,112.19
249.48,567.52,27.03,112.11
393.87,558.28,30.32,112.10
447.66,561.15,52.71,111.98
575.45,990.36,63.30,111.78
248.97,307.75,12.66,111.62
434.02,439.90,79.95,111.58
438.96,558.65,71.04,111.47
578.25,790.37,66.79,111.40
384.54,427.13,89.14,111.29
321.97,543.51,41.32,111.23
413.08,662.14,18.95,111.14
577.83,593.62,22.30,111.06
384.30,774.67,39.77,111.01
418.32,567.28,65.87,111.00
438.84,484.39,73.34,110.98
268.15,584.63,33.27,110.81
413.02,466.12,21.51,110.78
439.28,795.38,25.18,110.78
334.00,589.22,26.03,110.73
378.38,390.28,106.49,110.35
354.96,521.39,26.16,110.24
390.14,553.35,50.04,110.17
378.06,974.64,35.68,110.13
378.07,1013.62,54.22,110.11
256.84,289.73,21.08,110.07
263.20,409.25,35.77,109.97
356.86,580.91,20.04,109.91
575.63,629.28,33.26,109.84
427.28,997.65,21.78,109.72
432.83,465.88,21.41,109.54
478.63,580.45,22.93,109.51
427.14,860.01,23.17,109.45
390.00,825.74,59.24,109.40
493.51,503.46,25.03,109.29
439.15,701.25,56.50,109.23
233.01,584.78,20.73,109.17
511.47,624.71,42.59,109.09
439.41,717.53,27.08,108.98
362.35,584.62,52.82,108.94
240.35,307.87,33.31,108.93
560.98,885.11,31.86,108.93
502.63,890.52,18.94,108.79
825.24,1013.66,29.85,108.78
575.34,868.39,24.18,108.73
520.40,885.07,29.36,108.64
409.16,576.39,70.35,108.48
337.40,790.36,23.97,108.32
360.72,439.20,62.84,108.25
575.66,894.48,28.40,108.18
433.55,637.17,20.86,108.18
322.30,433.23,35.19,108.14
266.84,384.17,34.23,108.11
363.72,576.17,60.39,108.09
383.97,398.88,37.10,107.91
390.29,729.12,21.96,107.91
313.11,885.23,40.18,107.86
584.73,846.42,30.70,107.82
489.63,691.26,39.21,107.76
438.72,444.71,83.61,107.62
423.47,843.23,30.94,107.62
384.00,697.25,62.51,107.51
516.65,526.01,39.91,107.49
326.01,384.54,71.61,107.41
384.56,674.11,43.83,107.32
424.37,431.18,24.10,107.31
249.62,445.14,27.77,107.22
584.79,852.11,22.85,106.98
412.99,511.90,55.55,106.96
584.31,885.53,44.53,106.92
519.72,684.64,21.27,106.90
325.83,369.18,55.20,106.85
557.83,584.61,50.43,106.84
346.64,384.00,64.96,106.79
498.14,516.28,26.14,106.78
427.15,990.56,68.35,106.71
433.52,584.33,118.70,106.63
389.86,507.14,95.36,106.51
499.05,584.47,41.82,106.47
254.76,433.12,74.58,106.42
240.90,491.98,22.14,106.25
417.96,625.24,48.43,106.13
395.64,624.94,66.45,106.05
294.17,520.21,28.28,105.73
383.96,497.99,91.83,105.72
326.06,378.12,65.06,105.55
213.39,674.52,16.08,105.51
438.81,894.52,38.99,105.46
433.09,507.11,100.07,105.44
438.98,825.79,123.52,105.41
405.62,655.50,19.02,105.30
432.85,571.61,58.84,105.29
378.07,495.77,77.30,105.25
511.19,691.23,53.09,105.20
478.51,713.97,20.48,105.15
383.84,952.59,39.32,105.09
313.26,372.87,25.08,105.00
307.58,368.86,20.56,104.96
584.63,1039.45,23.26,104.82
423.75,697.00,39.31,104.74
567.00,772.99,18.07,104.72
208.28,387.13,21.90,104.68
381.15,575.65,36.62,104.60
326.07,584.62,90.42,104.54
312.70,412.87,29.21,104.51
262.01,368.61,30.58,104.44
389.88,560.98,65.42,104.38
409.26,1031.64,22.86,104.36
433.23,800.42,31.17,104.29
235.61,378.03,28.10,104.19
347.02,710.50,21.03,104.12
378.43,601.12,23.61,104.10
571.71,589.78,64.32,103.84
378.11,584.18,57.77,103.70
544.27,691.55,29.01,103.69
249.41,257.01,15.88,103.60
372.63,506.96,45.33,103.49
584.33,1031.25,61.53,103.46
384.14,404.89,43.38,103.43
390.12,412.85,54.46,103.35
213.27,357.48,28.97,103.18
507.11,790.09,88.02,103.18
204.86,825.51,38.26,103.09
383.94,562.11,47.96,103.05
354.98,425.75,44.53,102.95
575.64,577.87,87.21,102.80
390.15,466.97,35.61,102.72
307.59,417.97,19.33,102.32
276.99,313.00,16.29,102.31
369.55,710.11,30.69,102.19
502.25,825.08,21.29,102.11
405.63,414.12,29.53,101.80
322.11,383.83,69.38,101.69
444.96,990.60,34.28,101.66
395.48,421.89,40.11,101.59
366.46,375.16,25.22,101.54
204.89,560.97,26.84,101.51
433.14,520.06,122.90,101.33
312.98,423.75,51.65,101.06
226.41,520.49,18.99,101.05
249.52,624.83,39.45,101.04
423.61,596.88,20.05,100.98
742.37,790.47,34.09,100.65
293.99,571.36,21.15,100.64
412.98,625.12,60.53,100.58
625.36,643.25,31.03,100.29
378.12,379.85,18.45,100.13
490.25,699.35,19.26,100.01
433.65,1150.87,23.96,99.99
576.60,1108.34,23.87,99.99
384.40,1143.37,18.89,99.99
433.62,773.16,48.26,99.84
423.69,607.13,16.00,99.72
390.87,662.14,28.30,99.71
399.96,589.61,23.60,99.65
662.14,720.40,28.11,99.61
219.87,419.22,19.29,99.59
526.12,724.10,29.08,99.51
590.40,825.10,17.93,99.38
408.87,724.39,32.13,98.64
294.00,395.77,38.98,98.44
584.47,894.80,20.59,98.24
345.71,575.61,40.55,98.16
723.99,790.28,31.47,98.05
382.49,621.01,23.04,97.93
399.16,520.60,11.48,97.84
439.10,511.19,90.40,97.82
321.72,372.33,23.31,97.67
413.28,432.99,101.92,97.58
423.46,438.82,132.40,97.42
378.20,387.02,34.88,97.18
439.00,571.48,100.78,97.16
558.13,589.66,46.38,97.12
313.26,567.07,59.81,96.98
337.35,455.98,14.86,96.84
204.75,433.39,62.61,96.55
455.98,483.20,31.01,96.44
526.97,585.16,68.69,96.31
267.98,789.83,10.00,95.88
439.29,581.16,187.88,95.79
372.56,417.96,22.40,95.77
433.47,539.16,37.66,95.49
468.29,614.50,18.15,95.48
424.02,821.12,20.31,95.37
312.87,487.52,14.58,95.04
292.25,386.98,20.84,94.87
576.02,974.38,34.19,94.76
426.70,502.60,32.54,94.57
313.02,448.75,26.38,94.28
433.39,990.53,70.71,94.27
277.14,433.52,43.08,94.25
405.62,713.98,16.41,94.21
221.97,439.24,44.01,94.15
423.71,593.59,26.56,94.07
390.63,800.36,22.90,93.90
377.83,643.12,24.96,93.64
384.15,590.16,125.47,93.58
395.61,439.42,168.29,93.40
470.16,593.76,22.42,92.85
790.24,791.66,26.50,92.81
439.14,1068.24,26.04,92.57
272.63,347.53,22.58,92.55
498.35,566.51,30.76,92.50
325.89,520.18,44.69,92.11
444.56,566.87,18.49,91.55
433.08,561.31,84.62,91.47
232.75,790.22,15.95,91.34
424.42,426.87,58.95,91.18
439.11,957.13,47.74,91.00
384.11,709.98,19.98,90.81
304.51,551.74,17.40,90.62
382.80,853.51,38.61,90.58
561.15,724.53,25.56,90.18
350.96,384.00,31.89,90.15
438.80,567.01,76.00,90.01
272.03,674.16,17.06,89.96
580.87,757.06,28.16,89.91
427.11,1031.22,56.82,89.79
409.01,520.51,59.06,89.75
572.13,580.98,24.45,89.52
293.86,326.00,24.72,89.34
560.86,572.00,19.53,89.31
495.47,526.43,46.45,88.90
312.99,456.17,23.05,88.81
232.87,439.12,28.87,88.70
378.11,487.10,23.23,88.45
438.70,674.24,63.72,88.43
276.87,384.29,56.05,88.28
433.27,889.78,43.66,88.27
432.87,511.34,78.93,88.12
313.16,1013.54,29.36,88.04
249.37,384.42,43.88,87.67
308.29,625.28,24.65,87.59
304.61,1039.77,15.02,87.47
439.14,537.82,30.21,87.43
585.14,589.33,80.30,87.25
421.35,423.78,33.45,85.91
334.65,433.53,17.75,85.88
390.41,773.12,21.15,85.81
498.19,554.27,18.56,85.74
423.72,1031.50,40.44,85.72
451.92,566.50,19.93,85.28
566.89,1013.37,21.26,85.10
384.26,516.12,79.47,85.03
345.98,482.99,24.44,84.89
384.09,652.96,33.33,84.69
325.85,426.99,47.77,84.47
409.17,567.04,24.19,83.91
423.88,692.00,34.23,83.31
263.66,389.86,22.23,83.17
427.28,520.34,48.82,83.13
395.47,511.75,34.22,82.80
347.26,691.50,28.39,82.53
584.47,746.24,34.99,81.92
378.11,506.70,46.22,81.88
396.00,884.96,17.94,81.80
478.65,843.23,16.33,81.40
389.84,575.33,89.60,81.28
571.46,691.12,39.80,81.26
584.59,974.37,41.48,81.26
352.02,390.12,17.36,80.83
690.99,885.79,28.08,80.83
478.60,576.24,34.71,80.24
383.83,996.64,28.08,79.96
395.61,432.78,31.53,79.83
515.97,625.24,32.89,79.71
213.22,511.46,22.82,79.51
308.29,439.41,37.30,79.39
290.02,511.35,27.26,78.96
427.42,885.24,36.44,78.40
433.56,456.14,62.35,78.23
390.08,571.88,43.48,78.05
584.84,738.38,25.59,77.74
427.34,772.98,42.09,77.65
575.76,1031.62,19.82,77.55
526.14,773.52,41.92,77.23
263.36,447.74,13.80,76.96
433.71,691.24,77.76,76.87
271.88,427.30,28.99,76.37
378.66,581.10,29.93,76.05
445.29,552.15,23.72,75.53
378.12,433.79,72.25,75.43
584.51,608.10,32.12,74.78
213.38,433.66,41.89,74.70
445.08,790.36,14.41,74.63
625.28,1031.39,33.24,74.46
378.08,400.78,24.35,74.21
494.16,511.90,17.22,73.43
438.71,589.47,38.63,73.33
308.00,581.13,28.09,73.21
372.80,433.21,18.54,72.29
408.70,433.25,49.63,71.31
439.44,577.97,18.74,70.65
413.67,439.27,76.93,70.41
427.02,561.09,63.58,69.64
439.28,498.54,69.89,69.29
368.85,990.13,18.10,68.91
520.24,575.59,22.13,68.46
433.10,790.20,98.51,67.77
244.74,525.59,12.16,67.72
439.56,625.27,55.26,67.00
249.43,390.11,18.01,66.66
325.86,507.01,26.17,66.29
293.85,433.11,28.97,65.72
438.98,563.26,36.09,65.67
313.28,438.98,108.35,65.64
410.02,439.30,33.27,65.45
445.16,526.11,15.16,65.11
312.84,389.86,35.94,65.08
389.72,589.34,20.20,63.91
293.86,584.76,35.34,63.84
325.71,439.54,25.10,63.72
427.77,439.27,87.33,63.43
439.14,885.40,20.06,62.43
304.48,691.12,12.89,61.58
525.97,790.22,24.20,61.03
390.41,584.90,50.28,60.29
575.90,800.97,14.81,60.07
263.36,575.72,12.56,59.61
589.89,1031.36,24.12,59.16
213.37,439.10,40.57,58.73
238.17,439.29,21.91,58.47
438.69,520.10,45.53,58.29
204.86,526.03,13.05,58.16
395.50,447.76,16.68,57.29
696.97,790.62,6.81,56.99
290.05,383.68,11.75,56.69
204.89,589.35,16.45,54.71
383.84,433.55,55.18,54.15
584.92,691.26,25.53,52.01
439.68,526.12,43.54,51.97
520.50,589.65,19.75,47.02
378.25,445.00,11.84,44.23
427.29,511.77,18.59,42.92
263.65,433.41,15.18,42.49
395.63,789.92,10.49,42.21
383.73,412.98,34.05,41.27
378.12,439.56,31.89,40.03
307.85,515.96,8.52,39.84
