Index,Interpretation A,m/z A,m/z B,Interpretation B,CorrelationScore,NormalisedScore,MassDeviation
1,b4(1+),508.15,1017.74,y9(1+),810830.3410506524,2041.4210830248803,0.168
2,y6(1+),685.48,840.42,b7(1+),777463.5903122885,1885.8597064576954,0.081
3,y5(1+),571.42,937.37,b8-(NH3)(1+),453156.95158861077,1809.5400687821432,0.03
4,b6(1+),712.4,813.52,y7(1+),702572.9539469955,1751.587440626729,0.114
5,y5(1+),571.42,954.4,b8(1+),348094.132872,1628.1575785806144,0.03
6,y4(1+),500.37,1008.36,b9-(NH3)(1+),777942.7024430383,1620.356736996437,0.051
7,y4(1+),500.39,1025.42,b9(1+),605417.6759582107,1614.5691580115774,0.032
8,b6-(H2O)(1+),694.36,813.63,y7(1+),442901.62882885896,1424.3148226439396,0.161
9,a5(1+),537.28,960.74,y8(1+),146101.44025186435,1268.8096429901302,0.187
10,y6(1+),685.82,822.7,b7-(H2O)(1+),397362.7921554135,1197.095089232987,0.523
,y6(1+),685.82,822.7,b7-(NH3)(1+),397362.7921554135,1197.095089232987,0.736
11,b5(1+),565.28,960.71,y8(1+),169014.89086033855,1188.8447725629196,0.158
12,y3(1+),387.08,1138.33,b10(1+),995830.2685022827,1089.703701301797,0.269
13,bi(2-4)(1+),395.03,1018.21,y9(1+),310146.66538410913,1056.0214588859528,0.636
14,bi(3-4)(1+),337.89,1017.5,y9(1+),227270.75598776317,1045.1468744582187,0.225
,ai(2-4)-(HCOH)(1+),337.89,1017.5,y9(1+),227270.75598776317,1045.1468744582187,0.784
15,y3(1+),387.14,1121.11,b10-(NH3)(1+),711647.1593300053,939.522356543577,0.402
,y3(1+),387.14,1121.11,b10-(H2O)(1+),711647.1593300053,939.522356543577,0.614
16,y5(1+),571.56,919.99,b8-2(NH3)(1+),107580.02063381995,886.5431713621355,0.389
17,b5-(H2O)(1+),547.3,960.49,y8(1+),109841.86804979875,878.790795744944,0.106
18,y2(1+),273.88,1251.41,b11(1+),222810.81575118203,844.8235715527017,0.364
19,b5-(HCOOH)(1+),519.66,960.68,y8(1+),65052.129498690265,839.3935430758519,0.456
,a5-(H2O)(1+),519.66,960.68,y8(1+),65052.129498690265,839.3935430758519,0.456
,a5-(NH3)(1+),519.66,960.68,y8(1+),65052.129498690265,839.3935430758519,0.553
20,b6-2(H2O)(1+),676.15,685.45,y6(1+),158819.5689911781,833.3614471483125,0.12
21,a6(1+),683.88,813.33,y7(1+),129777.9248062916,831.2303048776486,0.44
22,y2(1+),274.1,1234.37,b11-(NH3)(1+),158442.0817531999,776.5368248566348,0.219
,y2(1+),274.1,1234.37,b11-(H2O)(1+),158442.0817531999,776.5368248566348,0.785
23,b6(1+),712.35,796.42,y7-(NH3)(1+),135447.854397718,770.436246322533,0.078
24,,500.62,990.44,,132375.23045258297,757.2202484309381,
25,,486.13,813.76,,85047.15379757987,654.6875036202587,
26,b3(1+),299.82,1225.67,y10(1+),71147.98833583701,647.1236974750348,0.342
27,a6-2(H2O)-(HCOH)(1+),619.0,685.46,y6(1+),69339.43979305937,616.4780982609889,0.74
28,y3(1+),387.18,1103.74,b10-2(NH3)(1+),186330.92221594538,613.340912689923,0.726
29,a4(1+),480.07,1018.0,y9(1+),77742.04313572956,612.9458781765989,0.44
30,,526.05,813.33,,75477.90662653215,608.6133183143788,
31,bi(3-5)-(NH3)(1+),378.02,960.46,y8(1+),44391.46562916969,566.8825616634624,0.122
,ai(2-5)-(HCOOH)(1+),378.02,960.46,y8(1+),44391.46562916969,566.8825616634624,0.156
32,b4(1+),508.11,1000.4,y9-(NH3)(1+),59342.08756369149,565.3614755954435,0.184
33,a4-(NH3)(1+),462.96,960.49,y8(1+),38465.01542972417,565.2453323764499,0.231
,b4-(HCOOH)(1+),462.96,960.49,y8(1+),38465.01542972417,565.2453323764499,0.763
,a4-(H2O)(1+),462.96,960.49,y8(1+),38465.01542972417,565.2453323764499,0.773
34,y6(1+),685.37,795.36,a7-(NH3)(1+),117464.17702070401,559.1362708658309,0.076
35,a6-(NH3)(1+),666.95,813.56,y7(1+),91461.07671781318,502.87894065276623,0.328
,b6-(HCOOH)(1+),666.95,813.56,y7(1+),91461.07671781318,502.87894065276623,0.664
,a6-(H2O)(1+),666.95,813.56,y7(1+),91461.07671781318,502.87894065276623,0.674
36,b5(1+),565.2,943.78,y8-(NH3)(1+),25171.86113319483,502.668327845241,0.242
37,y4(1+),500.53,980.73,a9-(NH3)(1+),44152.1024185154,495.9348696815528,0.362
38,y6(1+),685.61,805.01,b7-2(H2O)(1+),62736.610463547535,494.43998665246784,0.701
39,bi(2-6)(1+),599.13,813.58,y7(1+),60609.71310676714,493.48438998322683,0.12
40,,583.17,813.29,,63788.36656579157,488.2129604046472,
41,,609.65,813.45,,60681.34293904203,481.7788969817021,
42,a6-(NH3)-(HCOH)(1+),636.87,813.97,y7(1+),60421.86633227476,479.45407606142106,0.618
,b6-(HCOOH)-(HCOH)(1+),636.87,813.97,y7(1+),60421.86633227476,479.45407606142106,0.761
,a6-(H2O)-(HCOH)(1+),636.87,813.97,y7(1+),60421.86633227476,479.45407606142106,0.768
43,,435.94,960.7,,22494.43520079069,476.5196006138045,
44,y5(1+),571.39,909.63,a8-(NH3)(1+),36170.64158170819,473.5451487248399,0.26
45,y4(1+),500.31,879.37,a8-(NH3)-(HCOH)(1+),35361.69359496241,444.04203038607034,0.051
46,,293.79,960.22,,24509.196537655742,442.32679518020933,
47,,658.15,685.42,,41115.65429647435,438.51264477015764,
48,,386.96,952.17,,82852.21877797322,436.66052617468694,
49,,600.89,685.34,,58311.855761741914,429.08008939635454,
50,ai(3-5)-(NH3)(1+),349.78,960.77,y8(1+),19202.82889436952,424.34160143419643,0.374
,bi(3-5)-(HCOOH)(1+),349.78,960.77,y8(1+),19202.82889436952,424.34160143419643,0.702
,ai(3-5)-(H2O)(1+),349.78,960.77,y8(1+),19202.82889436952,424.34160143419643,0.702
51,,572.39,806.02,,36283.746710463754,423.84782685496396,
52,y6(1+),685.11,777.92,a7-2(NH3)(1+),39460.67960501926,408.06244965496876,0.503
53,b6-(H2O)(1+),694.33,796.36,y7-(NH3)(1+),32897.23262309347,399.8350071990794,0.121
54,,274.05,1048.26,,18374.77028638652,396.28348601562783,
55,y4(1+),500.7,894.66,b8-(HCOH)-(HCOH)(1+),27544.896244373118,376.74198485090125,0.447
,y4(1+),500.7,894.66,bi(2-9)-(H2O)(1+),27544.896244373118,376.74198485090125,0.467
,b5-2(NH3)-(HCOH)(1+),500.7,894.66,y8-2(H2O)-(HCOH)(1+),27544.896244373118,376.74198485090125,0.478
,a5-2(H2O)(1+),500.7,894.66,y8-2(H2O)-(HCOH)(1+),27544.896244373118,376.74198485090125,0.517
,b5-(H2O)-(HCOOH)(1+),500.7,894.66,y8-2(H2O)-(HCOH)(1+),27544.896244373118,376.74198485090125,0.526
,y4(1+),500.7,894.66,bi(2-9)-(NH3)(1+),27544.896244373118,376.74198485090125,0.742
56,,541.02,686.26,,26140.272112736693,374.95531610580014,
57,b3(1+),300.15,1017.15,bi(4-12)-2(NH3)(1+),55212.76563998433,364.9276420484749,0.32
,b3(1+),300.15,1017.15,y9(1+),55212.76563998433,364.9276420484749,0.43
58,bi(2-5)(1+),451.97,961.0,y8(1+),20271.067133538272,361.33327432034463,0.472
59,,339.13,960.47,,55435.2026518775,361.0624867618337,
60,y4(1+),500.41,862.08,a8-2(NH3)-(HCOH)(1+),24647.440119834766,359.74552207452234,0.255
61,bi(3-7)-(HCOH)-(HCOH)(1+),609.87,684.97,y6(1+),29375.622458868842,355.6198332665366,0.592
62,y6(1+),685.11,727.45,bi(2-7)(1+),53747.472220940974,351.62686518751826,0.376
63,,571.23,790.95,,18897.89626690141,348.59486856010056,
64,y4(1+),500.13,912.04,bi(2-9)(1+),24380.177592083463,335.60179893604146,0.386
65,y3(1+),387.05,1076.36,a10-2(NH3)(1+),35103.411452929795,332.38761216688675,0.242
66,,660.77,1227.01,,20103.805348719805,330.91338924376197,
67,bi(4-6)(1+),413.45,813.67,y7(1+),30202.765023423508,329.0109691334066,0.35
,a4-2(H2O)-(HCOH)(1+),413.45,813.67,y7(1+),30202.765023423508,329.0109691334066,0.742
,a4-2(H2O)-(HCOH)(1+),413.45,813.67,bi(5-12)-(HCOH)(1+),30202.765023423508,329.0109691334066,0.75
68,,373.13,813.71,,19020.338855234742,326.26311361964457,
69,,684.63,739.86,,21483.22635210506,325.0670325484018,
70,,378.05,1019.29,,31897.83846659762,322.5689622019751,
71,,572.05,728.86,,34891.30049105379,321.2988303952234,
72,,712.73,1034.12,,11585.356988294106,318.87838715474385,
73,,1121.35,1205.57,,23098.83461341715,318.3609332325716,
74,y3-(H2O)(1+),369.65,1120.88,b10-(H2O)(1+),24257.93607531599,315.1306318843759,0.538
,y3-(NH3)(1+),369.65,1120.88,b10-(H2O)(1+),24257.93607531599,315.1306318843759,0.705
,y3-(H2O)(1+),369.65,1120.88,b10-(NH3)(1+),24257.93607531599,315.1306318843759,0.724
75,y3(1+),387.4,1094.19,a10-(NH3)(1+),58739.95842425451,314.2897146782496,0.712
76,,1008.3,1075.02,,20886.424441564828,312.2278587589699,
77,b4-(H2O)(1+),490.37,1017.37,y9(1+),26978.602285785368,309.9601271380854,0.277
78,b5-2(H2O)-(HCOH)(1+),499.19,812.92,y7(1+),20725.060953547258,308.2681831574829,0.57
79,y4(1+),500.24,851.73,bi(2-9)-(HCOH)-(HCOH)(1+),13225.73301701148,305.3497420622358,0.612
80,a4(1+),480.02,1000.38,y9-(NH3)(1+),8906.82193032444,300.30339048271793,0.255
81,,352.07,1121.35,,36602.12333430677,299.58150244340686,
82,,910.57,1251.67,,17126.775187998628,297.9755231950852,
83,,490.01,961.45,,20144.115209848344,297.42088961101865,
84,y5(1+),571.01,781.63,bi(2-8)-(HCOH)-(HCOH)(1+),16684.344226093333,297.2389213369965,0.51
85,,565.99,706.23,,26373.44513235034,296.54111893480996,
86,,814.0,980.7,,24982.729431559997,296.3556989861801,
87,y3-(NH3)(1+),370.51,1138.8,b10(1+),32111.25237885836,295.2364621589652,0.382
88,y6-(NH3)(1+),668.35,840.18,b7(1+),30483.347396905505,294.94787123007796,0.18
89,,712.16,1162.74,,11256.832415652832,291.5916735705073,
90,,1137.96,1181.93,,17788.959344537034,290.3567180048417,
91,,555.08,814.27,,13996.620374814636,289.6866863024444,
92,,636.66,1017.76,,37013.12643553237,289.15992438863543,
93,,499.99,610.49,,35243.11222811293,287.885458673299,
94,,840.14,1332.83,,48546.79020829117,281.369162328165,
95,bi(6-9)-(H2O)-(HCOH)(1+),413.08,547.12,b5-(H2O)(1+),6898.014609618445,280.5194593997164,0.149
96,,894.12,1332.87,,10186.035310883864,279.5093965557046,
97,bi(3-5)(1+),394.72,960.55,y8(1+),39998.70565208235,278.1444881621923,0.4
,ai(2-5)-(HCOH)(1+),394.72,960.55,y8(1+),39998.70565208235,278.1444881621923,0.59
98,,824.61,838.1,,17561.135698307455,277.81772914873096,
99,,991.36,1123.47,,20443.16937005692,276.38411813303804,
100,,610.36,962.77,,12013.65072338859,276.2407198197035,
101,,394.6,571.21,,27990.20388627944,275.8584896443384,
102,,693.88,1000.99,,17265.63695458104,275.7357895898096,
103,,508.83,1205.52,,14582.321966130628,275.6164769800887,
104,,463.22,1018.67,,27789.633649283416,274.71000237561566,
105,,677.88,921.05,,18247.701802061878,273.4792689310748,
106,y4(1+),500.01,838.88,ai(2-9)-(HCOOH)(1+),30809.42250109567,270.4827042528552,0.644
,y4(1+),500.01,838.88,bi(3-9)-(NH3)(1+),30809.42250109567,270.4827042528552,0.677
107,,813.95,880.96,,21734.116588592027,267.8584855201051,
108,y3(1+),387.09,896.72,a8-(HCOH)(1+),29002.187989716404,267.7835722660357,0.376
109,,610.12,1121.43,,16991.809728448345,267.6442729627879,
110,,925.67,1137.85,,14331.269588277077,267.5497596923697,
111,ai(2-4)-(NH3)-(HCOH)(1+),319.8,1017.94,y9(1+),17080.959396047157,265.1945276919227,0.456
,bi(3-4)-(H2O)(1+),319.8,1017.94,y9(1+),17080.959396047157,265.1945276919227,0.462
,ai(2-4)-(H2O)-(HCOH)(1+),319.8,1017.94,y9(1+),17080.959396047157,265.1945276919227,0.787
112,,772.67,961.3,,7992.136327849087,265.02522636090043,
113,,395.03,1001.5,,15052.947525357564,265.0181750494408,
114,,373.06,388.51,,9395.68895507896,264.9049419541956,
115,y3(1+),386.72,866.69,a8-(HCOH)-(HCOH)(1+),14204.23782525467,264.53391597557766,0.636
116,,226.36,1350.43,,11191.278640702396,263.37070881624703,
117,,387.45,837.0,,45877.4481482935,262.9045138531904,
118,,387.08,992.69,,57557.05570289477,262.79672904823946,
119,,338.16,636.88,,8981.304350876986,262.75155176179686,
120,,1009.44,1236.01,,32165.150758804302,260.54277116454085,
121,,565.25,1412.29,,13946.736837891896,258.9018307312151,
122,,273.89,333.75,,9660.358118868355,258.69876194312894,
123,,542.96,1226.19,,12304.509930716747,258.3271679465101,
124,,310.93,1251.19,,7634.875798392801,258.02561475121354,
125,,685.71,906.19,,19178.416940159685,257.8925150245916,
126,y3(1+),387.72,877.79,a8-(H2O)-(HCOH)(1+),13049.288589548934,257.3972964023918,0.734
,y3(1+),387.72,877.79,b8-(HCOOH)-(HCOH)(1+),13049.288589548934,257.3972964023918,0.742
127,,581.73,1026.0,,10110.5326238561,256.6633215035581,
128,,1224.6,1333.03,,29540.437811571664,256.1845177648389,
129,bi(5-7)(1+),333.53,685.38,y6(1+),16512.115929337615,255.81619961090973,0.375
130,,387.01,969.28,,33762.28138167965,255.68062213044362,
131,,962.16,1063.05,,13171.733220978183,255.5180882702077,
132,,944.24,1010.96,,8335.62114524233,255.15500025177053,
133,,670.05,990.24,,13642.290006871735,254.01224600557887,
134,,395.77,797.74,,18183.487922768632,253.97512403730633,
135,,685.55,1163.53,,25600.907506252788,253.55279580549785,
136,,273.73,1216.59,,11364.624578349429,253.0824914782726,
137,,840.92,910.65,,13387.277070980226,251.9722609225961,
138,,741.1,1234.57,,13780.453772195997,251.92536732286698,
139,,1064.36,1224.58,,8672.12603929437,251.590965328635,
140,,864.27,1018.92,,10971.921741796896,251.3420583877045,
141,,824.36,1092.78,,9312.619241436558,250.93598683061975,
142,,413.35,822.6,,9886.712125622491,250.50143514275442,
143,b5-2(NH3)-(HCOH)(1+),500.69,709.92,ai(6-12)-(H2O)-(HCOH)(1+),24526.526387322185,250.17238604792675,0.694
,a5-2(H2O)(1+),500.69,709.92,ai(6-12)-(H2O)-(HCOH)(1+),24526.526387322185,250.17238604792675,0.721
,b5-(H2O)-(HCOOH)(1+),500.69,709.92,ai(6-12)-(H2O)-(HCOH)(1+),24526.526387322185,250.17238604792675,0.728
,y4(1+),500.69,709.92,bi(4-9)-(NH3)(1+),24526.526387322185,250.17238604792675,0.738
144,,598.61,711.3,,8457.4364067069,249.76284692686727,
145,,954.66,1316.49,,16136.943836822104,249.5225721142323,
146,,327.82,813.88,,8484.351525632193,249.17944836284852,
147,b5-(NH3)-(HCOOH)(1+),502.14,599.24,ai(6-11)-(HCOH)-(HCOH)(1+),9312.720312945476,248.04608948973154,0.13
148,,470.03,678.02,,6488.040476384334,247.3552315065562,
149,,638.06,1235.28,,9188.54525989161,247.037859161523,
150,,239.05,1251.38,,10083.423368415675,245.90824140156408,
151,,777.63,814.2,,16831.312966306745,245.50768827613513,
152,,712.37,1092.2,,7665.959668864535,243.48232214470613,
153,,353.12,1333.76,,13515.982052199932,243.39536841562284,
154,,797.55,1092.43,,9820.626660509566,243.3041276807994,
155,,500.45,1186.6,,7931.635760825396,241.62329981538352,
156,,630.67,1009.88,,8194.880624627842,241.36626499633977,
157,,491.09,1121.08,,13369.854231952922,241.29411733374397,
158,,919.36,1332.37,,15964.064522166986,240.82003757729566,
159,,937.16,1064.32,,12722.399444033135,239.64573576105,
160,ai(6-9)-(NH3)-(HCOH)(1+),386.62,535.6,b5-(HCOH)(1+),8718.883640675753,238.44341651730156,0.581
,bi(5-8)-(HCOH)-(HCOH)(1+),386.62,535.6,y5-2(H2O)(1+),8718.883640675753,238.44341651730156,0.605
,y3(1+),386.62,535.6,b5-(HCOH)(1+),8718.883640675753,238.44341651730156,0.753
161,,684.95,1047.71,,11573.298960512753,238.21020299130686,
162,,1048.87,1251.12,,11965.903183281675,237.52354543024708,
163,,1206.02,1351.85,,13498.542770790476,237.04397953334822,
164,,697.68,1234.73,,27294.936302616334,236.9968013122907,
165,y3-2(H2O)(1+),351.92,573.12,ai(5-10)-(HCOH)(1+),8559.206823970691,236.89431801076344,0.696
166,,728.81,1093.7,,15643.029430818473,236.8301730090246,
167,,508.99,990.82,,21645.532193469742,236.5735865428576,
168,,571.17,1306.61,,11037.428110215013,236.31876639207644,
169,,609.82,796.12,,8478.684525857656,235.52502299403267,
170,,435.98,1017.62,,12788.488253829913,235.21421993668864,
171,,614.07,675.74,,10609.34111823287,235.07533661336313,
172,,669.37,896.46,,8293.033632217617,234.9659290708367,
173,,1017.69,1051.2,,16406.94849044653,234.95679579264404,
174,,1076.21,1251.62,,12064.531428352428,234.77918674806722,
175,,1138.56,1395.7,,7283.240991894832,234.38820473094722,
176,a4-2(NH3)(1+),445.87,684.96,y6(1+),8644.694591410229,234.2493149927899,0.556
,a4-2(NH3)(1+),445.87,684.96,bi(5-11)-(HCOH)-(HCOH)(1+),8644.694591410229,234.2493149927899,0.644
,ai(7-11)-2(H2O)-(HCOH)(1+),445.87,684.96,a6(1+),8644.694591410229,234.2493149927899,0.785
177,,395.37,1223.14,,13437.885640391536,233.6666775901025,
178,,980.64,1018.81,,17250.202555801716,233.55247062355508,
179,,352.32,1138.7,,35042.997174924516,233.37798568175558,
180,,1322.63,1333.99,,13044.732349336024,232.58183798069717,
181,,1165.11,1350.63,,22118.619072076024,232.32961586379605,
182,,894.95,1252.59,,12799.769666256294,232.25788415304808,
183,,572.0,598.64,,17631.979558582614,232.23854361380774,
184,bi(8-10)(1+),298.5,386.96,y3(1+),7059.226696130651,232.05714490493085,0.738
185,,896.41,1226.79,,14213.605132664421,230.9543759685037,
186,,707.02,993.8,,15358.012229711434,229.95111941291933,
187,,571.4,842.47,,23983.512355385687,229.59845464312104,
188,,753.65,1414.41,,16680.698545651045,229.19901026347029,
189,,520.52,1353.06,,14830.21844156491,229.1689334711075,
190,,510.01,935.92,,15639.108695020832,229.04958771957004,
191,,480.3,706.26,,13072.086560836258,228.74838965664773,
192,,954.76,1104.11,,14271.986269928355,228.62702081907665,
193,,272.84,1019.41,,9414.169724794225,228.42754131624025,
194,,1120.39,1413.22,,19010.0655508855,226.95101107405264,
195,,685.24,914.74,,13840.940855730647,226.7648071123618,
196,,524.22,746.06,,12016.519675042886,226.37454696706038,
197,,637.21,1225.54,,12557.771684651492,226.27864432545937,
198,bi(3-4)-2(NH3)-(HCOH)(1+),273.62,951.48,y9-2(H2O)-(HCOH)(1+),14556.296720770066,226.09189366876478,0.426
,ai(3-4)-2(H2O)(1+),273.62,951.48,y9-2(H2O)-(HCOH)(1+),14556.296720770066,226.09189366876478,0.465
,bi(3-4)-(H2O)-(HCOOH)(1+),273.62,951.48,y9-2(H2O)-(HCOH)(1+),14556.296720770066,226.09189366876478,0.465
,y2(1+),273.62,951.48,a9-(HCOOH)(1+),14556.296720770066,226.09189366876478,0.572
199,y2(1+),274.55,412.94,bi(8-11)(1+),9854.62208391821,225.9183752609327,0.769
200,,841.7,1050.94,,4887.41599956529,225.53303345229946,
201,a5-(H2O)-(HCOH)(1+),489.56,711.54,ai(6-12)-(NH3)-(HCOH)(1+),9054.740728995144,224.16004904038135,0.383
,a5-(NH3)-(HCOH)(1+),489.56,711.54,ai(6-12)-(NH3)-(HCOH)(1+),9054.740728995144,224.16004904038135,0.643
202,,678.74,1348.53,,9102.439938548368,223.78482474450811,
203,,369.55,1353.68,,12854.689238665778,223.50111238982726,
204,,1027.81,1252.64,,18910.35849067471,223.43158757348917,
205,,787.66,1225.96,,8814.617185734998,223.16244710204793,
206,,813.67,854.32,,8419.461553250785,223.12079082020526,
207,b4-(H2O)(1+),490.02,698.29,ai(5-11)-(H2O)(1+),7686.9701613498,222.93261736057417,0.197
,a5-(NH3)-(HCOH)(1+),490.02,698.29,ai(6-12)-(HCOH)-(HCOH)(1+),7686.9701613498,222.93261736057417,0.22
208,,686.09,1215.83,,14260.997474842,222.16657518612186,
209,,726.92,840.87,,14401.404413696386,221.88541791604544,
210,,780.75,1352.42,,9265.510234770001,221.78406934728608,
211,,446.1,1138.39,,14034.06264735233,221.63208429305212,
212,,508.18,1218.0,,11905.884508577878,221.50171446627417,
213,,754.41,1315.75,,20361.00190173893,221.24387431577279,
214,,795.16,1251.66,,18070.988437668722,221.21396739988342,
215,,412.84,1334.15,,9349.462917787232,221.1266775735444,
216,,1119.57,1353.93,,10828.688315693396,220.73577897547452,
217,b4(1+),507.76,669.13,ai(5-11)-(NH3)-(HCOH)(1+),23503.35464234308,220.33840035805645,0.501
,a5-(HCOH)(1+),507.76,669.13,bi(6-11)-(H2O)(1+),23503.35464234308,220.33840035805645,0.591
218,,387.71,857.58,,16408.33760641596,220.3271468567203,
219,,571.55,1315.05,,15480.982671721618,220.2757191341889,
220,,488.93,1138.77,,11993.676003891582,220.04238818383905,
221,,686.73,1249.59,,9558.792757249026,219.79228621244621,
222,,631.51,685.77,,16728.623305580215,218.83427964917766,
223,,1026.41,1237.08,,20800.69319840133,218.4072879135178,
224,bi(5-8)-2(NH3)(1+),412.82,570.99,y5(1+),7380.569878375405,218.05010214810343,0.519
225,,412.51,1226.34,,6859.30729703526,217.94109990952774,
226,,1050.65,1349.8,,7572.640783995465,217.93461271864498,
227,ai(6-9)-2(NH3)-(HCOH)(1+),369.77,500.28,y4(1+),16439.407340630165,217.9089235075823,0.625
228,,665.54,713.4,,6476.422741759569,217.5752917285678,
229,y5-2(NH3)(1+),537.12,666.25,a6-(H2O)(1+),7105.595600207008,216.63818304183042,0.222
,y5-2(NH3)(1+),537.12,666.25,b6-(HCOOH)(1+),7105.595600207008,216.63818304183042,0.224
230,y4(1+),500.03,726.31,bi(4-9)(1+),17034.25368012676,216.3548563370214,0.331
231,,652.34,1137.44,,8035.776063441578,216.0852938332747,
232,,632.77,960.68,,5991.199069599533,215.9379785301327,
233,,583.36,1225.52,,10128.400851094017,215.5636054154534,
234,,823.27,1322.29,,9063.849134526223,215.46815663754472,
235,,918.95,1235.43,,9447.069755636252,215.28666569522605,
236,,652.98,1121.03,,13806.236007751644,215.20937139822723,
237,,1120.69,1289.6,,7801.1981679136325,214.23128375793817,
238,,936.91,996.96,,4685.204473674087,214.1947207968073,
239,,881.15,1017.41,,12859.513665229799,213.91716298088144,
240,,754.77,1103.52,,25930.45198793632,213.45035628027918,
241,,992.02,1093.07,,6812.135319682676,212.26161297129983,
242,,686.69,1192.35,,5951.697999353484,211.72428108995655,
243,,918.55,1010.38,,12485.910062275641,211.63305057962566,
244,,1019.3,1175.18,,7598.228936666229,211.63067904433163,
245,,299.19,1123.66,,7203.981200756165,211.48707276533943,
246,,501.42,963.78,,10963.630981239347,211.3139163649038,
247,,1192.01,1251.27,,7873.966663600917,211.08534519561167,
248,,509.45,1316.74,,8844.078947982754,210.86912432857278,
249,,276.46,1349.97,,13255.25541940704,210.17409398279435,
250,,936.32,1104.4,,10398.88568661933,210.1250606139232,
251,,388.72,411.01,,9009.816659126765,209.8671418890911,
252,,937.68,1322.84,,8891.101425906649,209.83763615227608,
253,,334.75,508.22,,7167.344989120072,209.81793602838002,
254,,398.43,1122.64,,5919.19970002014,209.2622267239247,
255,,844.09,1007.58,,8897.463416838209,209.07995882581437,
256,,625.35,1025.77,,8304.594365495708,208.95306726067537,
257,,712.55,920.04,,12936.878032011962,208.57777218460436,
258,,1026.8,1052.93,,7322.361250072556,208.21291162432195,
259,,813.15,1111.75,,14184.783250499646,208.13709879362014,
260,,396.76,754.28,,17187.095328045332,207.96533647598918,
261,,684.59,1028.04,,17131.79979130534,207.8328125578805,
262,,813.21,1314.91,,9964.364827083398,207.7254331494343,
263,,666.95,1233.81,,12231.428715577285,207.68924516145702,
264,,604.55,1226.57,,8604.322338748212,207.58943153910747,
265,,388.03,1203.26,,8945.766891396144,207.48917243795236,
266,,754.01,1147.3,,9611.605483777532,207.16108942154145,
267,,641.27,685.02,,7244.424057511448,207.00551023920985,
268,,1223.13,1350.07,,19722.16100180531,206.94032853522685,
269,,1075.57,1225.79,,10553.75403246282,206.80529825385358,
270,,538.35,812.58,,8221.222272120249,206.77211563268818,
271,,387.05,927.81,,12336.049138837823,206.16442978869784,
272,bi(8-12)(1+),510.53,822.25,b7-(H2O)(1+),8658.903281687,205.87237556248826,0.795
273,,614.33,1334.4,,13722.127362058784,205.77904034133135,
274,,508.31,1412.09,,13014.869300966275,205.05557459818442,
275,,729.36,754.32,,21012.60150693891,204.86184186943146,
276,,879.2,1140.3,,9371.006445382236,204.50780860518162,
277,,713.12,1109.57,,7612.389830384097,204.27282751909868,
278,,813.26,1238.38,,18748.671399547617,204.15800549490362,
279,,519.51,840.1,,12106.617082886518,201.50281244883828,
280,,1017.8,1208.29,,14592.89911229665,201.38220778029265,
281,,459.01,754.04,,9612.966529038966,201.02176485685868,
282,,508.08,632.31,,3376.458259972979,200.7111307222223,
283,,499.85,1216.65,,10473.577670590106,200.52808322748632,
284,,482.4,1225.08,,11685.191428972885,200.22281914306436,
285,,728.73,960.24,,9443.634066066219,199.9294203088074,
286,,291.71,1350.54,,12947.445236762836,199.80713769703357,
287,y2(1+),273.95,535.69,b5-(HCOH)(1+),6429.513699096592,199.64719796854115,0.528
288,y3(1+),387.34,603.83,ai(5-10)(1+),7668.061536417972,198.9000446637686,0.515
289,,838.56,961.72,,11007.912186569476,198.8528025630161,
290,,647.3,1350.84,,8079.211851689148,198.79483803366128,
291,y2(1+),273.59,726.02,bi(5-11)-(H2O)(1+),8477.163347861771,198.79358064760814,0.705
292,,372.79,753.89,,6766.929589614352,197.72535538732163,
293,,388.37,554.09,,12148.867609563862,197.6235460806709,
294,,754.51,909.74,,8985.021062044587,197.41908935583268,
295,,899.35,1017.16,,5626.780333556251,197.3745162383931,
296,,352.02,394.96,,8584.727821358114,197.36678063363635,
297,,526.13,695.68,,7210.486207306291,197.27662038500594,
298,,753.62,880.04,,10501.66753367444,197.19732524957925,
299,,654.27,1009.42,,9226.903132770978,197.08947725247702,
300,,666.9,955.76,,5443.6429917510895,196.97880674147888,
301,,676.56,839.26,,8201.204544698629,196.87596051439823,
302,,1008.3,1215.16,,5241.195604461069,196.56079087493254,
303,,981.03,1227.54,,7237.787888416196,196.54655542611792,
304,,805.13,1333.64,,11009.708252072514,195.99588496768993,
305,,239.0,1139.16,,9950.618647681553,195.90982095159086,
306,,926.38,1349.6,,8517.208818535055,195.82297036304178,
307,,714.7,1353.39,,12951.051777651335,195.5321923742348,
308,,318.0,1138.53,,6064.57230709458,194.941414038519,
309,,610.73,936.92,,5904.207836416828,194.2736990859761,
310,,614.72,1349.76,,14110.42410690979,194.16045411357152,
311,,638.35,1253.47,,5402.04635157622,194.0303086503698,
312,,500.68,1035.44,,11286.399172503936,194.00514238256736,
313,,660.29,1252.28,,10463.88464841383,193.77495711027817,
314,,806.14,1234.46,,7816.654792559151,193.65933398932341,
315,,599.33,739.71,,10899.171434840748,193.62897024699612,
316,,537.79,1007.86,,8581.948514177135,193.60681036657104,
317,,1162.32,1227.36,,6741.3871751326315,193.5555128476921,
318,,1121.14,1146.15,,8772.482923506437,193.4654116151596,
319,,412.22,1008.9,,8256.219272588385,193.41241112248292,
320,,953.61,1234.0,,13754.527081882117,193.18400085054404,
321,,791.68,1352.11,,6621.014923920475,193.07107587105875,
322,,740.28,824.02,,9655.800013618791,193.03228102269418,
323,,387.29,581.88,,10829.554529754472,192.7226186472008,
324,,1224.84,1235.96,,17265.50150565181,191.93214430474765,
325,,813.16,828.52,,9893.294392466896,191.83998982133326,
326,,753.97,942.81,,10641.252384818576,191.53748895768027,
327,,500.33,1052.67,,9419.357604857545,191.53197092012465,
328,,666.65,1008.06,,14838.14823736112,191.11820991241336,
329,,226.04,753.75,,6994.393859156166,191.09551939105145,
330,,536.58,564.96,,4806.209820276937,191.05273492869003,
331,,1138.69,1165.48,,10507.247179227414,190.88181498162078,
332,,1122.18,1305.16,,12171.10448116546,190.47703049961908,
333,,773.45,1251.33,,6607.710417326614,189.96648654336542,
334,,541.66,1351.98,,12926.837673110735,189.71082852972552,
335,,257.45,571.41,,9683.632741655923,189.39566840864086,
336,,510.09,1250.64,,15249.514143165972,189.25780639415046,
337,,378.04,1251.19,,7454.236259903678,189.22220481625087,
338,y3(1+),386.64,682.22,b6-(HCOH)(1+),11766.323195359999,189.19257412603798,0.633
339,y4(1+),500.74,767.29,ai(3-9)-(HCOH)-(HCOH)(1+),7473.421993850475,189.0571489463567,0.381
340,,788.31,1138.7,,5828.824593935516,189.03556734149134,
341,y6-(H2O)-(HN=C=NH)(1+),625.09,745.84,a7-2(H2O)-(HCOH)(1+),5427.690198138108,188.80020450518924,0.571
342,,509.05,1237.5,,13028.680961564669,188.66157033248743,
343,,300.17,1350.34,,22882.42867309279,188.43435301272902,
344,,408.3,1251.51,,10880.430231127819,188.29596480414176,
345,,647.93,936.97,,6359.0915228258245,188.16363423786103,
346,,726.99,1250.77,,9049.088034383996,187.67771208257392,
347,,526.74,1139.19,,20139.76956368067,187.42588220535552,
348,,489.87,1007.98,,8833.87568377614,187.32990436524656,
349,,1351.07,1412.82,,21169.339468783266,187.20733666382966,
350,,1007.57,1336.08,,11283.100903789933,187.0751845019937,
351,,837.53,1104.52,,6449.627752021362,187.03485740677382,
352,,1138.62,1306.44,,11522.69207466202,186.94004565119602,
353,,615.7,954.05,,10883.10544321737,186.7877797010936,
354,,338.45,1334.42,,12418.428554569044,186.1939269326331,
355,,677.51,1333.79,,28201.02165962325,185.957486969122,
356,,677.7,1415.36,,4786.669530260661,185.858457406523,
357,,678.48,1233.69,,22888.865867109067,185.68496595198098,
358,,805.73,1009.1,,9144.26762447567,185.42390943525336,
359,,677.63,756.45,,10142.207014349971,185.2889645894172,
360,,389.07,1008.76,,32752.24509912619,185.15367522000082,
361,,385.89,1016.59,,4938.981209565745,185.1337453984697,
362,,667.15,798.04,,7543.979446908904,184.8212533201735,
363,b4-2(NH3)-(HCOOH)(1+),427.84,813.34,bi(5-12)-(HCOH)(1+),6473.4824805071585,184.57387605361643,0.332
,b4-2(NH3)-(HCOOH)(1+),427.84,813.34,y7(1+),6473.4824805071585,184.57387605361643,0.344
364,y2-(NH3)(1+),256.77,1251.35,b11(1+),8286.932946926781,184.49630930198194,0.463
,y2-(H2O)(1+),256.77,1251.35,b11(1+),8286.932946926781,184.49630930198194,0.641
365,,436.6,1122.11,,8602.931840436697,184.35906297976743,
366,bi(8-11)(1+),412.97,840.21,b7(1+),5664.74560066895,183.8329418084497,0.724
367,,840.8,1411.69,,15318.973725957467,183.52754371092408,
368,,379.43,706.57,,5059.397936134927,183.05804610158836,
369,,386.65,819.92,,5948.019992284785,183.050435409869,
370,,273.66,1316.59,,10443.365613334587,182.75259152614214,
371,,273.25,509.42,,10660.987577835513,182.39015308931866,
372,,519.71,677.51,,11464.623159913175,181.88498110077953,
373,b6(1+),712.62,777.28,y7-2(H2O)(1+),7149.431906667994,181.85086531510325,0.381
374,,273.45,1206.08,,9365.802868123532,181.66880755493693,
375,,293.09,1138.58,,12145.621708190864,181.65888672497272,
376,,990.63,1332.36,,12035.757631923114,181.57234945867586,
377,,395.72,1250.96,,16922.891484533888,181.36554319258724,
378,,484.24,840.36,,6191.3723117992595,181.20842217766113,
379,,273.91,616.87,,3537.243356921519,181.14462103418623,
380,,1102.64,1136.6,,5776.255035330557,181.0440748689002,
381,,408.03,706.38,,10880.554028896533,181.02234100570485,
382,,651.52,1333.54,,5282.505574708953,181.02133260267468,
383,,395.02,1209.96,,8616.133629698435,180.82100308705535,
384,,542.17,572.06,,7231.869992736211,180.6550078785319,
385,,547.37,1120.47,,8316.763160346749,180.56180947430963,
386,,1235.57,1315.97,,7322.534159432966,180.4027630099325,
387,,277.59,813.49,,6814.61074124366,180.24053512992427,
388,,963.86,1209.2,,10132.647671977924,180.18059357913972,
389,y3(1+),387.42,490.01,b4-(H2O)(1+),18209.48751002555,180.16351910835428,0.234
,y3(1+),387.42,490.01,a5-(NH3)-(HCOH)(1+),18209.48751002555,180.16351910835428,0.234
,bi(5-8)-(HCOH)-(HCOH)(1+),387.42,490.01,b4-(H2O)(1+),18209.48751002555,180.16351910835428,0.3
390,,1018.1,1129.48,,8434.651164428258,180.1281654394045,
391,,840.27,1076.02,,8492.324751540562,180.11534898154383,
392,b5-2(H2O)-(HCOH)(1+),499.89,526.37,bi(6-10)-(H2O)-(HCOH)(1+),7369.292978809822,179.8971963219222,0.706
393,,273.63,1180.31,,5774.027736182911,179.54761788542885,
394,,273.54,919.21,,6638.875033506681,179.45670528059816,
395,,337.57,823.71,,8606.84455789673,179.0682209258803,
396,,501.71,938.36,,23693.67832984962,178.86938777952665,
397,,685.03,1323.42,,12325.631156094707,178.7024527633719,
398,,599.69,1333.27,,7842.2086253138295,178.37204051256947,
399,,1026.44,1123.79,,14172.462348289586,178.28667348211223,
400,,599.78,1251.38,,7645.678553551214,178.28262935757968,
401,y2(1+),273.91,654.44,a6-(HCOH)(1+),7306.369673560951,178.20999114966227,0.322
402,,825.08,1237.84,,10142.811288986926,178.13780941487173,
403,,273.96,1111.8,,11297.253726617968,178.0616546383303,
404,ai(3-4)-(H2O)(1+),291.68,1018.08,y9(1+),10805.219156443596,178.04797928358974,0.647
,bi(3-4)-(HCOOH)(1+),291.68,1018.08,y9(1+),10805.219156443596,178.04797928358974,0.647
,bi(3-4)-(NH3)-(HCOH)(1+),291.68,1018.08,y9(1+),10805.219156443596,178.04797928358974,0.796
405,,797.74,823.06,,9395.315523656525,177.7807250259954,
406,,508.33,1356.09,,9481.242718094623,177.67087382571236,
407,,1140.15,1255.06,,11241.440556128933,177.6645871602796,
408,,386.26,726.62,,10561.88839137704,177.65659957800386,
409,,962.02,1162.49,,5478.831357204354,177.4988355493518,
410,,580.62,1349.92,,9036.560880837922,177.4691617949505,
411,,273.23,755.72,,11478.828268956153,177.4201574920769,
412,,1139.49,1225.22,,40243.865868223285,176.98891941084185,
413,,813.3,1064.11,,13701.378160254644,176.95544126597815,
414,,754.2,933.67,,8835.717000581304,176.63309808249957,
415,,500.73,1236.06,,17821.845714761188,176.49603881929153,
416,,1192.51,1225.6,,11583.863798989538,176.39545453081647,
417,,338.4,396.52,,7609.814917307315,176.21404682955549,
418,y2(1+),274.0,1063.2,ai(2-11)-(NH3)-(HCOH)(1+),6865.31207655808,175.95411411956653,0.338
,y2(1+),274.0,1063.2,bi(3-11)-(H2O)(1+),6865.31207655808,175.95411411956653,0.338
,y2(1+),274.0,1063.2,a10-(NH3)-(HCOH)(1+),6865.31207655808,175.95411411956653,0.338
,y2(1+),274.0,1063.2,a10-(H2O)-(HCOH)(1+),6865.31207655808,175.95411411956653,0.725
,y2(1+),274.0,1063.2,bi(2-11)-(HCOOH)-(HCOH)(1+),6865.31207655808,175.95411411956653,0.725
,y2(1+),274.0,1063.2,ai(2-11)-(H2O)-(HCOH)(1+),6865.31207655808,175.95411411956653,0.725
,y2(1+),274.0,1063.2,b10-(HCOOH)-(HCOH)(1+),6865.31207655808,175.95411411956653,0.725
419,,736.2,1252.83,,5708.59022010562,175.82692275314508,
420,,464.42,1121.25,,8213.184055387526,175.76469201347984,
421,,257.37,813.86,,17927.441549559924,175.5786221442765,
422,,480.01,508.15,,8340.962855832344,175.37011919652755,
423,,925.87,1122.63,,11317.032291639165,174.9311985500471,
424,,815.81,1000.64,,5903.315571039841,174.9010681125311,
425,,712.47,1217.45,,11710.5094020204,174.8857006298449,
426,,706.62,1323.04,,9671.208358244065,174.71659096597722,
427,,754.34,1354.52,,21475.959697223363,174.64503212734883,
428,ai(7-10)-(NH3)-(HCOH)(1+),352.43,666.7,b6-(HCOOH)(1+),4438.110037504312,174.6122843902327,0.475
,ai(7-10)-(NH3)-(HCOH)(1+),352.43,666.7,a6-(H2O)(1+),4438.110037504312,174.6122843902327,0.484
,ai(7-10)-(NH3)-(HCOH)(1+),352.43,666.7,a6-(NH3)(1+),4438.110037504312,174.6122843902327,0.618
429,,754.03,968.85,,9906.081296753318,174.59711586545163,
430,,636.87,1139.04,,12606.121850544947,174.18651841738279,
431,a5-(HCOH)(1+),507.69,918.28,y8-(HN=C=NH)(1+),4059.0618788861693,174.01282311281298,0.537
,b4(1+),507.69,918.28,y8-(HN=C=NH)(1+),4059.0618788861693,174.01282311281298,0.572
432,b4-(H2O)(1+),489.82,685.6,y6(1+),13371.817881353809,173.9974053428519,0.403
,a5-(NH3)-(HCOH)(1+),489.82,685.6,y6(1+),13371.817881353809,173.9974053428519,0.403
,a5-(H2O)-(HCOH)(1+),489.82,685.6,y6(1+),13371.817881353809,173.9974053428519,0.64
433,,686.41,938.8,,18722.515136844475,173.91412608502014,
434,,1051.03,1120.64,,5448.15183060453,173.71224329802897,
435,,618.07,713.11,,3238.197967569376,173.61989751017916,
436,,921.14,961.08,,8955.98929954285,173.39977977012612,
437,,843.07,1139.45,,17394.785212892726,173.28746675992954,
438,,999.79,1332.73,,7360.203385169698,172.95448303624894,
439,,670.41,1018.36,,12141.149017109306,172.81568646655236,
440,,745.21,1352.13,,17961.19021734326,172.22409719579994,
441,,486.39,677.58,,8959.209178298815,172.20371729044064,
442,,447.41,707.01,,8413.433329931073,172.2023977220719,
443,,299.92,570.26,,5245.830926094518,172.19534191449642,
444,,571.3,1151.01,,4676.8950539086445,171.80548733103345,
445,y2-(NH3)(1+),256.71,1138.09,bi(2-11)(1+),10541.111811493267,171.72725984780254,0.622
,y2-(NH3)(1+),256.71,1138.09,b10(1+),10541.111811493267,171.72725984780254,0.622
,y2-(H2O)(1+),256.71,1138.09,bi(2-11)(1+),10541.111811493267,171.72725984780254,0.682
,y2-(H2O)(1+),256.71,1138.09,b10(1+),10541.111811493267,171.72725984780254,0.682
446,,837.32,1027.39,,6589.64037252736,171.61330326238698,
447,b5-2(H2O)-(HCOH)(1+),499.08,796.32,y7-(NH3)(1+),5529.1055128163825,171.49759403491373,0.186
448,,1251.57,1323.31,,8506.217609210842,171.2311229483639,
449,,925.27,1018.65,,13240.622227380887,171.1070825784739,
450,ai(6-9)-(NH3)-(HCOH)(1+),386.25,518.27,b5-(NH3)-(HCOH)(1+),4584.65914703149,171.0290780578418,0.106
451,,1162.76,1333.09,,9070.671071840554,171.00740956602453,
452,,572.38,895.5,,10759.388308343843,170.7839515949934,
453,,299.66,1235.09,,7366.9300026764195,170.78134423211122,
454,,912.13,960.42,,9450.677660276182,170.67840516689412,
455,,1017.46,1239.61,,21430.642709699638,170.6348014603551,
456,,388.17,1148.33,,6769.0007682505775,170.50087525018938,
457,y3(1+),386.98,544.89,bi(6-10)-(HCOH)(1+),5644.153059852349,170.4107838170973,0.666
458,,992.77,1351.6,,17230.826531145198,170.4107319080067,
459,,697.28,937.93,,9819.43335016107,170.24501766424856,
460,,433.92,1137.5,,4260.491610538855,170.20032013738572,
461,,813.75,1086.74,,9047.22138655265,170.15834429754284,
462,,523.69,1226.03,,9879.187758998336,170.1481198659531,
463,,742.18,1225.62,,16652.616759467397,170.13157377999963,
464,ai(5-7)-(HCOH)(1+),274.69,667.84,y6-(H2O)(1+),12269.033066372724,169.7912063276157,0.616
,ai(5-7)-(HCOH)(1+),274.69,667.84,y6-(NH3)(1+),12269.033066372724,169.7912063276157,0.732
,y2(1+),274.69,667.84,ai(5-11)-(H2O)-(HCOH)(1+),12269.033066372724,169.7912063276157,0.736
,y2(1+),274.69,667.84,a6-(NH3)(1+),12269.033066372724,169.7912063276157,0.758
465,,1008.76,1029.15,,3612.0790765990214,169.5738758435017,
466,,815.17,991.03,,12277.64016776805,169.46251579360063,
467,,337.13,1235.42,,3930.490650596896,169.1275504839353,
468,,546.33,1008.6,,10565.460245847047,169.08353366466832,
469,bi(8-11)(1+),412.44,745.86,a7-2(H2O)-(HCOH)(1+),5568.552269857608,168.87879862765976,0.494
470,,570.88,745.19,,12889.63062469482,168.4876389021189,
471,y4(1+),500.95,821.83,b7-(H2O)(1+),12806.924441387842,168.34064469003312,0.78
472,,952.58,1137.22,,5308.662757123658,168.31677048211097,
473,,519.83,937.78,,7175.21775150497,168.2033797970133,
474,,1009.76,1110.18,,9009.985638516386,168.03525261004177,
475,,351.95,1103.17,,5538.770834191802,168.01720997499132,
476,,706.32,1313.81,,2996.2348229054533,167.9569025509871,
477,,754.03,779.39,,6742.462495434031,167.8896116795157,
478,,294.07,813.53,,7989.601337538796,167.1468168310809,
479,,666.98,1315.2,,3132.9240495458293,167.03789819298552,
480,,599.04,797.39,,4966.541966730185,166.6884218634189,
481,,754.63,1092.99,,16665.69709118251,166.3921829841731,
482,,639.47,1007.98,,6378.916278553114,166.3471867967657,
483,,912.05,1352.37,,10546.03915173061,166.15910795542135,
484,,667.37,1332.29,,7979.5388690921,166.12144238606461,
485,,1081.05,1138.36,,7454.643527467466,166.1119207426309,
486,,706.72,1348.26,,5538.500617529552,165.75101489653886,
487,,1105.69,1349.23,,5895.683527819473,165.33808226836157,
488,,385.79,572.74,,3321.996269980871,164.98241990587286,
489,,386.93,801.5,,11491.39945102795,164.80788344645592,
490,,721.81,1017.37,,10035.083507674932,164.49218601889808,
491,,486.12,1333.57,,9213.011859464657,164.2273427302661,
492,,274.36,1027.67,,17183.516147710885,164.07759034209136,
493,,481.15,962.45,,5914.582011592191,164.0504440494304,
494,,571.49,990.93,,16865.50422714716,163.89698559489767,
495,,538.34,1250.91,,8557.35561501095,163.7567827541909,
496,,655.77,1351.02,,7338.995891411005,163.50211057932253,
497,,519.51,686.42,,8373.758786330955,163.45269557500907,
498,,960.02,1411.29,,8599.961848590396,162.88757994251193,
499,,857.08,1349.53,,4467.616508877896,162.57923359395002,
500,,677.54,805.48,,11596.867799722031,162.55345699083693,
501,,686.45,1354.41,,13394.663580822778,162.55110899290491,
502,,839.96,1249.92,,6685.702200095846,162.50920380683635,
503,,896.47,1351.11,,13843.255028730451,162.48110058116472,
504,,537.78,1237.38,,4335.9293856919585,162.45376277371602,
505,y3-(NH3)(1+),370.47,745.9,a7-2(H2O)-(HCOH)(1+),7638.50456967042,162.4412233031014,0.474
,y3-(NH3)(1+),370.47,745.9,ai(4-10)-2(H2O)-(HCOH)(1+),7638.50456967042,162.4412233031014,0.602
506,,389.38,705.31,,11276.533277788545,162.20640468770608,
507,,698.64,1110.22,,6664.6384078097,161.92546782478038,
508,,806.34,1017.4,,7604.79804805568,161.91480685456193,
509,,636.25,754.01,,8017.739306622298,161.51605237319842,
510,bi(6-7)(1+),276.49,685.31,y6(1+),5821.394821898368,161.10147644157118,0.383
511,,939.1,1224.58,,6395.998111346507,160.99008508005016,
512,,805.16,937.6,,8990.864682046262,160.84867509602645,
513,,273.7,857.24,,4147.869690402087,160.3873497340161,
514,,520.06,754.58,,10597.842001616615,160.21808882465075,
515,,1017.23,1162.39,,8301.330224925,160.1697308890222,
516,b4(1+),508.72,951.3,y9-2(H2O)-(HCOH)(1+),7893.7342675441005,159.1178254500618,0.577
517,,1322.68,1352.85,,5150.92044738876,159.10670299380396,
518,,507.94,1136.54,,5976.5506532767495,158.58079058175372,
519,,766.18,1331.98,,7475.618706218154,158.37391135851655,
520,,299.68,755.15,,9616.875180978368,158.34553785998457,
521,,754.83,1233.19,,12576.026933511646,158.27363386485692,
522,,386.2,776.96,,4101.413322630415,158.15664410454173,
523,,395.71,936.58,,11657.38235569766,157.79619219865566,
524,,618.86,1008.95,,7541.515052092621,157.59436802119626,
525,,652.65,962.43,,7118.968265728047,157.473632982197,
526,,677.88,879.88,,7104.3959685498,157.18967165346845,
527,,548.44,1017.01,,11610.337689874992,157.07524985973285,
528,,340.1,1141.08,,6276.290657179256,156.73757676138325,
529,,510.73,1120.9,,11116.008101451407,156.39858679765882,
530,,842.46,1019.35,,13011.172002659072,155.24070613826618,
531,,823.37,1024.18,,4026.4823710034834,155.158120228579,
532,,813.31,1048.68,,3483.3381980554263,155.11933778292686,
533,,993.24,1252.09,,7756.866151807314,155.00719586963493,
534,,274.31,525.25,,6112.145197423884,154.6434570420062,
535,,1092.56,1139.4,,8985.126631060424,154.33427001114154,
536,,728.83,1225.19,,12213.2961859925,154.23343409619244,
537,,706.68,1148.46,,7533.536638655017,154.16122203526234,
538,,1093.34,1251.17,,9593.355697943545,153.95022614155175,
539,,387.96,979.91,,8585.804343690093,153.8960534884859,
540,,754.71,819.98,,4113.249688221448,153.51674185200721,
541,,591.28,754.98,,6545.677568784306,153.18285460312134,
542,,1025.24,1163.91,,4447.662716371841,153.16220571275827,
543,,565.17,824.23,,5494.564085916976,153.0206685251743,
544,y2-2(NH3)(1+),239.51,1121.7,b10-(NH3)(1+),7885.469602848643,152.77553640066358,0.655
,y2-2(NH3)(1+),239.51,1121.7,bi(2-11)-(NH3)(1+),7885.469602848643,152.77553640066358,0.655
545,,652.15,694.72,,4229.787189604555,152.38269312780523,
546,,907.04,1137.93,,6474.6070001480375,152.15287876748775,
547,,736.25,1351.2,,7784.233946346032,152.06891570373654,
548,,510.03,841.77,,9053.264219359044,151.73412565198396,
549,,894.73,1120.93,,6819.345489236626,151.56213506286235,
550,,501.61,541.46,,6700.117315516266,151.3893956690902,
551,,936.87,1348.82,,5763.869078336126,151.3250773255348,
552,,982.35,1351.79,,4179.00544287063,151.1755614872977,
553,,962.79,1226.06,,11147.495496506886,150.6018385884895,
554,,548.67,1251.41,,7165.055061384953,150.5713553827553,
555,,498.79,1139.72,,5235.566606641206,150.53990793770123,
556,,1294.97,1352.0,,8615.611555353471,150.30365935867235,
557,,564.16,1008.74,,4445.20626869982,150.13370731984716,
558,,712.89,953.92,,11990.479833083284,150.10878258994873,
559,,728.92,1235.57,,6818.055764454405,150.02167971236165,
560,,754.14,997.65,,8016.272441117158,149.8634390817122,
561,,666.97,1348.82,,4405.745059476057,149.7002285266612,
562,,705.85,1208.98,,4895.210360177621,148.85357606848711,
563,ai(7-9)-(HCOH)(1+),256.0,712.14,b6(1+),3738.7360936052946,148.66275251043913,0.205
,y2-(H2O)(1+),256.0,712.14,b6(1+),3738.7360936052946,148.66275251043913,0.234
564,,274.01,704.95,,6474.786929238776,148.6384758294877,
565,,1093.3,1235.31,,6672.129001957135,148.49355059578184,
566,,1205.34,1251.86,,4078.447795915747,148.48824534214037,
567,,1104.66,1120.39,,12235.469297577723,148.12964233272902,
568,,711.2,1123.61,,8503.85952595844,148.1146517796674,
569,,823.68,1104.74,,6969.440947549516,147.7687248052223,
570,,938.33,961.48,,14260.626963492701,147.74651300754266,
571,,687.41,1413.78,,5838.339560511713,147.71153928809017,
572,,563.88,1349.96,,6044.907672747324,147.55794355777255,
573,,411.66,1120.55,,2361.9438381861464,147.53368302050248,
574,,727.21,822.72,,6391.260464616992,147.10293682946633,
575,,410.58,1138.98,,5918.074494648337,147.04479502305395,
576,,274.39,1141.16,,13964.609352955824,146.99425164053773,
577,,813.64,1154.74,,10424.820596905212,146.97323529649995,
578,,939.4,1335.71,,5450.858292801643,146.60381267968174,
579,,955.27,1332.18,,7388.427370390198,146.55982750329784,
580,y4(1+),500.08,782.03,a7-(HCOH)(1+),5131.076408588714,146.53912070073628,0.418
,y4(1+),500.08,782.03,ai(3-9)-(HCOOH)(1+),5131.076408588714,146.53912070073628,0.763
581,,1147.1,1351.72,,4294.393202367671,146.37219603157598,
582,,499.58,1110.33,,9109.513168851998,146.3687185740296,
583,,686.37,709.96,,12653.883474735725,146.32823421527607,
584,,299.85,508.68,,9484.225280641464,146.27321040720804,
585,,903.56,1121.4,,7101.229418049177,146.2004318551172,
586,,386.1,1226.72,,3372.194535953758,145.9935507431877,
587,,1120.61,1324.8,,5565.592538192707,145.95290292667235,
588,,499.1,1334.42,,6402.941751649814,145.74133786720463,
589,,413.02,685.33,,7587.282536660683,145.40129067275524,
590,,658.99,753.93,,10305.994400830015,145.37823843120705,
591,,663.62,1111.26,,10339.729190276363,145.26690503245362,
592,,949.8,1225.39,,4182.791841194311,145.18998619529114,
593,b6-(H2O)(1+),694.43,746.69,y7-2(H2O)-(HCOH)(1+),10407.416833149386,145.08777031426763,0.784
594,,499.57,1161.92,,3993.8570259842936,144.88838488552352,
595,,755.8,1251.25,,10003.690519891226,144.7573989047495,
596,,961.73,1234.59,,9345.167439637207,144.52580807263817,
597,,538.3,755.07,,10295.848765366269,144.36350078791259,
598,,499.54,949.59,,5078.234112365721,143.8015589175561,
599,,570.9,815.49,,5534.068415529968,143.78500521271377,
600,,339.77,812.57,,5695.1766345998985,143.65703209295364,
601,,275.5,840.61,,6596.309283598629,143.6393663642042,
602,y5(1+),570.94,652.02,b6-(HCOH)-(HCOH)(1+),3932.4479468590266,143.47085911046003,0.515
603,,1122.29,1136.85,,10341.1930331959,143.35423720357267,
604,,410.41,753.79,,3963.868219334305,143.2227044656601,
605,y5(1+),570.7,637.12,bi(4-8)-(H2O)(1+),9027.895188011244,143.1547057351167,0.7
,y5(1+),570.7,637.12,a6-(NH3)-(HCOH)(1+),9027.895188011244,143.1547057351167,0.704
606,,1018.0,1411.94,,8165.846098688576,142.92202638156806,
607,,581.61,753.23,,3491.4802280439353,142.63102971869222,
608,,738.22,1139.04,,4211.161967763516,142.43211905505348,
609,,395.79,1351.79,,14845.547345786077,142.341520779541,
610,,638.42,839.99,,3627.4025245302573,142.30411067813262,
611,,394.73,613.42,,7722.51844778938,142.27312988010337,
612,,394.96,1332.03,,10298.985134686287,142.1506604941764,
613,,669.28,1027.06,,8220.41047164909,141.9785048173362,
614,,669.51,1138.38,,18976.43332494624,141.8665552626214,
615,b5-(NH3)(1+),547.76,711.63,ai(6-12)-(NH3)-(HCOH)(1+),6270.043906677262,141.67733394966925,0.492
,b5-(H2O)(1+),547.76,711.63,ai(6-12)-(NH3)-(HCOH)(1+),6270.043906677262,141.67733394966925,0.583
,ai(7-12)-2(NH3)-(HCOH)(1+),547.76,711.63,b6(1+),6270.043906677262,141.67733394966925,0.793
616,,879.98,1350.88,,9017.333211395362,141.43977530936104,
617,,945.0,1025.53,,5060.758778153845,141.3211428743999,
618,,572.52,767.02,,8394.661923612515,141.18988421225387,
619,,619.15,1018.09,,6085.376491070205,140.98377149160441,
620,,955.02,1007.25,,6353.087798659411,140.92750357349118,
621,,739.94,1120.58,,7122.775396490891,140.745847184732,
622,,504.06,686.36,,9004.184646235883,140.69473089792453,
623,,746.73,1140.54,,9158.152698644668,140.61036805844415,
624,,990.28,1017.01,,13039.237262678138,140.2455253664561,
625,,1024.98,1316.82,,4456.268456811547,140.14980161438328,
626,,436.44,685.38,,4086.4072710275377,139.95724780335053,
627,y3(1+),387.74,766.62,a7-(HCOOH)(1+),4607.786572846031,139.9434750016586,0.542
628,,564.73,753.62,,10151.18518173178,139.57795200054593,
629,,937.4,1252.16,,14432.034095351706,139.5651583459885,
630,,386.63,1414.03,,8036.198266362881,139.29272744937956,
631,,508.36,1094.28,,5798.623695751222,139.20287414975695,
632,,1216.13,1251.56,,5057.209403974318,139.0522453574045,
633,,1063.28,1351.06,,10906.03663531164,138.69036900976928,
634,,340.1,1121.97,,4877.38377702397,138.54693945366895,
635,,694.25,1015.87,,3159.1070852465336,138.5146821547442,
636,,676.14,1224.97,,7169.58366327242,138.04892224804655,
637,,1009.37,1181.54,,4205.912676280896,137.77497923883962,
638,,1235.06,1253.7,,12742.82489657774,137.58029526689424,
639,,502.49,1226.74,,10988.251363117904,137.32142552049922,
640,,677.03,822.2,,8437.54267107501,137.25992586102046,
641,,1016.48,1093.02,,3762.057294032642,137.25761867624306,
642,,507.99,653.76,,6422.490673188499,137.24084827502506,
643,,686.77,959.56,,8525.56317767442,136.87146781255893,
644,,685.95,1180.64,,8114.548478328982,136.8176494966018,
645,,678.8,962.77,,7066.180538252651,136.79090623835268,
646,,816.68,938.39,,6955.276297298126,136.6248339678277,
647,bi(5-9)-(H2O)-(HCOH)(1+),470.05,500.07,y4(1+),5256.935131231372,136.57455553245416,0.336
648,,598.92,1017.75,,7691.00440813583,136.38014415821516,
649,,744.59,1019.77,,5081.362078851632,136.12624808392286,
650,,569.21,685.69,,5933.973942327924,135.7081573391927,
651,,693.59,1124.09,,3820.676518409694,135.30727257334755,
652,,292.39,685.24,,5412.0845044475955,135.26243978124043,
653,,482.66,754.35,,5922.1177254450995,135.13660910628838,
654,,814.44,1324.44,,7405.992903831688,135.08793167757258,
655,ai(5-8)-(H2O)-(HCOH)(1+),370.84,570.94,y5(1+),4002.513684712653,135.07994870013235,0.564
,y3-(NH3)(1+),370.84,570.94,bi(5-10)-(HCOH)-(HCOH)(1+),4002.513684712653,135.07994870013235,0.691
656,,785.41,1121.27,,3815.6069778066253,134.4586413204785,
657,,536.33,1017.51,,5473.687219900457,134.06238426112128,
658,,799.11,813.3,,4808.448950789645,133.44808358690543,
659,ai(6-9)-(NH3)-(HCOH)(1+),386.59,498.88,b5-2(H2O)-(HCOH)(1+),3668.986922466765,133.22736472109793,0.514
,y3(1+),386.59,498.88,b5-2(H2O)-(HCOH)(1+),3668.986922466765,133.22736472109793,0.747
,y3(1+),386.59,498.88,ai(6-10)-(NH3)-(HCOH)(1+),3668.986922466765,133.22736472109793,0.779
660,,500.35,640.72,,4817.819295589473,132.87794486886676,
661,,396.46,746.02,,7600.0783726521195,132.56039373268916,
662,,798.15,1138.87,,10615.642022161368,132.49751367728902,
663,,571.34,614.08,,7959.38856211778,132.3587170266806,
664,,507.14,755.08,,6974.959582631353,132.3273745660759,
665,,839.23,936.61,,3657.862486753581,132.31322980130648,
666,,744.92,938.37,,8775.871654407927,132.0925918298735,
667,,571.67,1015.92,,5614.478521690363,131.96518985903907,
668,,1121.34,1334.81,,12286.757680326225,131.64274270482096,
669,,631.3,1121.05,,9900.207772887989,131.6007843824964,
670,,499.91,1075.35,,5202.2960001863385,131.48149445028855,
671,,387.94,1111.92,,13453.38562595466,131.36442800897157,
672,,452.73,571.26,,3800.8615113713468,131.26830850902974,
673,,960.29,979.67,,3464.22579296278,131.15510818908902,
674,,386.56,1245.53,,3845.5958641101392,130.88003261081013,
675,,352.63,1226.33,,9425.182623967723,130.8059817754994,
676,b5-2(NH3)-(HCOH)(1+),500.74,511.32,y5-(H2O)-(HN=C=NH)(1+),5398.7783214305155,130.76963065071288,0.422
,a5-2(H2O)(1+),500.74,511.32,y5-(H2O)-(HN=C=NH)(1+),5398.7783214305155,130.76963065071288,0.462
,b5-(H2O)-(HCOOH)(1+),500.74,511.32,y5-(H2O)-(HN=C=NH)(1+),5398.7783214305155,130.76963065071288,0.472
677,,726.2,1025.28,,3331.338164913806,130.23527329023372,
678,,1227.08,1322.45,,3448.1575169875605,129.8935153319909,
679,,744.57,1104.39,,3638.0056735580297,129.88572807508373,
680,,319.87,677.72,,4460.492691798617,129.66689713352315,
681,,1225.78,1410.87,,9740.191053293236,129.61909409511148,
682,,669.14,753.65,,12436.503463848796,129.36469754346462,
683,,1016.17,1350.65,,5737.2813907669115,129.0151738714616,
684,,693.43,1026.0,,5612.236909934389,128.1315204011217,
685,,1110.01,1233.53,,3680.765333137925,128.02197537339674,
686,,746.09,815.48,,11994.921445275017,127.99230641867815,
687,,396.03,812.21,,5811.489214064438,127.94048405196533,
688,,962.81,1111.41,,2896.6589314621738,127.60349639832489,
689,,706.63,1224.63,,11816.28935822086,127.56116716651566,
690,,698.65,1351.24,,10953.582404752866,127.51898266176838,
691,,388.39,1038.25,,9188.021945672599,127.09696783414013,
692,,1009.78,1224.6,,8166.9255594433,126.66430193076624,
693,,273.68,962.44,,6450.420770091796,126.13779269272368,
694,,502.07,675.61,,5159.0635091894055,125.77782003148722,
695,,352.37,1024.71,,6389.842774216196,125.77462292638272,
696,,388.49,1305.29,,4386.714635256233,125.6074675684231,
697,,537.8,745.26,,5798.355912972318,125.34330122007948,
698,,1000.99,1226.72,,4747.854064567723,125.31198636143448,
699,,479.5,1251.47,,3682.2870706759827,125.23989177416414,
700,,677.79,1094.05,,6548.216894255335,125.21277389882962,
701,a5-2(NH3)(1+),502.82,694.97,ai(6-12)-2(NH3)-(HCOH)(1+),5572.382040616626,124.7799763479107,0.677
702,,765.7,813.39,,5696.440142491077,124.73185837784753,
703,,238.93,686.88,,2879.135555341601,124.63171682258582,
704,,508.26,1166.76,,3908.8873419364327,124.27919841742899,
705,,905.06,1225.95,,3612.714208983891,124.05071266113532,
706,,1233.88,1333.28,,6891.129187939182,123.9851502899206,
707,,338.08,713.14,,5363.7906758482695,123.96021843624762,
708,,745.66,950.83,,7582.123886896089,123.7935457237215,
709,,613.3,1140.1,,4767.050791906208,123.61139187344732,
710,,386.93,912.77,,6921.17041327898,123.37971312922764,
711,,1105.08,1332.87,,6509.498018107196,123.18394538161199,
712,,1136.91,1352.41,,8914.116011378066,122.92155400013496,
713,,696.08,822.27,,4626.26543396794,122.82902788934733,
714,,1017.27,1028.08,,7672.053384262174,122.78887070252026,
715,,639.36,705.88,,5180.3004164190625,122.7382156458102,
716,,1008.7,1047.87,,2698.4518182388983,122.59775590611555,
717,,612.92,1252.81,,3444.0317543166516,122.19601820094472,
718,,960.67,992.36,,5784.54240548449,122.16691239585695,
719,,697.98,953.94,,3196.9877217389476,121.79227222111729,
720,,685.6,1334.1,,24835.418831161634,121.57301952176367,
721,,813.24,1036.44,,3800.94016343559,121.5275799921373,
722,,239.02,1017.92,,4883.740137578013,121.42480918263004,
723,,1019.12,1105.39,,11618.720276114344,121.01562371764969,
724,,499.94,1316.82,,3707.133871575993,120.95249129770332,
725,,499.07,1352.69,,3405.8134096429017,120.89001050287023,
726,,1064.7,1137.54,,2827.248678344696,120.64044769650323,
727,,598.73,1008.08,,7434.926134493119,120.48719265045321,
728,,685.55,1067.29,,5268.312434358561,120.09106900974122,
729,,709.94,1016.99,,5205.155009896297,119.81329606907512,
730,,919.49,1253.66,,5253.939188818283,119.71582928747553,
731,,613.27,705.82,,2476.606967846567,119.68477717176731,
732,,378.8,686.46,,4563.188339275022,119.63889326462764,
733,,1016.19,1137.57,,3912.936202090574,119.54667835614248,
734,,486.01,1349.98,,6725.828679159125,119.29039501080446,
735,,396.36,1411.92,,4731.212372900509,119.2676633791881,
736,,754.03,1165.46,,6133.138091666148,119.22226109250096,
737,,526.49,570.85,,4051.5916436484804,118.80649958236675,
738,,1138.4,1323.73,,8143.624334707856,118.43505382962624,
739,,614.1,755.65,,6554.247570539137,118.40807220720424,
740,,938.0,1411.0,,3056.521758635603,117.92875934139494,
741,,525.0,1120.74,,2150.320108038175,117.90597784689949,
742,,566.34,1225.46,,5400.906950906062,117.84945506838282,
743,,960.63,1074.85,,3603.6396717814496,117.39847253009914,
744,,369.0,1252.94,,3942.2864893012634,117.25957453073913,
745,,935.81,1137.94,,6422.515253303798,117.11517853156002,
746,,388.42,691.16,,3993.8802444122994,117.04698530191432,
747,,740.78,753.34,,8228.257665773594,116.93824601039918,
748,,256.21,1350.78,,5887.074997404672,116.72347547012963,
749,,570.48,694.31,,6453.79564044184,116.65811825545212,
750,,795.3,1333.76,,7321.668898302569,116.64715846062008,
751,,816.1,1250.51,,4440.961921900394,116.23815886660906,
752,,918.44,1225.21,,2780.0996928771738,116.14066504195888,
753,,706.33,960.2,,9997.530092849478,116.1391830491456,
754,,1008.37,1315.3,,6284.003161714854,116.01487416551909,
755,,1105.12,1224.59,,4242.562055190236,115.6169342354726,
756,,565.42,1332.85,,4382.038467280483,115.4060714103637,
757,,525.57,1018.42,,5912.834011010831,115.02155258253094,
758,,770.93,1138.47,,3495.3359996913086,114.99021366374295,
759,,658.39,1018.32,,3488.4618760203934,114.91782179815918,
760,,619.13,814.95,,6838.328506952986,114.85932276407672,
761,,707.05,823.78,,8266.477509823477,114.63229455518157,
762,,950.8,1353.16,,4634.445279302736,114.5521127021252,
763,a3(1+),272.53,386.59,y3(1+),3789.161640646284,114.51494051669697,0.774
764,,1081.24,1350.52,,2479.7510019304686,114.35026902356043,
765,,547.84,1333.25,,3868.914714648157,114.23341526109789,
766,,507.59,1105.45,,4177.94809404554,114.23119238610975,
767,,879.96,1121.3,,4444.871496418534,114.10360428714175,
768,,598.92,936.16,,2237.219050579913,114.08711403573768,
769,,395.73,1093.39,,3270.362377832805,114.04820335470427,
770,,570.66,1103.05,,6957.866895975628,113.98141375710269,
771,,936.55,1016.82,,6380.388733057837,113.78952037448695,
772,,955.68,1016.52,,5665.2423768443105,113.76610461921246,
773,,570.58,1024.21,,2361.4661259625163,113.71774977347107,
774,,669.65,695.14,,4882.359606706214,113.71506497701719,
775,,239.22,698.7,,3684.815812963575,113.68646945844327,
776,,274.87,745.06,,10047.559817608728,113.15616068072735,
777,,698.08,1224.66,,5091.983190225436,113.14965355484371,
778,,959.61,1024.98,,7010.162748246957,113.04023654195693,
779,,961.87,1252.34,,11083.0072973843,112.9873688095938,
780,,502.42,661.07,,3065.611835029877,112.95444120097567,
781,,1027.33,1104.3,,5478.029364596467,112.71158069911615,
782,,479.64,1121.58,,5471.229876965755,112.55273744273953,
783,,686.25,1100.61,,4068.6474121261826,112.44732261213512,
784,,509.41,712.71,,6513.514151888458,112.22581974958271,
785,,937.02,1095.0,,3587.453438777896,112.19808133567419,
786,,974.63,1138.82,,4270.855150445822,112.16364405920076,
787,a3(1+),272.53,499.94,y4(1+),2562.5420418921726,112.02780851104008,0.56
788,,702.5,1334.2,,4932.196903204662,112.01952133575594,
789,,805.04,1350.38,,7009.25451252649,111.98214928119492,
790,,753.23,1027.67,,6439.042054647361,111.58438309685302,
791,,726.32,1351.8,,7822.931835009375,111.49312842163822,
792,,999.51,1121.34,,4672.950241069425,111.48390766621525,
793,,678.05,1103.27,,6299.5160282628585,111.2478607505675,
794,,338.54,1224.97,,9655.877481459389,111.14673490375166,
795,,898.35,1138.41,,3985.8086440462034,110.81371189265954,
796,b5-2(NH3)-(HCOH)(1+),500.72,926.8,y8-2(NH3)(1+),6876.74825455326,110.5916501142361,0.527
,y4(1+),500.72,926.8,a8(1+),6876.74825455326,110.5916501142361,0.538
,a5-2(H2O)(1+),500.72,926.8,y8-2(NH3)(1+),6876.74825455326,110.5916501142361,0.561
,b5-(H2O)-(HCOOH)(1+),500.72,926.8,y8-2(NH3)(1+),6876.74825455326,110.5916501142361,0.569
797,,815.39,1332.71,,12221.09216592632,110.42457947328484,
798,,565.36,1140.36,,4338.866737907313,110.18658929848165,
799,,339.75,1351.01,,7171.305949662341,110.02971575210931,
800,,711.72,842.29,,6141.40658181349,109.8513883912485,
801,,1121.15,1236.61,,7409.554634409,109.79011164173704,
802,,386.25,1053.07,,3692.1413009842518,109.50444599281548,
803,,728.58,1007.6,,4995.88963699119,109.35785164715054,
804,,1163.99,1237.71,,4246.08414759248,109.0156608169178,
805,,813.28,1012.43,,3409.00319571454,108.98722538505045,
806,,961.03,1348.85,,4144.422444518332,108.738651548071,
807,,378.01,1349.6,,4993.085454632167,108.5912530923195,
808,,387.64,651.55,,5613.949682697766,107.87772924986018,
809,,1093.25,1225.59,,3860.1371035113484,107.731036040393,
810,,745.4,1335.07,,6572.008608248776,107.5037551444318,
811,,712.03,1063.8,,5084.3361764773845,107.38029791962424,
812,,745.53,1252.12,,9512.032739534687,107.2525121428751,
813,,614.47,1224.87,,3036.7353440153825,107.02775057807865,
814,,509.04,1027.09,,6850.794800949991,106.8553591928259,
815,,686.0,975.51,,3057.743060882588,106.67816257390922,
816,,753.89,810.59,,3721.4338784389793,106.48261924906795,
817,,952.55,1120.62,,5045.794681781145,106.30001550932626,
818,,686.7,1011.4,,6261.936436608592,106.06972541097024,
819,,340.31,386.69,,6973.2488497756085,105.98135576839657,
820,,520.31,1250.88,,3490.2715098156955,105.89572874911464,
821,,499.96,619.34,,4875.580632023112,105.81466686621197,
822,,1123.03,1163.64,,3801.092066065131,105.41403562374197,
823,,395.67,907.03,,8674.328013064285,105.30864107978697,
824,,678.46,1122.42,,13826.021602258272,105.26941547850971,
825,,675.9,1009.71,,4581.233225996215,105.2190132279887,
826,,1140.11,1331.85,,5312.688854929752,105.12864683562167,
827,,687.37,898.05,,5706.435629042321,105.03742049411954,
828,,811.53,1138.31,,4958.0229787396665,105.03118764857665,
829,y3(1+),386.84,637.43,a6-(NH3)-(HCOH)(1+),6922.178556624195,104.85994100166474,0.462
830,,351.99,1349.24,,4495.12661607522,104.73345772337426,
831,,909.75,1017.59,,1838.2978442592923,104.32187926598465,
832,,937.26,950.47,,3217.5363866493926,103.47083170859497,
833,,821.59,1119.88,,4612.721779990396,103.18582101533497,
834,,797.4,1026.35,,4924.582973492106,102.75599401618672,
835,a4(1+),479.85,685.98,ai(5-11)-(HCOH)(1+),4687.468960648841,102.62793050549297,0.539
,a4(1+),479.85,685.98,y6(1+),4687.468960648841,102.62793050549297,0.644
836,,1120.79,1216.85,,6675.017462123741,102.24998506484093,
837,,745.57,960.52,,9351.597386037016,101.81995100178547,
838,,695.82,1252.45,,3961.421886732811,101.72894602723751,
839,,600.69,1121.8,,4587.39433137535,101.6228350188077,
840,,1093.62,1350.96,,9427.611136739524,101.54854040470998,
841,,500.37,744.5,,5864.509773861303,101.37707765673488,
842,,1010.79,1122.07,,5605.861214009005,101.3026066170078,
843,,960.59,1123.5,,6817.516244691672,101.30240831110434,
844,,840.3,1352.51,,8076.913123631166,101.28442643384926,
845,,795.23,840.67,,4183.186953814177,100.90522843911806,
846,,1017.68,1337.44,,5295.71253612136,100.90258481015778,
847,,812.48,1206.37,,2276.4125507838207,100.4962685172685,
848,,394.89,919.64,,2189.2610269483507,100.28693145153355,
849,,753.3,837.07,,5384.530821477312,99.65663240696304,
850,,745.72,841.16,,7703.835148999013,99.46042265977955,
851,,697.72,711.85,,4705.581691741501,99.4004140439025,
852,,753.98,919.46,,3851.8365937839176,99.03045920062559,
853,,753.55,1222.21,,4417.150608440519,98.91183319365244,
854,,492.46,754.47,,3317.1713918829687,98.72837628396137,
855,y3(1+),387.39,1064.3,a10-(HCOOH)(1+),7791.562213361662,98.70836618398341,0.242
856,,614.06,841.43,,3491.373266060806,98.57473043422046,
857,,1006.81,1139.35,,5372.09720071986,98.09116702308582,
858,,571.15,1094.04,,2731.514338190831,97.82008302714628,
859,,936.24,1123.42,,2810.5996364752277,97.46607132435182,
860,,822.6,1008.4,,8089.773415464665,97.37876849333092,
861,,1119.54,1226.4,,4694.8992947834095,97.16695355349115,
862,,275.09,1121.71,,4759.9087467455065,96.93895067570193,
863,,1006.58,1350.71,,5147.02276503802,96.79736277061862,
864,,1016.86,1217.02,,3466.0608794142677,96.51327759991288,
865,,450.91,1350.2,,3043.897104393905,96.16080358937128,
866,,753.98,1210.2,,3376.4363796155053,96.00463654927819,
867,,706.24,906.37,,2742.5728759968224,95.9183674467137,
868,,353.74,814.32,,4231.60489448261,95.30510679158172,
869,,337.19,1008.69,,3133.3001307017857,94.93400206270954,
870,,386.25,1215.99,,4217.7383551318535,94.84171367482836,
871,,746.41,1007.46,,5676.693627608483,94.51226446369148,
872,,396.14,684.91,,8482.705465163765,94.49541705135904,
873,,1026.17,1332.92,,9564.737138052644,94.15140006551069,
874,,299.23,1252.77,,2684.5641550240425,94.07565451224079,
875,,394.67,668.71,,2395.664492152437,94.00310160536654,
876,,675.96,936.89,,3494.322519932991,93.71253799626152,
877,,711.22,1007.92,,3936.8800102686696,93.69922415249604,
878,,668.62,1252.75,,3084.5068954113126,93.4219963034442,
879,,564.37,1251.38,,4668.763354720383,93.38671781040345,
880,a4(1+),480.57,571.89,y5(1+),4600.085239122657,93.12111415467,0.622
,a4(1+),480.57,571.89,bi(5-10)-(HCOH)-(HCOH)(1+),4600.085239122657,93.12111415467,0.696
881,,396.21,840.37,,4141.154354252459,92.98869655391259,
882,,388.47,452.74,,3159.468416725708,92.81984124414764,
883,,678.7,746.43,,5774.053103634895,92.77296186319327,
884,y3-2(NH3)(1+),353.42,684.6,a6(1+),1855.9204323443141,92.74135989054939,0.369
885,y3(1+),386.55,665.59,b6-(NH3)-(HCOH)(1+),2130.801926372211,92.72259504398708,0.792
886,ai(5-7)-(HCOH)(1+),275.39,398.23,a4-2(H2O)-(HCOOH)(1+),6002.548988254592,92.71021542089805,0.245
887,,1252.07,1411.93,,4546.850410735934,92.6343465021974,
888,,707.09,753.62,,11387.622440575971,92.56862016375497,
889,,462.24,1349.93,,3382.2710493900013,92.12570373180989,
890,y3(1+),387.69,810.91,ai(4-10)(1+),2537.4712488528844,91.63192532360374,0.623
,y3(1+),387.69,810.91,b7-(HCOH)(1+),2537.4712488528844,91.63192532360374,0.708
891,,694.46,843.07,,4766.460214980677,91.098622965387,
892,y3(1+),387.0,747.46,ai(4-10)-2(NH3)-(HCOH)(1+),5668.4458245764545,90.19535305339473,0.309
893,,726.52,1139.12,,4039.588383805774,90.07195041640772,
894,y3(1+),386.96,791.4,bi(4-10)-(H2O)-(HCOH)(1+),5024.608591431011,89.6751521972735,0.314
895,,396.5,508.42,,2853.032397293709,89.34259408944683,
896,,825.8,1350.28,,3955.118139274722,88.11164059818279,
897,,677.64,706.31,,11116.068025527502,87.61724927961714,
898,,387.7,1161.55,,3261.893278774405,86.79629827589797,
899,,705.94,744.91,,4991.597632057533,86.3391740916135,
900,,840.16,1227.42,,5691.5338110333305,86.05933296615162,
901,,684.88,1224.5,,2483.924235250418,85.72402406813649,
902,,573.83,1138.33,,3970.3089882947224,85.29443940241076,
903,,1026.64,1226.14,,9604.656738803678,85.11317112237604,
904,,707.5,1024.96,,3090.3165258309223,84.8546013270445,
905,,813.57,952.21,,4176.577634836258,84.21985693018648,
906,,1111.72,1139.71,,4469.924462294152,83.52639822727002,
907,,1018.37,1075.93,,2187.3398137465206,83.20236707347546,
908,,728.08,1120.91,,1936.752760241849,82.37915738579615,
909,,571.76,999.99,,2851.618563907425,82.32320470782588,
910,,508.57,1008.47,,8272.152486446244,82.13682496974702,
911,,812.94,838.87,,5120.037676406504,81.89668191197897,
912,,571.73,1064.39,,2252.3396441273912,81.67778972620869,
913,,711.23,1140.42,,2924.8734621115245,81.30717801859022,
914,,813.92,895.39,,4904.13372195259,80.25760933251252,
915,,936.23,1234.94,,3155.6414657530017,78.82489368692475,
916,,813.96,1095.1,,1785.7639553200397,78.76434319654902,
917,,706.28,1233.57,,3014.5136732100186,78.73550983253247,
918,,351.96,755.4,,1916.490240281733,78.58645124045897,
919,,337.94,744.58,,2102.77367287952,78.2411625380202,
920,bi(2-5)-2(H2O)-(HCOH)(1+),386.55,942.9,y8-(H2O)(1+),1811.885744185131,78.04100183716177,0.562
,bi(2-5)-2(H2O)-(HCOH)(1+),386.55,942.9,y8-(NH3)(1+),1811.885744185131,78.04100183716177,0.777
921,,812.51,1120.64,,2833.907152637879,78.03927046978588,
922,,685.6,1238.51,,3529.001973404728,77.34123519859945,
923,,507.58,1334.8,,4000.4987436652423,76.21279742462313,
924,,694.33,1140.79,,6702.582232164973,75.86999208580168,
925,,678.36,1136.57,,1751.8471483177425,75.6970994129076,
926,ai(7-12)-2(NH3)-(HCOH)(1+),547.33,677.93,b6-2(NH3)(1+),3640.013323366316,75.02147807860368,0.31
927,,667.24,1121.23,,3270.403464824258,74.2338247763393,
928,,352.03,1007.69,,2522.954603290044,73.55721760329908,
929,,1252.12,1333.0,,5225.275295088719,73.30667021004408,
930,y2(1+),274.0,1008.95,b9-(NH3)(1+),5440.279659450832,73.26213551432372,0.572
931,,572.0,1236.48,,4436.85498294919,73.25470215241239,
932,,352.76,706.67,,2817.551511296761,72.56701300901334,
933,bi(8-11)-(NH3)(1+),395.03,823.7,b7-(NH3)(1+),1749.0590863868654,72.50551214855702,0.421
934,,745.17,1411.92,,1714.5065403210128,72.01096063282698,
935,,386.98,1323.75,,2747.3597077743075,71.63995607163518,
936,,564.86,1121.32,,3881.143233998354,71.62555952639251,
937,,1138.38,1236.8,,3629.06317593798,71.42983446043692,
938,,711.51,1253.11,,2234.840866932485,71.40023650644106,
939,,1019.31,1250.49,,4566.804866406471,71.02813518495738,
940,,501.44,1065.29,,2167.9304787500873,70.1668718249934,
941,,713.09,1333.37,,4988.740236342468,69.69726917336112,
942,,755.5,1007.59,,1910.6790481797946,69.55322366885405,
943,,684.87,1111.04,,1091.0397773566044,68.30825365353276,
944,,796.6,1008.0,,3377.341708545739,68.28399613825263,
945,,950.38,1251.05,,2466.0047955020073,68.00388264116268,
946,,1226.74,1252.72,,5888.939127663591,67.6877811102333,
947,,1024.9,1141.1,,2449.590485261582,67.11741102140537,
948,,753.51,1016.85,,3738.9958189274716,66.85922242625061,
949,,1093.64,1121.95,,2566.0104554826135,66.77299704476273,
950,,386.18,1024.93,,1657.018692833079,65.91814773339377,
951,,693.92,1332.52,,1952.632744528024,65.3537886612971,
952,,610.68,1017.22,,1685.674095806114,65.10850194934422,
953,,816.8,1352.44,,2098.525523953262,64.46279145131446,
954,,1009.01,1252.41,,4430.031407531288,63.991555155784916,
955,,795.95,937.96,,1380.467113734568,63.8464215734586,
956,,1123.14,1252.15,,2505.499490326223,63.723947110438665,
957,,386.95,1348.55,,2277.934929306805,63.644446316435875,
958,,299.55,712.68,,1529.9498885307398,63.48360146957797,
959,bi(6-9)-2(NH3)-(HCOH)(1+),396.42,499.49,b5-2(H2O)-(HCOH)(1+),1997.2920400917822,63.21752919975617,0.789
960,,677.62,1251.22,,4620.424478580138,62.06747401444136,
961,,840.35,1120.18,,3444.508263279366,61.190257980234065,
962,,1009.74,1020.85,,1553.2550040879016,60.33773874373926,
963,,813.94,920.46,,2085.24878263162,60.32025462782709,
964,,796.37,1120.87,,2246.863477673315,59.48495092615834,
965,,753.97,953.71,,3847.148130777659,59.31340659260701,
966,,824.22,1252.22,,1888.6281199418224,58.513045088919306,
967,,796.25,961.39,,3536.268819902356,58.23703230828276,
968,,572.11,677.18,,2119.0336414805483,57.21076730972643,
969,,387.24,1315.26,,2496.218970120716,56.592193583124676,
970,,727.99,814.09,,1448.838619834412,56.092087450952896,
971,,572.71,1252.08,,2797.4188319435375,53.8939983631673,
972,,754.32,795.25,,1398.702881007443,53.82553816357149,
973,,1235.12,1351.14,,3716.059596007736,53.47515759131747,
974,,706.6,936.51,,2369.4257178197363,53.092758170644494,
975,,1332.32,1351.19,,4597.358940460592,49.81089037154706,
976,,812.87,962.77,,1735.4296622446072,48.2927836364104,
977,b4(1+),507.89,571.15,bi(5-10)-(HCOH)-(HCOH)(1+),1672.342807079649,48.14377455674556,0.344
,b4(1+),507.89,571.15,y5(1+),1672.342807079649,48.14377455674556,0.392
,a5-(HCOH)(1+),507.89,571.15,y5(1+),1672.342807079649,48.14377455674556,0.712
978,,754.86,1333.97,,2637.039177060916,47.31267535785633,
979,,797.17,1017.28,,1819.0676151802006,42.65360064598287,
980,,499.19,1016.58,,977.9031528766924,42.036813016644174,
981,,1018.39,1225.69,,3346.7162173222478,40.56950211792905,
982,,1027.43,1349.89,,911.2249997931149,39.26405685670478,
983,,273.58,1332.67,,2025.6465599783423,38.61489332660912,
984,,1252.06,1350.8,,2172.0059257656403,36.75490081444756,
985,,387.25,481.07,,907.0275897430226,35.472432054872016,
986,,813.26,1228.11,,527.1994638547292,25.79541324743909,
987,,961.84,1139.81,,792.5095276253628,23.22724819606905,
