Index,Interpretation A,m/z A,m/z B,Interpretation B,CorrelationScore,NormalisedScore,Plausibility,MassDeviation
1,y6(1+),580.39,747.43,b8(1+),7861.900274752002,930.3257181290804,0.0,0.136
2,y7(1+),637.39,690.36,b7(1+),30402.834445340537,913.4896043235761,0.0,0.085
3,,527.34,534.38,,3773.5583907609703,704.6901199702986,,
4,y6(1+),580.37,730.35,b8-(NH3)(1+),3527.111515144343,589.6038605787203,0.5,0.092
5,y5(1+),523.26,804.37,b9(1+),5876.543854509679,588.5017197238582,0.0,0.01
6,,580.59,699.38,,2606.7394406026847,587.0606954389746,,
7,y6(1+),580.43,673.04,b7-(NH3)(1+),4653.12749910631,576.4344682160784,2.0,0.309
,y6(1+),580.43,673.04,b7-(H2O)(1+),4653.12749910631,576.4344682160784,2.0,0.735
8,y5-(NH3)(1+),506.09,804.5,b9(1+),4307.454391312118,567.717927190862,0.5,0.192
9,y4-(NH3)(1+),359.11,951.13,b10(1+),5930.232251900054,552.1451372402798,0.5,0.316
,b4-(NH3)(1+),359.11,951.13,y10(1+),5930.232251900054,552.1451372402798,0.5,0.351
10,y6-(NH3)(1+),562.87,747.77,b8(1+),2952.550259797659,546.7233117315874,0.5,0.573
,y6-(H2O)(1+),562.87,747.77,b8(1+),2952.550259797659,546.7233117315874,0.5,0.732
11,,347.81,895.4,,5161.680669372208,526.5937555331518,,
12,,562.31,765.76,,1498.1598123112615,510.516003289211,,
13,b5-(NH3)(1+),446.02,847.45,y9-(NH3)(1+),3945.828749425463,502.2541774498019,1.0,0.153
14,y6(1+),580.57,719.46,a8(1+),3463.1057032584085,500.43807027913897,0.5,0.31
15,,323.13,951.13,,3671.7002784276,492.41581899793556,,
16,,348.05,921.04,,4594.595417247873,492.10776662360945,,
17,y3-(NH3)(1+),301.75,1009.17,b11(1+),2748.287545840562,489.32028669921925,0.5,0.806
,y3-(H2O)(1+),301.75,1009.17,b11(1+),2748.287545840562,489.32028669921925,0.5,0.915
18,,490.22,804.33,,2830.505495407175,477.85237948740803,,
19,,485.61,776.68,,2507.6312100904015,477.2994728106269,,
20,,427.77,833.18,,3184.7486654411678,462.77683996157015,,
21,b5-(H2O)-(NH3)(1+),428.27,847.25,y9-(NH3)(1+),2725.6832829954637,460.33826164535344,1.5,0.202
22,y3-(NH3)(1+),301.89,992.02,b11-(NH3)(1+),1600.8378935482813,458.38734110832604,1.0,0.636
,y3-(H2O)(1+),301.89,992.02,b11-(NH3)(1+),1600.8378935482813,458.38734110832604,1.0,0.932
23,,400.18,833.18,,2017.4577422888824,455.26926211128824,,
24,,533.28,540.6,,2437.5186077180247,452.78482847359237,,
25,,428.1,816.84,,2256.6796907061325,451.56946341626286,,
26,,240.79,1008.62,,1768.7616988807067,434.3667995809197,,
27,a4-(NH3)(1+),330.69,934.52,y10-(NH3)(1+),3836.4610944312453,430.1439027450381,1.5,0.455
,a4-(H2O)(1+),330.69,934.52,y10-(NH3)(1+),3836.4610944312453,430.1439027450381,1.5,0.545
28,b3(1+),228.71,934.85,y10-(NH3)(1+),2566.198711588888,422.121825077324,2.0,0.552
29,,446.11,833.6,,3534.9787360290284,420.87317445920047,,
30,b6-(NH3)(1+),503.15,637.6,y7(1+),11282.808133388557,415.93197207695897,2.0,0.293
31,,523.15,755.7,,1686.3275070723605,415.6336527472002,,
32,y2-(H2O)-(NH3)(1+),226.8,1065.78,b12(1+),1399.2444440402674,415.15954730751713,1.0,0.424
33,a5-(NH3)(1+),418.1,847.79,y9-(NH3)(1+),2072.6994585645534,408.80266540549377,1.5,0.377
34,,523.25,773.13,,1711.2576053086043,393.89179252459695,,
35,,620.15,691.33,,5084.211418576998,392.80772198373273,,
36,b3(1+),228.66,891.57,y10-(H2O)-(HN=C=NH)(1+),2156.0807881357314,392.6897900413495,2.5,0.449
37,,463.4,833.1,,2557.1499456357888,391.02713829047445,,
38,y4-(H2O)-(NH3)(1+),341.21,951.14,b10(1+),2722.4017130448096,388.71159374952197,1.0,0.304
,b4-(H2O)-(NH3)(1+),341.21,951.14,y10(1+),2722.4017130448096,388.71159374952197,1.0,0.352
39,,418.01,833.67,,1773.7490360957438,386.71161798792133,,
40,,297.46,952.06,,2159.8811724078523,383.24768397332105,,
41,a4-(NH3)(1+),330.79,891.45,y10-(H2O)-(HN=C=NH)(1+),2120.171381969744,382.75064716659307,2.0,0.35
,a4-(H2O)(1+),330.79,891.45,y10-(H2O)-(HN=C=NH)(1+),2120.171381969744,382.75064716659307,2.0,0.64
42,,348.45,877.52,,2711.820872523874,373.5650584748937,,
43,,635.64,842.71,,2166.727706920308,371.5955716548435,,
44,,331.37,920.56,,3692.4980175475707,366.06935640798605,,
45,a5-(H2O)-(NH3)(1+),400.54,847.08,y9-(NH3)(1+),1649.246837035429,365.4014924327899,2.0,0.51
,a5-(H2O)-(NH3)(1+),400.54,847.08,y9-(H2O)(1+),1649.246837035429,365.4014924327899,2.0,0.753
46,b6-(H2O)-(NH3)(1+),485.31,637.07,y7(1+),6552.639471540436,364.4562477992223,2.5,0.273
47,,376.09,903.38,,1647.1396600767787,362.92838027054574,,
48,,266.61,618.7,,2203.4687925942076,361.20690544616104,,
49,,576.69,816.92,,1665.3465077818885,346.8202535635878,,
50,,376.36,921.76,,2637.691869585186,346.16278138804097,,
51,,1038.58,1153.12,,2103.741511621175,345.6864637466613,,
52,,387.85,637.35,,4841.364819539116,345.65416940550983,,
53,y5(1+),523.32,731.09,b8-(NH3)(1+),1411.51094171256,345.3546241722626,2.0,0.762
54,b5-(H2O)(1+),445.39,790.42,y8-(NH3)(1+),2545.57301592537,342.59419824183163,2.5,0.211
,b5-(NH3)(1+),445.39,790.42,y8-(NH3)(1+),2545.57301592537,342.59419824183163,2.5,0.78
55,,359.27,816.74,,1812.9919735587207,340.2166917823106,,
56,,244.94,1049.62,,1371.7823464227254,339.7161150233357,,
57,,627.34,1122.71,,4279.076910989946,338.3294225851166,,
58,b4(1+),375.63,891.75,y10-(H2O)-(HN=C=NH)(1+),2301.3968847650763,335.2919153397149,1.0,0.614
,b4(1+),375.63,891.75,y10-(NH3)-(HN=C=NH)(1+),2301.3968847650763,335.2919153397149,1.0,0.862
,b4(1+),375.63,891.75,x9(1+),2301.3968847650763,335.2919153397149,3.5,0.87
59,,562.32,699.35,,1386.2197832798277,334.95265590265467,,
60,a4(1+),347.77,934.14,y10-(NH3)(1+),3424.7535526605925,333.872357466307,1.0,0.498
,a4(1+),347.77,934.14,y10-(H2O)(1+),3424.7535526605925,333.872357466307,1.0,0.775
,x3(1+),347.77,934.14,b10-(NH3)(1+),3424.7535526605925,333.872357466307,4.0,0.662
,x3(1+),347.77,934.14,b10-(H2O)(1+),3424.7535526605925,333.872357466307,4.0,0.93
61,,601.88,635.55,,7556.398056081523,331.3254350035447,,
62,y3(1+),318.85,1008.58,b11(1+),1511.5004892041738,329.36068756263217,0.0,0.338
63,y4(1+),376.06,934.23,b10-(NH3)(1+),3497.7485071086467,327.26953963816266,0.5,0.23
,b4(1+),376.06,934.23,y10-(NH3)(1+),3497.7485071086467,327.26953963816266,0.5,0.242
,b4(1+),376.06,934.23,y10-(H2O)(1+),3497.7485071086467,327.26953963816266,0.5,0.767
64,,375.59,696.4,,1083.710985593347,326.5665487012303,,
65,,314.01,952.23,,1705.5069654786055,324.6886783473632,,
66,a5-(NH3)(1+),418.21,804.28,y9-(H2O)-(HN=C=NH)(1+),1266.1900864783615,324.14811840038084,2.0,0.136
67,,382.84,833.5,,1054.2577822555197,320.99317762036634,,
68,,502.79,776.03,,1490.6286068202005,320.02200928737744,,
69,y4(1+),376.27,951.38,b10(1+),2956.0049935676184,319.32808339951606,0.0,0.1
,b4(1+),376.27,951.38,y10(1+),2956.0049935676184,319.32808339951606,0.0,0.149
70,,467.78,575.54,,2038.2134903622607,318.3804214426889,,
71,,228.68,625.97,,2950.5130168729606,315.71917625262716,,
72,,485.26,733.54,,631.9401323324498,315.50219305461366,,
73,,505.13,822.35,,1246.5425300539046,313.52188405732073,,
74,,607.46,1123.0,,2579.481857773109,310.5369238819703,,
75,a5-(H2O)-(NH3)(1+),399.93,804.58,y9-(H2O)-(HN=C=NH)(1+),1243.9681346947773,309.8495081933979,2.5,0.286
76,,285.74,359.35,,1375.9471765453004,308.26413291124027,,
77,,576.77,692.14,,1864.2218401291705,306.30135223767746,,
78,b6(1+),520.06,565.74,x6-(HN=C=NH)(1+),1267.8781790162614,306.13998644448793,4.0,0.544
79,,365.9,618.43,,1462.0076390166973,305.6644598979202,,
80,,655.39,1296.31,,1911.7369333979314,305.61724777531,,
81,,446.0,591.91,,2030.7984158654983,305.1183297130504,,
82,b6-(H2O)-(NH3)(1+),485.35,790.33,y8-(NH3)(1+),1329.4387325009318,303.66369093827177,1.5,0.184
83,,214.94,640.67,,2913.524885690115,303.49471154984684,,
84,y7-(H2O)(1+),618.99,673.79,b7-(NH3)(1+),1993.1425315428592,300.75708137186825,1.0,0.571
85,,318.67,855.94,,724.9336195143724,299.9413345864859,,
86,,446.06,484.21,,1397.0370377285235,299.8302991020622,,
87,,638.98,974.38,,2314.9588371768527,299.21037975194986,,
88,,917.54,1154.14,,1274.4263523951972,298.8174806654437,,
89,,408.94,635.54,,2980.071768992695,297.5648258007056,,
90,,485.82,534.45,,1646.534833137436,294.4558694964674,,
91,,400.06,673.18,,833.4048350934975,293.42832078865814,,
92,x4(1+),403.98,428.59,b5-(H2O)-(NH3)(1+),1596.3856732399677,293.2147441478824,4.5,0.479
93,,314.62,1170.74,,1295.4299580851646,292.729176988465,,
94,,394.94,568.67,,1356.591711298916,291.2935131478066,,
95,,523.48,1067.07,,2140.124423263978,291.2046079615624,,
96,,491.04,891.59,,1224.64770993901,290.56730423238696,,
97,b5(1+),462.73,847.12,y9-(NH3)(1+),1769.2213604059925,290.1848457609623,0.5,0.549
,b5(1+),462.73,847.12,y9-(H2O)(1+),1769.2213604059925,290.1848457609623,0.5,0.829
98,,796.46,1065.14,,636.4445719569998,289.7762360930237,,
99,,347.97,424.12,,1237.256410393159,289.59353273295307,,
100,,361.78,847.47,,866.8875178105188,289.09738268398246,,
101,,240.61,606.89,,1208.7155717431676,289.0411699832754,,
102,,485.37,690.69,,2192.8966795360016,288.8125057619902,,
103,,615.57,919.24,,1343.6582378180776,287.02986002629814,,
104,b6(1+),519.59,790.43,y8-(NH3)(1+),1099.358644547213,284.3915735545594,0.5,0.631
105,,585.41,598.23,,1756.0029865522818,283.92690198474446,,
106,,585.59,804.36,,1363.8061782439195,283.3180042488024,,
107,,847.33,991.8,,825.5229052533184,282.80875473268526,,
108,,614.9,731.31,,1588.4244793732632,282.31998671739683,,
109,,580.33,963.16,,1265.8863892926645,282.122471286445,,
110,,903.14,1171.24,,1702.3805500111491,280.5750071136875,,
111,,473.12,635.66,,4073.0698085684985,280.01364796977805,,
112,,404.64,541.5,,2370.669258990977,280.01239321429813,,
113,y3-(NH3)(1+),302.23,934.72,b10-(NH3)(1+),1772.6525081225996,278.9829099677469,2.5,0.31
114,,734.39,847.44,,1059.7248354899743,278.4930950302291,,
115,,1065.64,1123.66,,733.3537467996185,277.52492885517654,,
116,,627.12,1136.53,,3240.0159840747497,276.9680955590101,,
117,,587.44,891.28,,806.0427322577806,276.6075146750609,,
118,,319.89,1153.76,,2153.1265806364586,275.2392565919359,,
119,,488.2,606.8,,2355.405059927834,275.0515457985842,,
120,,433.66,491.27,,1444.6364927361212,274.1322605863393,,
121,,399.42,1065.59,,1039.480387732382,274.117887682752,,
122,a4(1+),347.6,806.13,y9-(NH3)-(HN=C=NH)(1+),1599.1781477068325,273.2603005964176,3.0,0.92
123,,598.98,795.18,,1587.1125992660898,272.857602553794,,
124,,618.47,751.37,,1316.0509454840692,272.7522667200834,,
125,,502.72,1009.43,,1595.242500639349,271.1379905242692,,
126,,414.99,951.07,,1084.7349773393025,270.3536544535213,,
127,,626.96,924.23,,3159.602691515896,270.138804564098,,
128,,1008.24,1082.71,,1238.2254905184695,270.03019728884607,,
129,,550.63,993.11,,1077.0888176182957,270.01308441047905,,
130,,598.54,1095.38,,1427.2037157288426,269.840758512504,,
131,,532.35,748.63,,848.9505698384208,268.600570213728,,
132,y3(1+),318.77,916.84,b10-(H2O)-(NH3)(1+),854.8266639042394,268.52721746168294,2.5,0.587
133,,318.1,691.04,,1595.949064100809,268.0866756546364,,
134,,395.3,518.91,,1117.4679821016862,267.98784494101596,,
135,,228.8,920.31,,1129.6455616847863,267.9677370074033,,
136,b5-(H2O)-(NH3)(1+),428.31,790.36,y8-(NH3)(1+),1143.0296528528493,267.198695643141,3.0,0.155
,b5-(H2O)-(NH3)(1+),428.31,790.36,z8(1+),1143.0296528528493,267.198695643141,4.5,0.155
137,,399.92,691.34,,1073.10965922849,267.07684068201513,,
138,,598.87,1117.02,,1378.575514065894,266.93066144568036,,
139,,580.88,614.74,,2546.189918731107,266.7963725938567,,
140,,506.76,934.94,,1721.2394544975903,266.77591526840513,,
141,,320.37,459.02,,1095.7813885953872,265.62139656319926,,
142,,302.01,615.11,,1522.3697933954468,264.77996821401945,,
143,,445.4,1049.25,,1163.1527372594974,264.70269110678413,,
144,,654.85,1024.58,,2601.4904391585637,264.4915307112746,,
145,,401.01,476.05,,1468.5742704083966,264.32008916710464,,
146,,567.89,614.32,,1628.0520381579997,264.26626779688166,,
147,,382.71,847.31,,749.1091169405234,263.99948829784535,,
148,,563.98,1134.18,,1501.552238828768,263.4055976774336,,
149,,284.96,1009.33,,940.7778659525045,263.1883584894527,,
150,,358.87,1081.9,,1170.4802483207347,263.13205138038467,,
151,,568.65,923.68,,1438.035646177314,262.6551065637554,,
152,,545.29,1009.19,,1300.2500240690208,262.6384663483038,,
153,,607.07,838.35,,1205.812247697117,261.389078570073,,
154,,691.4,990.86,,982.0594809751967,261.01039578217865,,
155,,607.12,901.74,,1097.5343000835653,260.9688149557642,,
156,,403.73,756.77,,1032.0189447133912,260.8850585311076,,
157,,751.68,791.03,,1005.048583333817,260.4962287997786,,
158,,876.98,1170.45,,1809.3589454059127,260.46804270442937,,
159,,445.43,535.3,,1212.8529054530402,260.078542423428,,
160,,626.33,717.25,,1426.773214361314,258.7088083785095,,
161,,359.28,1134.44,,1554.5731931605803,258.29552700262843,,
162,y4-(H2O)(1+),358.58,502.91,b6-(NH3)(1+),1405.745043325081,258.030441022557,2.5,0.488
,y4-(NH3)(1+),358.58,502.91,b6-(NH3)(1+),1405.745043325081,258.030441022557,2.5,0.653
,y4-(H2O)(1+),358.58,502.91,b6-(H2O)(1+),1405.745043325081,258.030441022557,2.5,0.815
,y4-(NH3)(1+),358.58,502.91,b6-(H2O)(1+),1405.745043325081,258.030441022557,2.5,0.923
163,,297.85,690.71,,1234.4121146788448,256.8226625761941,,
164,,576.64,805.73,,1499.9166197788402,256.54082457716294,,
165,,891.99,1084.48,,885.7555226850295,255.5839749518326,,
166,b5-(H2O)-(NH3)(1+),427.64,804.54,y9-(H2O)-(HN=C=NH)(1+),1109.2779009391238,255.52643521079585,2.0,0.536
167,y2(1+),261.38,1065.2,b12(1+),725.8552597182171,254.74361612832888,0.0,0.823
168,,515.81,691.17,,1162.8751332185611,254.63534714251526,,
169,,567.84,1125.32,,1362.552087618132,254.44246717638777,,
170,,545.44,920.09,,1251.0729107268362,254.3306818972788,,
171,,501.54,606.71,,1856.1669726137434,253.84111107253847,,
172,,358.98,935.69,,2114.6317948917776,253.46649832487324,,
173,,934.76,1050.66,,1151.3307443684655,253.17117430674492,,
174,,528.33,934.75,,1532.3837936451018,253.09388406497285,,
175,,1082.37,1170.88,,1653.5382339009343,252.7115572107952,,
176,,606.78,1170.0,,2532.0296524055116,252.57785682690115,,
177,,524.51,825.45,,726.2172227382588,252.21931449678263,,
178,,545.26,639.03,,2713.371953560739,251.52790370788549,,
179,,569.63,1170.68,,2078.8576417075824,251.42909806000213,,
180,,467.13,809.27,,1227.6502657652861,250.96699940407035,,
181,,643.03,1152.99,,3509.911856070064,250.79802085192046,,
182,,346.92,1085.19,,534.3481996543009,250.5335311997976,,
183,,864.03,935.96,,710.6468830028243,250.25195869710478,,
184,,300.96,921.12,,1181.0136073559993,249.4180503280775,,
185,,347.17,1065.08,,1739.5358247538707,249.35511497892185,,
186,,535.41,689.83,,1022.8336172113542,249.01196070055474,,
187,,504.97,510.62,,1529.97531870427,248.5641277039492,,
188,,467.05,934.02,,1783.1399290061725,248.44159779348,,
189,,627.77,763.33,,1227.3610044216364,247.72969529610617,,
190,,467.74,522.75,,2671.684191750566,247.3210275481791,,
191,,227.77,648.88,,3838.850688492192,247.13291277469912,,
192,,646.71,806.53,,5286.517176524171,246.70336389749053,,
193,,376.43,1153.69,,2541.5773220340557,246.5884186607781,,
194,,320.76,617.36,,1566.4040794971768,246.1446441148435,,
195,,621.14,796.33,,861.6785467458724,245.26932300872588,,
196,,432.78,516.64,,1754.8545476289617,244.53507000126874,,
197,,589.59,925.11,,1114.4444928395437,243.8215656768344,,
198,,512.9,581.4,,1045.6070796373544,243.07846108266062,,
199,,485.29,524.6,,1327.9923091102903,242.8575556661985,,
200,a5-(H2O)-(NH3)(1+),400.48,790.31,y8-(NH3)(1+),854.1673188581422,242.81889994929378,3.5,0.332
,a5-(H2O)-(NH3)(1+),400.48,790.31,z8(1+),854.1673188581422,242.81889994929378,5.0,0.332
201,,1081.88,1134.98,,1068.8845600901445,242.66772940683353,,
202,,547.89,646.97,,3231.908515060743,242.58089361768722,,
203,,290.32,618.1,,1874.8004175256303,242.5320759707213,,
204,y2-(NH3)(1+),244.78,1065.24,b12(1+),681.3967185644866,242.20732190569674,0.5,0.43
,y2-(H2O)(1+),244.78,1065.24,b12(1+),681.3967185644866,242.20732190569674,0.5,0.687
205,,325.08,598.52,,982.2972131598198,241.58691430005612,,
206,,385.95,606.5,,1053.8836403664245,241.50560213102867,,
207,,439.62,611.02,,797.8350120192193,241.22029744338744,,
208,,376.07,395.94,,1849.8478538776556,241.1947321480848,,
209,,301.62,587.13,,1043.7269982949315,240.90794781384372,,
210,,316.62,607.32,,1244.263103341762,240.41396015425917,,
211,,261.27,625.58,,875.689388210777,240.06483166560193,,
212,,284.85,395.95,,771.4411525605535,239.24769826082323,,
213,,510.3,630.38,,1140.9900322619603,238.49449720002826,,
214,,608.05,1009.45,,1372.032527454456,238.2374670692051,,
215,,386.29,522.93,,955.4623426840986,238.220377266793,,
216,,389.05,690.37,,909.8047396902756,238.16691520830764,,
217,,375.74,878.09,,1309.442963025339,237.8797625818884,,
218,,228.28,614.96,,1190.9199580501129,237.42716867682847,,
219,,993.73,1152.3,,706.9932154775399,237.23866382620872,,
220,,607.0,808.54,,1340.10544970163,236.70859882471808,,
221,,463.07,539.31,,967.8610537229088,236.1184606966946,,
222,,708.64,1152.65,,1362.2752739114712,235.94086372327908,,
223,,375.93,406.16,,873.6692359814338,235.23116206053166,,
224,,540.88,604.29,,1388.91491534282,233.9830894068493,,
225,,523.51,589.32,,1543.0179382650952,233.71554730061138,,
226,,607.52,787.61,,1156.089787151443,233.45311943564994,,
227,,433.36,534.01,,1103.276213942728,232.96530809383802,,
228,,635.67,1098.13,,1063.6954334347345,232.92350881274274,,
229,,475.68,550.44,,1852.2531534716131,232.5887699955175,,
230,,607.33,974.89,,892.0678974469595,231.99843800908124,,
231,,450.94,626.78,,754.9713732639642,231.98175687123208,,
232,,550.62,605.15,,2402.817619255506,231.56341772067992,,
233,,627.33,1168.52,,832.0629830611143,231.5247004936555,,
234,,315.96,635.64,,2157.4221918539124,231.2898968398113,,
235,,747.36,922.45,,546.1446640259983,231.20957340556953,,
236,,690.35,923.61,,957.2405997238305,230.63031695948624,,
237,,694.7,891.2,,516.8834724829406,230.57287357381784,,
238,,877.58,920.81,,1356.8280700139085,230.33039220319046,,
239,,233.57,598.37,,735.2433255363534,230.2388297981349,,
240,,534.2,609.64,,1286.5761795549292,230.1588633168527,,
241,,537.05,646.24,,2262.8138905651954,229.80481476113215,,
242,,627.42,681.0,,847.0681341450581,229.77602733555435,,
243,,359.02,613.88,,1606.7310589417962,229.69263892017494,,
244,,619.23,902.6,,1258.8396833776674,229.5919000373534,,
245,,504.24,1152.76,,1768.3366697235044,229.14844711533104,,
246,,580.44,1169.97,,2822.5307380887507,229.13563694581498,,
247,,261.61,636.7,,2381.246710977973,228.7123978511909,,
248,,432.45,569.61,,1188.370481525751,228.6484625477474,,
249,,475.6,618.0,,1506.5621941530726,228.17403503573271,,
250,,527.73,1154.51,,709.1241332943003,228.0834312929866,,
251,,358.99,397.78,,635.0351903773324,227.83324930132542,,
252,,316.12,935.45,,790.8563278660712,227.788481356358,,
253,,201.96,638.05,,942.4595321114692,227.68023190127803,,
254,,330.93,1154.52,,850.8490749768223,227.16752345114656,,
255,,628.05,981.12,,870.0309593135468,226.90767556512307,,
256,,433.04,1154.41,,1337.1385650264865,226.55761399483404,,
257,,519.88,606.65,,1673.333632909104,226.4042230083377,,
258,,620.26,964.17,,1249.0533712253728,226.33969912081648,,
259,,541.67,581.25,,1795.4002229629527,225.68646867821974,,
260,,473.57,626.54,,2012.662795894473,225.61484590781882,,
261,,262.06,346.7,,572.5167068518241,225.19109840417133,,
262,,589.27,790.37,,1200.260757050895,224.74135879267402,,
263,,348.27,589.72,,1230.538354175195,224.72108656671153,,
264,,587.68,951.34,,1148.1990509963548,224.65334490465008,,
265,,597.77,610.29,,2195.780958453652,224.6386858232396,,
266,,424.1,466.93,,771.7984487918701,224.56999486236487,,
267,,432.21,589.62,,1000.5354374215395,224.52607518838374,,
268,,359.09,924.49,,656.378232986079,224.21785870835802,,
269,,894.29,1170.46,,1019.8295199169412,224.20465226996754,,
270,,654.49,1252.99,,1038.8700941879,223.57652333042364,,
271,,569.04,833.56,,1307.8747660448375,222.57717500136175,,
272,,371.22,550.0,,1179.326324315716,222.51920998881275,,
273,,568.98,951.8,,1836.1909503026225,222.49084171354556,,
274,,626.46,1030.44,,886.9744972320557,222.17257906501672,,
275,,673.29,832.84,,547.2602675315276,221.99037165568242,,
276,,804.41,1153.05,,1704.846702205697,220.73466942040352,,
277,,422.7,594.45,,768.1598920831769,220.7012877351868,,
278,,805.33,953.13,,1130.783891114569,220.51288374019327,,
279,,648.39,903.71,,2850.4484452419147,220.4920443819178,,
280,,656.46,1047.94,,2439.2604620108427,219.8729142373374,,
281,,375.64,455.05,,843.2514243697599,219.4329935235032,,
282,,402.31,656.79,,2280.338312775043,219.3633747446177,,
283,,545.64,952.86,,892.8160545864616,219.22947686292324,,
284,a4(1+),348.03,847.71,y9-(NH3)(1+),1447.4765309711374,218.7633438793093,2.5,0.318
285,,568.36,1084.02,,944.8799357732456,218.70797950299087,,
286,,432.79,1026.63,,952.9283016494406,218.59317195818164,,
287,,598.6,787.15,,1302.4899007323174,218.15728436940836,,
288,,395.38,935.67,,1615.5346717237765,218.05511392083574,,
289,,460.96,628.81,,934.4456681468215,218.03405151785608,,
290,,433.56,580.72,,1830.510281394079,217.89270291286206,,
291,y7(1+),637.76,673.42,b7-(NH3)(1+),2629.54599024694,217.89153699813266,0.5,0.463
292,x6(1+),608.75,747.49,b8(1+),1254.7601390642683,217.75928383600223,2.0,0.49
293,b5-(H2O)-(NH3)(1+),428.44,619.02,y7-(H2O)(1+),2022.6742676385436,217.5912284683988,3.0,0.396
294,,549.93,559.47,,1962.278365929709,217.42247671676375,,
295,,270.19,636.8,,2091.217894136914,217.3446292199532,,
296,y4-(NH3)(1+),359.12,776.71,a9(1+),813.4729174815628,216.92423034534414,2.5,0.334
297,y4-(NH3)(1+),358.68,729.85,b8-(NH3)(1+),546.1558031633621,216.91936147704845,2.5,0.686
,y4-(H2O)(1+),358.68,729.85,b8-(NH3)(1+),546.1558031633621,216.91936147704845,2.5,0.693
,y4-(NH3)(1+),358.68,729.85,b8-(H2O)(1+),546.1558031633621,216.91936147704845,2.5,0.707
,y4-(H2O)(1+),358.68,729.85,b8-(H2O)(1+),546.1558031633621,216.91936147704845,2.5,0.714
298,,654.79,973.23,,1612.805851650396,216.30018875554876,,
299,,776.92,1152.3,,844.6385483323722,216.11374549284298,,
300,,549.49,847.55,,1790.4954506822646,215.85828993172228,,
301,,637.58,776.67,,2137.5717006722994,215.84849046743216,,
302,,430.49,934.79,,1285.681108933904,215.73080067084723,,
303,,1117.17,1152.47,,711.72353274224,215.59626722309008,,
304,,220.48,395.66,,833.9872319125615,215.38559757448655,,
305,,639.68,994.22,,1637.6739802512193,215.35086948490274,,
306,,747.88,1171.74,,1051.3282204293025,215.15946713610717,,
307,,284.57,580.01,,970.6503667020957,214.84603984380985,,
308,,651.78,1152.3,,1229.7204855236675,214.70444180976446,,
309,,540.59,615.95,,890.2669526513234,213.7764773654139,,
310,,647.08,1048.43,,2033.028861463822,213.41086446642151,,
311,,640.05,1116.25,,789.8605961134602,213.15131708701557,,
312,,891.78,1137.64,,1027.9403478793947,213.04440764169237,,
313,,618.42,832.9,,1465.4998832373517,212.9178743665788,,
314,,375.54,597.57,,1029.5241992664207,211.93906539871824,,
315,,626.82,864.68,,1668.5124011982068,211.74275525899898,,
316,,606.71,730.93,,1178.475148722513,211.3955427739775,,
317,,350.59,517.28,,1238.5706876043444,211.03444668400007,,
318,,228.96,746.54,,459.97479538681534,210.8076931434161,,
319,,506.3,562.24,,754.1205829617744,210.7140132595872,,
320,,380.12,647.51,,1818.9249046914008,210.38921322188887,,
321,,396.1,506.05,,936.777456894993,210.28797835279775,,
322,,376.32,443.74,,932.0453253052198,210.24786824621182,,
323,,467.27,920.39,,1426.1838992285445,210.03930764438596,,
324,,576.52,772.66,,649.895837473402,209.8793692400196,,
325,,628.57,693.35,,1389.6544750491678,209.51750300376656,,
326,,639.61,758.87,,1458.629008018105,209.49618269308687,,
327,,301.74,555.21,,785.094077357362,209.3799049119541,,
328,,659.02,833.37,,1245.1794229930852,209.0688967108574,,
329,,609.64,891.53,,1553.701715702318,208.99482198941013,,
330,,244.94,791.23,,623.9714572241409,207.6415870074421,,
331,,330.95,833.22,,829.8344193757082,207.2859567800278,,
332,,598.74,1171.98,,2380.2483139982987,206.7697025104872,,
333,,606.6,1152.26,,1998.4437703800286,206.28659164588592,,
334,,559.28,616.22,,802.4689327723542,205.99689726401496,,
335,,952.14,1107.94,,336.48524011715784,205.8311384613901,,
336,,950.73,1082.53,,1052.8818533076458,204.98268722512887,,
337,,608.05,1135.92,,1794.2961457528106,204.6614715137397,,
338,,1067.73,1152.32,,1094.0691849485977,204.49281081417092,,
339,y4-(NH3)(1+),359.89,485.33,b6-(H2O)-(NH3)(1+),555.6190874435357,204.37379128173356,3.0,0.735
,z4(1+),359.89,485.33,b6-(H2O)-(NH3)(1+),555.6190874435357,204.37379128173356,4.5,0.735
340,,432.81,921.17,,1556.4196486655144,204.10853350963805,,
341,,348.08,476.22,,882.6212977266522,203.9809721725842,,
342,,476.32,504.61,,1277.0672214489764,203.8264733839004,,
343,,953.39,1135.37,,856.7146022729695,203.67269812750368,,
344,,323.0,359.81,,662.3477853293139,203.4935351193616,,
345,,395.55,748.17,,769.431152105583,203.2005358639507,,
346,,226.31,376.37,,421.66500665322843,202.7423507414715,,
347,,834.42,1170.31,,1212.1062701509177,202.5872398809891,,
348,,654.57,990.87,,2127.7995853782795,202.0642782585373,,
349,x2(1+),289.77,445.41,b5-(H2O)(1+),668.8289897111737,201.70504704958626,4.0,0.444
,x2(1+),289.77,445.41,b5-(NH3)(1+),668.8289897111737,201.70504704958626,4.0,0.85
350,,589.21,847.44,,1151.5713554413019,201.5152892606897,,
351,,446.81,1152.55,,921.3983615150586,201.4534717550678,,
352,,672.56,691.33,,556.6758492754684,201.41274812378285,,
353,,646.52,1081.97,,3133.8377176158383,201.31048589117358,,
354,a4(1+),347.6,789.28,y8-(H2O)(1+),785.558961628427,200.9848596621755,2.5,0.575
355,,847.18,1008.69,,1196.2703004588648,200.84606355565595,,
356,,690.68,846.53,,729.3543093867842,200.82607759782178,,
357,y2(1+),262.4,950.95,b10(1+),713.6223475594849,200.7614958643873,1.5,0.55
358,,591.28,690.52,,1243.1870427243364,200.4429792082976,,
359,,580.41,1069.43,,872.7712149051313,200.30386520436463,,
360,,214.33,628.0,,917.4206046766819,200.292238744659,,
361,,324.62,607.01,,807.7296003607944,200.26952404669538,,
362,,395.61,627.47,,2395.1732617364733,200.06361079944725,,
363,,559.19,1152.61,,1316.0914852138412,199.65667284798312,,
364,,251.04,637.45,,1804.4295849569855,199.1907168482154,,
365,,567.19,636.31,,2766.364407405576,198.95970426083326,,
366,a4-(NH3)(1+),330.9,581.05,y6(1+),1519.5235995564988,198.90161571315204,2.5,0.807
,a4-(H2O)(1+),330.9,581.05,y6(1+),1519.5235995564988,198.90161571315204,2.5,1.075
367,,572.79,847.03,,771.6322714331526,198.79823126191948,,
368,,243.2,1152.26,,741.082278015591,198.58206333144722,,
369,,215.12,934.59,,1027.9794926419181,198.53771239957865,,
370,,921.04,1133.94,,925.4585107239958,198.466535836524,,
371,,534.11,549.71,,1299.910200253687,198.45944955159396,,
372,,368.48,576.74,,887.7084656663209,198.3866246219931,,
373,,243.38,629.36,,900.3853369889016,198.23109794062032,,
374,,627.39,873.21,,1230.2646207354217,197.9571211342368,,
375,,636.54,916.77,,2229.160037082499,197.8651680776023,,
376,,524.77,952.45,,1358.1131138391204,197.33088822585404,,
377,,300.55,635.23,,1342.3534997691272,197.3001900818451,,
378,,476.03,1123.48,,874.3859479676859,196.8695498784133,,
379,,445.89,1038.45,,588.0315015703973,196.7035628045341,,
380,,298.11,523.73,,523.4451474723547,196.69820015221958,,
381,,580.24,588.46,,1294.6006398123031,196.49651115883302,,
382,x2(1+),289.6,341.0,b4-(H2O)-(NH3)(1+),332.53017431170156,196.14626689686466,4.5,0.563
383,,528.95,1081.69,,695.5167682714236,196.02298464340973,,
384,,397.09,617.27,,1287.038084522253,195.94268419655293,,
385,,214.41,579.89,,542.4801831161541,195.84329298639787,,
386,,348.07,433.0,,1357.6627500104598,195.84108447635907,,
387,,485.75,952.42,,1048.9235035193442,195.83264569028654,,
388,,888.33,1153.36,,1086.4705794601973,195.74364821841596,,
389,,244.59,689.5,,335.19137956116805,195.3457639556791,,
390,,630.65,804.42,,1429.750643206109,195.1718095608547,,
391,,356.51,636.29,,1085.1892176206545,195.1255563605731,,
392,,646.74,672.67,,2240.8324944040564,195.1210318057161,,
393,a4-(H2O)(1+),330.64,403.65,x4(1+),827.8847604271157,194.82643266094024,4.5,0.729
,a4-(NH3)(1+),330.64,403.65,x4(1+),827.8847604271157,194.82643266094024,4.5,0.736
394,,619.31,876.56,,653.778116078922,194.58826884465395,,
395,b5-(NH3)(1+),446.33,545.67,y6-(H2O)-(NH3)(1+),633.8443979787613,194.5729212741619,3.0,0.449
396,,519.38,637.13,,2899.2845013701744,194.53111720523876,,
397,,347.97,834.33,,1257.3708490236043,194.13036892225946,,
398,,315.25,550.36,,1083.3293706752133,194.0520200396362,,
399,b6-(H2O)(1+),502.58,619.98,y7-(NH3)(1+),1264.7702202070868,193.97055861492262,2.5,0.484
,b6-(NH3)(1+),502.58,619.98,y7-(NH3)(1+),1264.7702202070868,193.97055861492262,2.5,0.68
,b6-(H2O)(1+),502.58,619.98,y7-(H2O)(1+),1264.7702202070868,193.97055861492262,2.5,0.779
,b6-(NH3)(1+),502.58,619.98,y7-(H2O)(1+),1264.7702202070868,193.97055861492262,2.5,0.914
400,,564.13,598.02,,1028.725218481321,193.83303664835262,,
401,,645.55,921.42,,1726.7371506719985,193.46709837648538,,
402,,261.79,488.05,,535.4601423167268,193.33218731774738,,
403,,388.65,952.22,,818.7921794156035,193.02092044753778,,
404,,383.05,1134.67,,624.6062497873396,192.74165326032613,,
405,,655.38,981.74,,1506.5672279932905,192.64270677238082,,
406,y2(1+),261.68,645.95,a7-(NH3)(1+),1823.3608388528203,192.62744424423738,2.5,0.794
407,,528.53,559.4,,796.6007999685302,192.54677555333876,,
408,,496.47,503.14,,1013.8014313911788,192.5252787638015,,
409,,417.47,618.32,,804.018036103381,192.4940064802855,,
410,,503.01,689.79,,1048.2194425088526,192.46237226822743,,
411,,488.32,1065.63,,666.745845557276,192.10895658349008,,
412,,578.83,833.66,,1187.9961462575527,191.79249165013042,,
413,,533.72,1064.69,,661.5827001638462,191.7636438473525,,
414,b3(1+),228.84,301.35,y3-(H2O)(1+),678.5340985356268,191.72620578717704,2.0,0.314
,b3(1+),228.84,301.35,y3-(NH3)(1+),678.5340985356268,191.72620578717704,2.0,0.838
415,b5-(H2O)(1+),444.84,804.01,y9-(H2O)-(HN=C=NH)(1+),1102.536154145015,191.56824841232026,1.5,0.525
416,,836.13,920.98,,675.1860943767181,191.37881388160116,,
417,b6-(H2O)(1+),502.16,545.62,y6-(H2O)-(NH3)(1+),565.7496401796549,191.35777267540183,3.0,0.372
418,,523.23,696.43,,829.4096263234658,191.22330881638038,,
419,,445.75,878.29,,729.5092994627091,191.0836335967295,,
420,,476.03,849.15,,854.2826046681301,191.03017465043496,,
421,,455.96,1152.84,,1221.874718167098,190.9556859494639,,
422,,639.47,885.29,,1157.868943651245,190.15153651515266,,
423,,573.75,605.18,,848.0862038104331,190.14803057003897,,
424,,290.09,848.66,,595.8142850683325,190.07821250950943,,
425,,1008.94,1153.76,,1832.333890092882,189.98725243852994,,
426,,833.9,876.97,,638.6226451567986,189.76631895265146,,
427,a4-(H2O)(1+),329.61,846.89,y9-(H2O)(1+),413.4207522683207,189.74402012021054,3.0,0.709
,a4-(H2O)(1+),329.61,846.89,y9-(NH3)(1+),413.4207522683207,189.74402012021054,3.0,0.757
428,,542.25,804.41,,1381.905285483024,189.67440169688564,,
429,,392.86,467.32,,852.3772702626815,189.52998500517697,,
430,,228.63,1153.67,,839.0303815921241,189.22296086933716,,
431,,549.3,790.12,,1240.080402328744,189.19473056750516,,
432,,467.1,554.47,,790.5587763801418,189.12029561811292,,
433,,315.35,649.41,,1286.2609999005647,189.068203427531,,
434,,848.36,1124.0,,582.135733366074,188.69985451041052,,
435,,359.3,877.49,,665.4079240779969,188.4941941731278,,
436,a4-(NH3)(1+),330.77,790.94,y8-(NH3)(1+),814.5563997423576,188.37315806650295,3.0,0.655
,a4-(H2O)(1+),330.77,790.94,y8-(NH3)(1+),814.5563997423576,188.37315806650295,3.0,0.822
437,x4(1+),404.7,446.33,b5-(NH3)(1+),799.6876562522369,188.1753567495629,4.0,0.535
438,,476.0,1067.75,,721.1584245561638,187.85807533994043,,
439,,291.09,598.3,,687.399611774531,187.56014862724845,,
440,,789.19,1153.92,,1115.9205565402988,187.4486530565067,,
441,,301.21,1171.42,,622.2956314339112,187.27990143291808,,
442,,445.59,750.92,,550.0333729108694,187.0778043519035,,
443,,445.34,692.49,,674.7411256170865,186.94438357027087,,
444,,480.53,934.64,,954.4463095769207,186.86292494281784,,
445,,532.46,627.7,,1169.4690152293826,186.37671530181285,,
446,,419.09,637.18,,1630.180113297378,186.3247887360003,,
447,,384.61,935.48,,480.8283752401365,186.18002293359913,,
448,,534.72,637.04,,1862.2334350335695,186.1591479733996,,
449,,599.42,923.28,,935.988010049044,185.77024595060126,,
450,,447.38,1169.4,,841.9941238960803,185.63680597996742,,
451,,618.04,700.23,,1029.844631687698,185.52753446019767,,
452,,953.75,1153.02,,1368.033906947232,185.46109615604095,,
453,,388.1,619.44,,1011.6308557333542,185.39768896146865,,
454,,433.47,747.08,,754.4788552205339,185.39406182173002,,
455,b4-(NH3)(1+),358.99,562.63,y6-(H2O)(1+),893.927465368939,185.08561936060684,2.5,0.39
,b4-(NH3)(1+),358.99,562.63,y6-(NH3)(1+),893.927465368939,185.08561936060684,2.5,0.648
456,b3(1+),228.46,346.98,x3(1+),795.3358464059709,184.389805335171,3.5,0.658
457,,432.0,951.35,,1086.9009345600182,184.22116901331108,,
458,,388.39,1065.95,,619.1196640808145,184.1870762035071,,
459,,416.49,1152.16,,583.7493187943995,183.99972337196616,,
460,,501.88,952.02,,1045.944890961239,183.50073276329996,,
461,,448.01,951.89,,897.6902068588431,183.4982180299191,,
462,x2(1+),289.86,626.88,a7-(H2O)-(NH3)(1+),1438.8105048262516,183.319151719831,5.0,0.51
463,,375.99,1065.49,,890.2084226659778,183.24069245310966,,
464,,672.61,1170.03,,522.1502548930777,183.05582631380028,,
465,,654.62,1161.05,,530.0142481483811,182.94853032764388,,
466,,877.44,1153.81,,685.8570662535515,182.80122652622964,,
467,,619.09,849.04,,1298.871964215318,182.76686631363208,,
468,,339.91,640.82,,787.7172231172627,182.6412445725919,,
469,,358.98,386.61,,642.7956314635771,182.54056356533184,,
470,,645.92,892.81,,1829.6437449657265,182.49229516492593,,
471,,440.62,520.57,,1111.040346186257,182.43448481274527,,
472,,291.03,375.95,,906.4620386951226,182.4100742851441,,
473,,890.22,1066.05,,303.95142882023646,182.38731926568883,,
474,,816.78,935.2,,816.3721593405826,181.92811942211938,,
475,,524.49,549.61,,1094.758455279357,181.9141048641846,,
476,,347.0,559.0,,1075.681621883182,181.73783637028242,,
477,,476.01,922.92,,838.6379939226128,181.59015230908938,,
478,,626.81,1159.61,,760.8877144330769,181.12771671881737,,
479,,331.2,550.4,,1063.4158403136826,181.11758429616728,,
480,,385.65,804.38,,703.7106834683983,181.02113417186737,,
481,,579.48,639.26,,1592.145340824345,180.87521813058876,,
482,,476.71,609.04,,1216.474382489393,180.6301750705811,,
483,,433.11,797.84,,707.1026302074331,180.4837432159923,,
484,,647.73,875.32,,1450.2871261115265,180.43935675475953,,
485,,359.75,692.39,,1394.0033609639574,180.43186487466429,,
486,,262.26,467.39,,630.0602072154635,180.2644387929611,,
487,,549.21,731.3,,565.4250570004185,180.11987671941205,,
488,,609.47,864.13,,584.4808655603904,180.11902289701473,,
489,,502.65,919.98,,703.2777062423303,180.09547091283193,,
490,,463.34,638.28,,2745.337978819513,179.59655176167132,,
491,,454.06,618.78,,957.4032515266173,179.5753430721907,,
492,,476.02,1169.22,,667.1835780896803,179.54366634706798,,
493,,274.27,607.03,,624.0290738736782,179.52169237133614,,
494,,572.68,1134.65,,699.9046542327387,178.87774042202537,,
495,,428.0,1008.27,,527.8757012901598,178.85947555464313,,
496,,751.84,934.48,,629.0045790016916,178.71720052962712,,
497,,376.07,624.41,,1872.1595718543265,178.264477181486,,
498,,645.94,912.07,,1716.6188769035828,178.0330201149293,,
499,,787.62,795.35,,514.3525628521413,178.01158524429923,,
500,,539.86,790.6,,546.3443496090092,177.8923572726993,,
501,,530.41,582.03,,554.5297357765318,177.6357103610668,,
502,,627.02,1081.91,,1505.4070227536522,177.54198500674087,,
503,b5-(H2O)-(NH3)(1+),427.63,892.36,x9(1+),587.5351791918096,177.11854476912302,3.0,0.536
504,,330.68,503.55,,752.7758571480812,176.9937124371405,,
505,,847.77,952.2,,1205.4356384001503,176.6895961442637,,
506,,348.78,1136.04,,502.3989681108433,176.6379766769368,,
507,,358.32,432.74,,895.0568746894602,176.58579767352057,,
508,,895.54,1124.52,,553.685678287012,176.29135430415255,,
509,,645.57,1295.73,,252.39107686518383,176.28549841535784,,
510,,936.41,1134.26,,399.7386473190634,176.23311064017824,,
511,,467.01,1151.82,,1078.3967248981005,176.21113677092995,,
512,,360.43,1151.82,,626.7347470903379,176.1164660201449,,
513,,485.04,549.26,,903.6400977357972,176.10377892716477,,
514,,690.09,1009.07,,1353.3232619878315,176.05253113943374,,
515,,395.62,1136.49,,528.8150826924176,175.93996056926147,,
516,,484.97,568.41,,547.7399761374946,175.78300600551225,,
517,,524.76,1039.07,,477.6827363460957,175.75044814050506,,
518,,467.41,789.78,,769.9828821363825,175.57308341060852,,
519,,289.23,636.69,,1623.6744958406985,175.49823431764958,,
520,,350.7,649.13,,1063.18297291773,175.4521547139873,,
521,,654.57,1195.97,,912.9403590227922,175.17521524743134,,
522,,627.4,751.2,,1374.9571271029301,175.01536253169036,,
523,,385.7,628.42,,684.4570680309693,174.82314450612,,
524,,572.85,934.39,,872.1467398981943,174.69410648133845,,
525,,462.56,587.05,,458.5438371865695,174.64985618604172,,
526,,476.28,674.05,,517.5774812993068,174.2799423360243,,
527,,524.4,627.35,,2284.7893486528883,173.8979800484748,,
528,,549.99,677.26,,429.61588576319605,173.8905025409497,,
529,,330.46,690.69,,683.5113994807125,173.68195989244467,,
530,,466.91,619.31,,1562.1182398562241,173.6808975496913,,
531,,261.93,606.69,,687.2272158662024,173.4756418753658,,
532,,637.0,893.78,,1259.4650531240752,173.4149105144882,,
533,,549.68,1124.29,,869.2292819608864,173.18682553690314,,
534,,406.06,607.05,,942.8877446251244,173.13646302442143,,
535,,636.66,722.64,,687.808597650418,173.13125783811856,,
536,,805.76,892.41,,566.172353284992,172.9606807144086,,
537,y4-(H2O)-(NH3)(1+),341.19,445.99,b5-(NH3)(1+),715.3472411898175,172.8391463691184,3.0,0.182
538,,521.94,833.22,,640.6955627703876,172.78853958086302,,
539,,646.13,1106.28,,697.0865444317542,172.77585019203727,,
540,,573.63,646.69,,2333.891876362813,172.75659061567038,,
541,,654.92,1278.96,,1308.7550711042077,172.49535979472654,,
542,,347.73,731.96,,810.2901891898222,172.44519958828235,,
543,x3(1+),346.5,485.36,b6-(H2O)-(NH3)(1+),497.54380541710873,172.35284955628453,4.5,0.694
544,,445.18,510.68,,598.9106674399326,172.29634000264286,,
545,,637.39,1133.92,,1910.343935981086,172.21419793294865,,
546,,467.9,903.21,,472.8814945595364,172.15158017219525,,
547,,589.85,1108.72,,702.738254115725,172.0702490739247,,
548,y3(1+),319.65,627.59,a7-(H2O)-(NH3)(1+),1488.3131751222368,171.88569264131183,2.5,0.561
549,,606.63,991.76,,642.6094634449163,171.8605018974294,,
550,,654.23,706.92,,532.9199476772777,171.65165090572455,,
551,,404.16,568.26,,1134.4904480701264,171.13217058978324,,
552,,243.36,646.29,,1692.6203122092313,170.85604028340478,,
553,,302.14,506.32,,554.7656041568619,170.83102731857403,,
554,,933.86,1084.06,,635.3808455312538,170.78994098628755,,
555,,588.55,1008.24,,509.33050834482106,170.7528612777435,,
556,,1007.56,1134.69,,382.1862239342582,170.54759115994804,,
557,,330.33,1170.76,,678.3222872847106,170.27293264681074,,
558,,289.34,925.08,,907.7366656744135,170.22739167599718,,
559,,645.68,703.03,,1120.5977455110726,170.22557482142193,,
560,,562.45,580.99,,1015.6443381644874,170.22449838312264,,
561,,505.68,834.37,,885.6516364329907,170.02662081740738,,
562,,347.97,396.04,,978.1880295755218,169.95779036832366,,
563,,656.45,774.28,,1671.1221140738749,169.93512710514108,,
564,y4-(NH3)(1+),359.4,444.98,b5-(H2O)(1+),1070.191139360766,169.59104928345602,2.5,0.305
565,,486.09,1008.31,,474.06208642173493,169.58747980059044,,
566,,377.69,580.25,,659.6253315259887,169.2740050554836,,
567,,541.4,1122.99,,858.8954130639873,169.22706188589325,,
568,,550.04,891.2,,840.4318948687578,168.9941276068529,,
569,,497.01,631.66,,695.8435138702383,168.9397524433571,,
570,,392.82,550.1,,821.5312987101744,168.73194485895385,,
571,,656.09,915.19,,759.2924282702186,168.56954719708295,,
572,,656.16,762.55,,964.9965869960946,168.21443850818346,,
573,,593.16,656.11,,1736.6002148458053,168.15018614490714,,
574,a6-(NH3)(1+),475.84,790.7,y8-(NH3)(1+),561.9721132137311,168.0797826158699,1.5,0.716
575,,655.01,1033.33,,1191.6906327512238,168.0644668050996,,
576,,646.4,738.34,,859.9899335404995,168.01032801845264,,
577,,607.21,878.1,,825.5911468243712,168.00238422152202,,
578,,618.33,786.54,,826.5980120343941,167.8051857234167,,
579,,510.18,646.97,,1371.6405831383847,167.42933975909617,,
580,,478.13,646.93,,803.3292254089446,167.13538842067047,,
581,,636.65,1083.49,,2168.531271196924,167.02020732632113,,
582,,444.52,934.61,,526.3208566924513,166.94515510983493,,
583,,558.61,951.88,,872.8297024922624,166.69989192252703,,
584,,358.61,581.97,,574.7153831229974,166.57678062755448,,
585,,587.3,1152.62,,820.1679321005108,166.57095111054292,,
586,,690.6,1151.5,,772.7067971643801,166.42401939401253,,
587,,577.97,1007.86,,413.1149252505289,166.3391716638515,,
588,,403.78,589.31,,769.0245714231855,165.97244018331386,,
589,,777.32,1171.44,,538.4413753263567,165.9543343685026,,
590,,283.9,1152.76,,648.4375310652872,165.7762040054021,,
591,,245.4,921.05,,578.2795884756591,165.50552639082838,,
592,,550.34,575.92,,894.1348109399157,165.32031545709214,,
593,,627.1,892.44,,1445.314258205089,165.06038634855673,,
594,,476.04,1153.85,,1109.2332209124265,164.47575731488723,,
595,,427.92,540.9,,412.51686735655016,164.40396865147088,,
596,,534.21,1134.58,,532.659076219058,164.011378744941,,
597,y7-(H2O)-(NH3)(1+),602.6,690.39,b7(1+),935.126052823724,163.98704508325065,1.0,0.335
598,,475.91,804.24,,788.3290090137369,163.75227428903452,,
599,,375.66,431.9,,595.6412847362811,163.67136390230078,,
600,,405.73,1152.66,,1012.011491699616,163.65420116718718,,
601,,274.37,654.95,,2568.671256875614,163.5757397970512,,
602,,1135.49,1153.41,,851.732760421436,163.1508602849022,,
603,,476.31,1137.62,,464.4972726073961,162.8597913255482,,
604,,635.58,1125.7,,1551.7654191120266,162.79166598175493,,
605,,640.41,732.07,,854.3608985672644,162.77992676205196,,
606,,599.11,1007.55,,809.1987270679347,162.6584454142958,,
607,,790.22,1169.59,,789.4082665598431,162.4730237459122,,
608,y6-(NH3)(1+),562.91,628.05,a7-(H2O)-(NH3)(1+),1478.782379436553,162.34901813457634,3.5,0.828
,y6-(H2O)(1+),562.91,628.05,a7-(H2O)-(NH3)(1+),1478.782379436553,162.34901813457634,3.5,0.986
,z6(1+),562.91,628.05,a7-(H2O)-(NH3)(1+),1478.782379436553,162.34901813457634,5.0,0.828
609,,468.05,747.66,,591.4094571943732,162.17291418345295,,
610,,507.59,598.28,,971.4445009865495,161.9573386178189,,
611,,648.04,861.43,,1449.4697957353626,161.9338378567323,,
612,,639.25,905.58,,1063.1823580200087,161.933215366418,,
613,,524.77,673.37,,537.5822311592875,161.78576783566115,,
614,,645.24,791.45,,1012.931987344839,161.75751150134087,,
615,x4(1+),404.08,747.71,b8(1+),866.3250514237031,161.69915810419994,3.5,0.376
616,,586.73,649.11,,1233.866053994659,161.63295917903878,,
617,,462.0,951.64,,692.1648958641696,161.4343899332855,,
618,,646.1,766.62,,958.5775281121489,160.92822816515792,,
619,,297.63,476.74,,438.96002540717325,160.5370317814195,,
620,,559.23,1065.82,,692.9293600678914,160.34272117599667,,
621,,376.68,558.35,,726.0374515230618,159.64705965930807,,
622,,524.4,1134.64,,549.3018826889926,159.59400047751842,,
623,,934.67,1152.77,,2043.8662619134786,159.506311273764,,
624,,630.36,833.92,,1269.7131687030167,159.45729869435314,,
625,,691.03,1134.96,,810.9765214068676,159.3696272195028,,
626,,244.15,550.5,,1414.9308697711242,158.99061384806458,,
627,,396.08,529.06,,402.8039160559273,158.79222627352175,,
628,,542.49,1171.53,,704.5304856731259,158.77508728597599,,
629,,466.89,598.11,,1372.1380765370616,158.56623386694685,,
630,,359.02,1065.36,,828.2109144967403,158.49423602352104,,
631,,347.73,550.4,,1128.094140892626,158.3615612194571,,
632,,289.92,568.47,,403.375009040173,158.23022263291904,,
633,,347.83,569.31,,968.2982786942221,158.0237691514901,,
634,,690.27,708.42,,675.009066156721,157.4695694998973,,
635,,318.88,346.91,,663.508072413969,157.0296330074858,,
636,,635.23,1066.79,,1583.7433731291753,156.9019476490267,,
637,,654.52,1056.32,,633.1765816239629,156.6039367541314,,
638,,404.32,579.72,,828.4592483234328,155.4291660544068,,
639,,1065.49,1170.33,,631.2131540681413,154.99175567006048,,
640,,215.32,655.35,,2160.7094775909572,154.91604957534767,,
641,,515.03,776.31,,383.2226874088093,154.86033329188427,,
642,,618.01,1171.75,,1466.0292997555189,154.69498283060327,,
643,,691.37,1067.06,,787.8432491932386,154.47907754963308,,
644,,640.15,833.96,,2652.352967540745,154.47001955356555,,
645,,454.02,639.03,,820.2109749395314,154.3337934970397,,
646,,443.21,654.59,,1057.5602758786965,154.0180559543728,,
647,,654.49,1134.67,,2140.259766190756,153.64000947820415,,
648,,625.29,1008.98,,935.7818901412712,153.48660896913225,,
649,,494.64,534.69,,1713.1213654802834,153.43987202324445,,
650,y4(1+),376.22,673.18,b7-(NH3)(1+),515.5991216282666,153.34985299516407,2.0,0.133
651,,486.99,618.04,,746.2204771024657,153.32079468997438,,
652,,549.64,834.42,,1122.0420422869179,153.16606544195514,,
653,,477.08,878.44,,553.3632769670212,153.16513434551075,,
654,b4-(NH3)(1+),359.41,551.49,x5(1+),569.7512736972967,152.81935585016808,4.0,0.355
655,,524.11,903.44,,718.4387658306025,152.70160429723734,,
656,,437.25,598.35,,1067.1928990789327,152.492072160113,,
657,,637.27,1277.64,,626.970465170906,152.24940276563885,,
658,,489.44,598.46,,961.171604797348,151.99134550425438,,
659,,331.51,467.44,,439.1664905568381,151.905502238553,,
660,,405.11,892.49,,479.55162618721965,151.86380446761706,,
661,,1007.56,1169.88,,325.69756261538146,151.79041513083143,,
662,b6-(H2O)(1+),501.64,580.69,y6(1+),555.4428748182453,151.6060371026392,2.0,0.694
663,,617.57,866.12,,476.94773050425783,151.41542494397814,,
664,,603.37,653.86,,632.2740552143894,151.39479743978347,,
665,,597.99,905.96,,460.97569992695855,151.37802656300903,,
666,,617.93,1065.31,,1163.8262940780035,151.1389847435068,,
667,,639.57,1038.26,,1241.6747237065526,151.08464367651436,,
668,,476.08,577.05,,606.2447178934525,151.01113391455692,,
669,,490.73,580.35,,568.7015871435626,150.95414717225302,,
670,,617.44,1137.51,,914.6444683724593,150.91744558232278,,
671,,539.53,656.02,,2195.484084814921,150.3972905875462,,
672,,229.65,541.13,,605.8064902681778,150.33445433267508,,
673,,655.26,1180.11,,590.4405094787104,150.26596830354157,,
674,,550.04,613.53,,688.2979624597384,150.26203959100556,,
675,,627.01,708.62,,747.7006160639147,150.20989306622752,,
676,b5-(H2O)(1+),444.86,619.99,y7-(NH3)(1+),953.17556757211,150.1862402828527,2.5,0.432
,b5-(H2O)(1+),444.86,619.99,y7-(H2O)(1+),953.17556757211,150.1862402828527,2.5,0.761
677,,370.23,646.99,,656.8466398723879,150.01943485656628,,
678,,286.51,606.74,,537.9332738578627,149.98853635141754,,
679,b5(1+),463.04,506.2,y5-(NH3)(1+),530.099981764067,149.70220181670504,2.0,0.155
680,,597.8,645.82,,1749.98489027834,149.4667600176461,,
681,,346.6,579.99,,618.1662198099258,149.31562193379048,,
682,,617.59,805.83,,794.0046300314594,149.21266521070652,,
683,,654.21,785.25,,350.55454835235673,149.05443539347743,,
684,,298.06,804.41,,437.010809338224,148.21987493182,,
685,,639.99,815.49,,618.7515959019635,148.0279631968554,,
686,,476.16,540.92,,807.1717040864031,147.879528950293,,
687,,597.61,933.98,,852.5560653698291,147.64342015918368,,
688,,895.38,951.26,,455.37713161746564,147.3882822670495,,
689,,689.51,934.62,,577.458542652526,147.273271728434,,
690,a5-(H2O)-(NH3)(1+),399.63,637.74,y7(1+),1333.9129329835357,147.21674277374873,2.5,0.682
691,,847.23,920.24,,744.5724574845669,147.08797077778985,,
692,,671.66,891.77,,462.4239564499161,146.78096273670832,,
693,,731.66,767.41,,597.7672238157603,146.77633839209133,,
694,,551.42,1048.6,,347.058271778851,146.5553498534587,,
695,,647.22,776.7,,1108.8306779978197,146.54290572315628,,
696,,556.71,754.21,,892.8799936903715,146.05185024930404,,
697,,280.72,640.69,,519.9234165629209,145.76605410537564,,
698,,623.73,935.66,,1103.6590640550448,145.6278238487438,,
699,,579.69,894.69,,450.3557317302849,145.53538531123613,,
700,,459.03,1007.88,,585.1441201287273,144.93062055830396,,
701,,580.26,789.31,,435.0402515569558,144.92452786050663,,
702,,483.6,626.27,,416.13275199542994,144.55222638260832,,
703,,468.16,1135.44,,364.52590666482354,144.49361969264407,,
704,,242.77,637.59,,1495.1136075354182,144.45786975478967,,
705,,627.76,816.75,,878.2780933084246,144.25040233294231,,
706,,637.69,787.81,,942.1068392367723,144.23911106566922,,
707,,935.84,953.24,,581.3291584882468,144.23847857203205,,
708,,528.74,569.47,,500.53304977436426,144.1303677385403,,
709,,656.46,856.37,,1360.404546278137,144.1089221495581,,
710,,346.41,1169.88,,580.7782449357082,143.9492317129184,,
711,,496.34,1170.36,,407.76063766716476,143.77451430067964,,
712,,636.63,1107.89,,719.94850575848,143.73564771172283,,
713,,510.94,617.96,,659.5365724258677,143.6138801405662,,
714,,559.9,920.24,,428.07544745346473,143.21061004796655,,
715,,656.16,744.7,,696.1629848594673,142.82984712311782,,
716,,444.77,921.0,,820.8709751014756,142.70994719048264,,
717,,636.61,740.26,,927.6179486698514,142.50768963989736,,
718,x3(1+),346.65,501.63,b6-(H2O)(1+),430.55258408759636,142.09562810499068,4.0,0.772
719,,690.23,804.12,,656.7807553176806,141.83360124924587,,
720,,432.98,1080.97,,346.21234853766316,141.64245087809175,,
721,,654.25,1007.22,,742.0071913987476,141.55603989087572,,
722,,348.05,1007.61,,499.82831864661364,141.4739009708838,,
723,,367.17,635.14,,661.4732101422493,141.45802863972253,,
724,,691.5,1170.69,,729.8522637343629,141.12084100492484,,
725,,262.03,523.51,,358.2249846335565,140.95755642790354,,
726,,559.08,1170.56,,774.9328521602557,140.88166331917336,,
727,,270.51,646.88,,757.881315850571,140.87910329582283,,
728,,638.46,748.73,,1345.0275965030246,140.54184499090863,,
729,,646.97,1018.99,,738.324851855403,140.47453315264931,,
730,y3-(NH3)(1+),301.9,375.8,b4(1+),530.3335523598033,140.32406812904694,2.0,0.438
,y3-(H2O)(1+),301.9,375.8,b4(1+),530.3335523598033,140.32406812904694,2.0,0.823
731,,635.07,1155.81,,682.8443189816533,140.3024765702105,,
732,,581.09,936.06,,661.5220932506985,140.27731089401146,,
733,,861.16,1153.83,,341.82223436772324,140.2042060183171,,
734,b5-(NH3)(1+),446.0,601.82,y7-(H2O)-(NH3)(1+),560.5213389158571,139.8129671631181,3.0,0.481
735,,554.33,636.55,,911.934796460407,139.5076963613912,,
736,,532.9,1170.28,,439.4645425292426,139.36847184699855,,
737,,934.23,1065.61,,722.745974811028,138.27721802523277,,
738,,636.1,766.72,,648.4595082762512,138.0487349970034,,
739,,598.67,1065.27,,599.948167263439,137.97720553541308,,
740,,395.67,1008.66,,618.6252972621467,137.79009843019088,,
741,,627.43,790.41,,975.7260914543514,137.74333811442398,,
742,,493.95,549.71,,622.0026140928801,137.46195799609842,,
743,,597.98,991.7,,449.7456313066491,137.13286643762422,,
744,,289.21,690.37,,520.0736206919546,137.12640786269307,,
745,,496.02,645.94,,1474.6149631160695,137.1088680741126,,
746,,617.52,991.0,,587.657348456191,137.06198326787293,,
747,,395.72,437.23,,318.2538907300018,137.05984870500217,,
748,,257.24,655.41,,950.0581893500462,136.94524970163545,,
749,a4(1+),347.7,462.54,y5-(H2O)-(HN=C=NH)(1+),449.1930214649989,136.67036106319867,3.0,0.829
,x3(1+),347.7,462.54,b5(1+),449.1930214649989,136.67036106319867,3.5,0.839
750,y4-(H2O)(1+),358.22,626.79,a7-(H2O)-(NH3)(1+),1193.1159072129583,136.43340338831823,3.5,0.512
751,,636.37,877.41,,1673.4002945544073,136.19560158735302,,
752,,609.15,950.63,,587.7126028448379,136.00481829339958,,
753,,245.13,598.64,,491.8879000347357,135.38766454052833,,
754,,463.8,1171.31,,444.88050104677467,135.04910573257118,,
755,,690.95,1083.14,,644.1687567240936,134.8648422834855,,
756,,323.07,645.98,,962.3249464102323,134.80778173248027,,
757,,510.62,1170.43,,422.86989350965786,134.76819570031435,,
758,,441.7,646.29,,1056.5306713021696,134.47465849879367,,
759,,517.46,655.33,,1786.8722697851263,134.28157685353568,,
760,,645.99,1277.42,,656.0083799617622,134.252725240436,,
761,,903.13,933.62,,293.8894034313924,133.9341085897369,,
762,,599.15,834.39,,512.0258428448569,133.86870165326542,,
763,,475.91,589.52,,575.7714264311967,133.59609464061742,,
764,,637.33,864.87,,830.6783926736333,133.47678152415648,,
765,,433.54,626.84,,1183.3068213252782,133.4623334399482,,
766,,318.92,395.77,,389.6388654695609,133.0038840007146,,
767,,580.74,843.38,,483.24230549857276,132.6396594053114,,
768,,934.02,992.4,,637.5458313798147,132.15984139493222,,
769,,534.63,598.18,,702.2913260085098,131.78497056351037,,
770,,791.09,920.03,,511.11501572215514,131.65352338205392,,
771,,262.39,476.36,,482.03162112969403,131.56159206344518,,
772,a4-(NH3)(1+),331.06,346.68,x3(1+),358.108540727962,131.35720143080513,4.5,0.496
773,,475.97,527.6,,394.9149005730044,131.35702722634113,,
774,,634.86,1048.41,,742.5702433120582,131.30347064748264,,
775,a4-(NH3)(1+),330.8,636.77,y7(1+),1344.6092499810065,131.2696732554151,2.5,0.638
,a4-(H2O)(1+),330.8,636.77,y7(1+),1344.6092499810065,131.2696732554151,2.5,0.845
776,,386.47,598.32,,640.7978092478479,130.9870637395769,,
777,,626.51,777.15,,870.3205118965399,130.84567691675423,,
778,,476.82,599.06,,899.1547427714615,130.42988452879646,,
779,,373.42,656.14,,1177.4284062541476,130.2425516588917,,
780,,627.55,847.59,,1191.8085055417234,130.19137648996693,,
781,,283.22,654.88,,1158.029018158408,130.1579695732866,,
782,,610.25,634.63,,1031.3192754717736,129.8173195251281,,
783,,607.22,1067.01,,665.5268659302184,129.7718300463637,,
784,,358.93,540.92,,656.0930868204266,129.70926952956418,,
785,,525.07,1009.97,,548.7439970701521,129.58905550422452,,
786,,445.59,635.58,,1881.113641790677,129.25939463644812,,
787,,730.96,1153.09,,480.07373876727246,128.93028546233018,,
788,,1134.54,1170.97,,380.1803285974691,128.91786014188224,,
789,,457.89,646.32,,744.7127896612968,128.90672805503374,,
790,,375.79,1169.13,,726.6965702883011,128.81809167575096,,
791,,803.96,1009.02,,459.62176082874134,128.72241551022728,,
792,,637.12,1026.82,,622.6575903888403,128.72128067693228,,
793,,615.92,1083.27,,472.32964566419577,128.71418208167844,,
794,,624.98,631.17,,788.5599839225225,128.26339155870846,,
795,,388.54,648.98,,895.0439795357911,127.70175985284438,,
796,,656.07,875.61,,1231.0819447682954,127.03352336572536,,
797,,453.02,654.19,,705.4144584107967,126.95833289376884,,
798,,805.3,1066.47,,514.2591446704083,126.35424687327159,,
799,,550.47,587.43,,411.24833313760917,126.2297552251632,,
800,,414.98,599.03,,526.9365850780865,125.93133913795181,,
801,,347.52,540.62,,477.41396162630303,125.85300549403021,,
802,,214.57,598.04,,416.90074773845595,125.79667421421827,,
803,,645.97,718.54,,712.9208185546584,124.9014276574169,,
804,,951.52,1068.64,,431.18800637125025,124.65509470405561,,
805,b4(1+),375.89,608.72,x6(1+),436.01786932486425,124.57037577532651,3.5,0.516
806,,322.33,654.43,,444.2989349208791,124.45500748953823,,
807,,432.75,548.92,,573.510829319765,124.07411056143532,,
808,,626.25,729.85,,519.1569061517437,123.96251227308841,,
809,,615.58,934.69,,975.1761049438761,123.78075061211364,,
810,,626.66,1150.9,,677.0171921012903,123.68980975799712,,
811,,598.05,895.52,,503.039021110145,123.25924766787242,,
812,,654.23,676.68,,492.21226719175553,123.12262019435602,,
813,,433.79,645.25,,564.3743548438777,122.87347949327817,,
814,,608.24,625.16,,562.6150313062114,122.03033644400314,,
815,,559.78,647.81,,831.0640944473782,121.97191731876131,,
816,,616.95,654.14,,766.8791389576423,121.90815736477354,,
817,,395.27,403.97,,563.4494084158092,121.85768498984208,,
818,,627.37,958.97,,407.3555512056928,121.62411052167737,,
819,,598.47,1154.98,,739.2964137618584,121.44908242775415,,
820,,848.02,1169.21,,199.9359029659585,121.42900773100287,,
821,,403.74,552.4,,394.42432075513267,121.20498324293904,,
822,,598.79,874.02,,387.3137221709928,121.15471456398159,,
823,,934.68,1010.2,,547.797440658753,121.10600423537991,,
824,,640.28,1008.12,,673.630297693962,121.02663867898659,,
825,b4(1+),376.3,521.36,y6-(NH3)-(HN=C=NH)(1+),582.5101507378297,120.95495509107101,2.5,0.184
826,,433.39,1169.23,,381.0134883832185,120.83797323172605,,
827,,646.33,1138.14,,1083.1684961587198,120.64243511846118,,
828,,534.38,951.7,,482.10072870676674,119.73065226634826,,
829,y7-(NH3)-(HN=C=NH)(1+),578.13,626.69,a7-(H2O)-(NH3)(1+),689.3835047152202,119.63170646102368,2.5,0.624
830,,524.46,921.38,,522.4056520230162,119.56992358850418,,
831,,549.6,694.14,,599.891741295904,119.13183324686418,,
832,,606.99,775.59,,265.41957200234754,118.88540430132258,,
833,,654.08,1065.27,,1004.2203772519741,118.71297827448369,,
834,,376.02,1081.61,,296.9001170929077,118.51491640326272,,
835,,635.93,1169.5,,741.4819776004211,118.10872629729569,,
836,,847.08,1152.4,,714.2103681935141,117.72324720261533,,
837,,550.49,1151.25,,451.401025994954,117.33476073599851,,
838,,921.38,935.06,,835.9230973389527,116.6527746548467,,
839,,627.35,950.18,,479.0599624547829,116.65133827737817,,
840,y5-(H2O)-(HN=C=NH)(1+),463.0,690.47,b(3-9)(1+),593.4029588851208,116.56871924397575,2.0,0.269
,y5-(H2O)-(HN=C=NH)(1+),463.0,690.47,b7(1+),593.4029588851208,116.56871924397575,2.5,0.269
841,,229.28,635.82,,922.896622312551,115.8820889294178,,
842,,486.3,646.64,,919.322358243431,115.81286542631571,,
843,,567.78,1007.89,,419.2125668886955,115.78000864260446,,
844,,597.99,732.35,,388.95307981208845,115.58845109523244,,
845,b4(1+),376.56,790.62,y8-(NH3)(1+),476.763771826807,115.54971090407082,2.0,0.457
846,,550.74,1082.29,,384.5026371732488,115.16971657062726,,
847,y5(1+),522.96,645.99,a7-(NH3)(1+),1167.064052193874,115.01567515883563,2.5,0.743
848,,558.81,690.99,,469.5808628634509,114.90629369337486,,
849,,541.33,627.07,,889.8655376261239,114.74790036651737,,
850,,359.69,476.27,,803.5028833827687,114.42347332471795,,
851,,445.01,581.48,,518.7206609555282,114.32264077195458,,
852,,396.08,892.34,,395.6202981335611,114.26502774607017,,
853,,550.79,1169.69,,717.0968319752733,114.08722777733935,,
854,,646.46,1096.12,,622.5748086995674,114.08686148531159,,
855,,196.04,654.83,,641.0887044782509,113.84504869330092,,
856,,920.61,1008.71,,564.4025234885831,113.777689814233,,
857,,690.83,950.88,,730.3359476281734,113.77139576995614,,
858,,418.03,654.56,,1026.6356376173094,113.47269176015574,,
859,,344.0,654.88,,670.08779656211,113.36242852100722,,
860,,616.54,626.95,,1515.915099245372,113.28429789387773,,
861,,572.34,1152.3,,486.6604291590387,113.03481041216062,,
862,y4-(H2O)(1+),358.62,645.52,a7-(NH3)(1+),793.9378601389335,113.0033530466368,3.0,0.488
,y4-(NH3)(1+),358.62,645.52,a7-(NH3)(1+),793.9378601389335,113.0033530466368,3.0,0.589
863,,408.42,646.67,,683.9311062540212,112.99964142021261,,
864,,656.05,810.2,,1308.153169492026,112.86996112168885,,
865,,298.32,654.93,,1532.4094717336177,112.52514937996011,,
866,,654.09,718.34,,290.7955257492473,112.50565884174455,,
867,,348.44,617.2,,491.2866716613329,112.48830507252293,,
868,,648.74,756.71,,557.2437754358235,112.0241397074901,,
869,,622.49,646.26,,1668.4677662517386,111.98025708560165,,
870,,234.28,655.2,,737.073007444116,111.81426572152921,,
871,,523.3,598.14,,910.459377922158,111.22845897207996,,
872,,580.81,920.23,,613.3691104932236,110.92512458152808,,
873,,395.17,598.21,,463.8436972128902,110.81312042392881,,
874,,309.04,654.91,,491.4534996255001,110.32438279298559,,
875,,327.89,429.14,,479.0599575634058,110.19943229919923,,
876,,648.45,747.94,,1067.5873977348879,109.84390354762338,,
877,y7-(H2O)-(HN=C=NH)(1+),576.64,654.5,b7-(H2O)-(NH3)(1+),1180.101321061995,109.76833716275733,2.0,1.018
878,,599.37,950.9,,384.4628594246278,109.46443564145929,,
879,,675.06,951.24,,401.8173330830292,109.2566341718708,,
880,,376.41,476.05,,536.0892304068229,108.45322059838729,,
881,,646.25,821.74,,387.0440287370772,107.1622969333618,,
882,,433.0,1135.28,,296.33238088229325,107.07516552130762,,
883,,486.44,1152.36,,271.05771668379174,107.05064610882684,,
884,a4(1+),348.75,359.77,y4-(NH3)(1+),298.8239785567313,106.85198027067376,2.5,0.841
885,,646.7,960.28,,439.5630626740259,106.25378780846863,,
886,,495.03,655.47,,1485.1523782637432,105.56886892259112,,
887,,641.69,982.97,,756.8663540176307,105.07840249977998,,
888,,302.7,598.3,,583.5461484269387,104.89042109938772,,
889,,549.57,1134.51,,376.08665266279604,104.84841107837777,,
890,,341.68,626.09,,250.22340053279814,104.40853801172845,,
891,,270.09,627.18,,421.1308956367525,104.35344787917892,,
892,x4(1+),403.97,627.73,a7-(H2O)-(NH3)(1+),1038.6601415438463,103.05588711609916,5.0,0.483
893,,618.98,951.38,,639.5756625616264,102.2350082575249,,
894,,627.6,903.44,,547.6716260486025,102.19657868480249,,
895,,395.83,1151.64,,526.490987106194,102.13011138609623,,
896,,598.34,848.85,,410.34276567918926,102.03634425381645,,
897,,657.13,923.74,,309.4944827096904,101.99803293139077,,
898,,639.13,856.03,,597.5245544075763,101.8624650648322,,
899,,636.67,700.75,,316.13657394810815,101.6220762606242,,
900,,522.15,1170.71,,400.5055225277079,101.60051529291566,,
901,,347.47,1153.71,,595.0029968074456,101.30126485095154,,
902,,561.28,607.24,,279.209093514436,101.17940069360718,,
903,,790.28,934.77,,352.7450239498755,101.03486302753109,,
904,,346.94,599.34,,511.37997329814544,100.7759178060906,,
905,,599.41,618.95,,531.1459456210634,100.7326132294562,,
906,,413.48,425.12,,706.062329694512,100.48333186492874,,
907,,289.64,647.47,,647.078664149525,100.43029933464018,,
908,,467.81,607.98,,823.603016686685,100.31004184703174,,
909,,804.67,833.02,,162.71644700108146,100.06722854660843,,
910,,476.03,951.66,,520.3203626053659,99.95513294644572,,
911,,618.37,1049.34,,240.09408002647933,99.86622941061226,,
912,,951.55,1172.77,,369.1678401001488,99.39275899150678,,
913,,301.26,646.41,,838.3436482102264,99.04699938652402,,
914,,244.31,617.52,,437.3250352772187,98.85573746754363,,
915,,654.91,1110.39,,375.6975755652103,98.224914667555,,
916,,952.57,1008.4,,402.10304415966505,97.8477611200587,,
917,,306.78,482.77,,386.33637970131036,97.67396193994509,,
918,,654.61,1094.89,,575.4955105047228,97.60727336556609,,
919,,589.72,635.67,,1071.6554341471517,97.51372954003358,,
920,,588.05,625.21,,261.1974799324509,97.14392364141011,,
921,,847.3,1067.34,,331.40554756712396,96.95874690259367,,
922,x5(1+),550.82,627.72,a7-(H2O)-(NH3)(1+),757.7123626807271,96.73001375068301,5.0,0.608
923,,400.04,647.49,,674.4823032146986,95.73085299348236,,
924,,505.35,654.1,,457.0597490432335,94.96796057498689,,
925,,382.93,656.81,,493.18532246557436,94.47629553105266,,
926,,598.19,627.63,,934.605219715235,93.81418306442585,,
927,,646.96,691.73,,842.2498043235292,93.7814031919764,,
928,,375.65,635.05,,1009.5668006451941,93.64836730724863,,
929,,607.45,846.57,,454.78722837999294,93.33983272737632,,
930,,833.72,936.05,,203.11973832422663,91.96198077082438,,
931,,348.0,635.22,,952.3311899345933,91.91882016599037,,
932,y3-(NH3)(1+),302.39,626.88,a7-(H2O)-(NH3)(1+),612.5134168506515,91.69007535332288,3.5,0.484
,z3(1+),302.39,626.88,a7-(H2O)-(NH3)(1+),612.5134168506515,91.69007535332288,5.0,0.484
933,,1153.08,1171.75,,468.0022371627942,90.07414899998582,,
934,,467.83,648.3,,587.2470965513223,89.62101545755588,,
935,,405.69,617.95,,466.48342020842796,89.47291857666615,,
936,,655.86,962.75,,442.73124945152887,89.1148107789568,,
937,,476.0,1007.93,,289.89651453284444,88.65434965689573,,
938,,551.76,656.36,,1283.8409816067367,88.29679706695956,,
939,,531.35,654.84,,302.2336594396106,87.72428452585268,,
940,,804.59,848.45,,244.19958112536293,86.4130761234353,,
941,,549.63,934.35,,538.0419766374132,86.37081034319583,,
942,,656.15,886.71,,456.949059723859,85.6609316269197,,
943,,541.35,935.18,,302.56331914198915,84.63956384740943,,
944,,609.46,646.62,,1068.9390767960513,83.75954881115376,,
945,,598.69,1084.43,,360.9285935273036,83.73114716431999,,
946,x6-(HN=C=NH)(1+),566.52,654.6,b7-(H2O)-(NH3)(1+),632.9528094550826,83.37438936450621,5.0,0.747
947,,647.31,849.17,,433.1799984172294,82.86638238015522,,
948,,655.34,795.61,,638.7525181453223,82.47911143779626,,
949,,935.06,1170.78,,434.5012530760919,81.76564050071494,,
950,,1124.19,1170.3,,225.7713547090614,81.33142584502349,,
951,,332.49,646.3,,364.36569092057965,80.74622488283809,,
952,,655.03,840.8,,675.1864510252822,80.60538240568285,,
953,,615.69,1152.97,,524.8837919747837,79.66938786014764,,
954,,427.22,654.49,,412.01497972904804,79.57924501800878,,
955,,523.61,617.46,,395.39115742475354,78.55361505178166,,
956,,618.74,638.7,,628.3409993902833,77.79030378756896,,
957,,656.76,818.61,,492.48411198856724,77.30778225546781,,
958,,206.63,654.92,,408.9862819452122,76.74782850938483,,
959,,630.68,645.83,,825.9775931404696,75.57801836105153,,
960,,645.95,1066.42,,603.2664175787661,74.73484543901948,,
961,,656.78,691.75,,550.4468553331657,73.20347143767917,,
962,,645.71,1123.62,,486.7057525350005,72.78120228542961,,
963,,644.89,654.24,,405.3474041782453,72.34920227968463,,
964,,655.78,866.85,,385.1420938056907,71.72450364899734,,
965,,654.56,941.57,,349.1442522697262,71.05336938331122,,
966,,481.25,654.47,,410.64336900578394,67.55442355464442,,
967,,357.2,656.06,,282.5715395640011,64.7022367222037,,
968,,648.4,934.76,,726.1314562771128,63.021462456475874,,
969,,590.89,617.29,,153.9546634705141,59.299182942120396,,
970,,432.62,635.58,,634.4611961840698,58.27455809130926,,
971,,646.68,950.9,,276.36656693035826,58.266165278759296,,
972,,636.71,935.43,,393.99396513963245,56.160101119543036,,
973,,654.57,895.69,,492.08076866084195,55.76928959985738,,
974,,461.57,656.45,,200.86137353693485,54.90262259385649,,
975,,645.83,1172.37,,379.7197610272263,54.78691695665356,,
976,,627.05,1067.74,,180.24312584656874,52.5422821311726,,
977,,636.33,951.65,,318.9040248274225,51.66754105555378,,
978,,656.11,730.35,,280.1342792592908,51.52559993989857,,
979,,654.21,1169.94,,266.6654178214942,49.79505983557229,,
980,,637.03,659.47,,338.9964213983647,49.44210759107064,,
981,,424.04,647.11,,266.6154954055927,48.5287726238177,,
982,,656.8,905.38,,225.33939646059773,46.410765361356724,,
983,,655.81,1125.75,,404.7370641277336,43.691660896804926,,
984,,331.01,626.58,,134.17810309077097,42.911457480019536,,
985,,655.8,1078.2,,81.82221348076747,42.65159039961364,,
986,,626.25,654.17,,205.47701451825574,39.510845492977616,,
987,,656.52,950.88,,169.91219839348238,38.984843426164076,,
